{"type":"FeatureCollection", "features": [
{"type":"Feature","geometry":{"type":"Polygon","coordinates":[[[-89.653289,39.717162],[-89.653288,39.717076],[-89.653288,39.717057],[-89.653277,39.716038],[-89.653274,39.715699],[-89.653269,39.715327],[-89.653269,39.715286],[-89.653255,39.714049],[-89.653251,39.713637],[-89.652838,39.71364],[-89.651601,39.713652],[-89.651189,39.713656],[-89.650594,39.713661],[-89.649851,39.713669],[-89.649754,39.71367],[-89.649666,39.713671],[-89.648812,39.713685],[-89.648553,39.71369],[-89.648219,39.713694],[-89.648182,39.713694],[-89.648072,39.713695],[-89.648036,39.713696],[-89.647945,39.713697],[-89.647797,39.713699],[-89.647674,39.7137],[-89.647584,39.713701],[-89.647279,39.713704],[-89.646601,39.713711],[-89.646472,39.713713],[-89.646306,39.713715],[-89.646211,39.713715],[-89.645926,39.713719],[-89.645833,39.713721],[-89.645461,39.713725],[-89.644347,39.713736],[-89.643976,39.713741],[-89.643679,39.713744],[-89.643371,39.713747],[-89.641954,39.713763],[-89.641482,39.713769],[-89.641079,39.713773],[-89.639871,39.713787],[-89.639469,39.713792],[-89.639158,39.713795],[-89.638228,39.713806],[-89.637918,39.713811],[-89.63722,39.713819],[-89.636677,39.713826],[-89.635126,39.713846],[-89.634429,39.713855],[-89.634346,39.713855],[-89.633654,39.713854],[-89.633527,39.713854],[-89.632485,39.71389],[-89.631949,39.713908],[-89.631814,39.713913],[-89.63133,39.713924],[-89.630556,39.713942],[-89.630522,39.713942],[-89.630495,39.713943],[-89.630421,39.713944],[-89.630388,39.713945],[-89.630182,39.71395],[-89.629984,39.713955],[-89.629856,39.713958],[-89.629834,39.713958],[-89.629771,39.713959],[-89.62975,39.71396],[-89.629748,39.713862],[-89.629651,39.71386],[-89.629442,39.713863],[-89.629446,39.713967],[-89.629134,39.713975],[-89.629078,39.713977],[-89.629022,39.71398],[-89.628948,39.713985],[-89.628864,39.713992],[-89.628758,39.714004],[-89.628739,39.714007],[-89.628493,39.714049],[-89.628292,39.714097],[-89.6282,39.714125],[-89.628057,39.714169],[-89.628019,39.714184],[-89.627832,39.714257],[-89.627618,39.71436],[-89.627589,39.714376],[-89.627449,39.714457],[-89.62729,39.714563],[-89.627141,39.714677],[-89.626977,39.714826],[-89.626831,39.714985],[-89.626704,39.715153],[-89.626648,39.71524],[-89.626585,39.715342],[-89.626341,39.715744],[-89.625431,39.715413],[-89.625315,39.715366],[-89.625151,39.715285],[-89.625023,39.715206],[-89.624906,39.715118],[-89.624615,39.714881],[-89.624004,39.714382],[-89.623911,39.714314],[-89.623786,39.714245],[-89.623673,39.714199],[-89.623553,39.714164],[-89.623404,39.714137],[-89.623302,39.714129],[-89.623207,39.714128],[-89.623146,39.71413],[-89.618348,39.714269],[-89.617513,39.714293],[-89.617309,39.714303],[-89.617027,39.714331],[-89.616795,39.714366],[-89.616702,39.714384],[-89.616107,39.714501],[-89.616001,39.714524],[-89.615793,39.714582],[-89.615774,39.714588],[-89.615685,39.714617],[-89.615595,39.714649],[-89.615491,39.714686],[-89.615161,39.714817],[-89.614894,39.714938],[-89.614635,39.715068],[-89.61415,39.715354],[-89.614016,39.715446],[-89.613866,39.715549],[-89.613733,39.71565],[-89.613447,39.715871],[-89.613383,39.715921],[-89.613306,39.715979],[-89.613152,39.716083],[-89.61299,39.716178],[-89.612854,39.716247],[-89.612674,39.716326],[-89.612631,39.716341],[-89.612449,39.716409],[-89.612216,39.716476],[-89.611977,39.716527],[-89.611732,39.716563],[-89.61124,39.716617],[-89.611214,39.716619],[-89.611172,39.716623],[-89.611052,39.716633],[-89.610709,39.716662],[-89.610575,39.716672],[-89.610362,39.716688],[-89.610153,39.716704],[-89.609596,39.716735],[-89.609361,39.716744],[-89.60923,39.71675],[-89.608824,39.716763],[-89.608657,39.716769],[-89.608602,39.716771],[-89.608423,39.716777],[-89.608343,39.716779],[-89.608103,39.716788],[-89.608024,39.716791],[-89.607697,39.716802],[-89.607493,39.716818],[-89.607325,39.716844],[-89.607161,39.716882],[-89.607001,39.716931],[-89.606849,39.716991],[-89.606767,39.71703],[-89.606676,39.717076],[-89.606541,39.717158],[-89.60649,39.717194],[-89.606384,39.717277],[-89.606371,39.717288],[-89.606263,39.71739],[-89.606211,39.717449],[-89.606167,39.7175],[-89.606114,39.717573],[-89.606085,39.717615],[-89.606042,39.717687],[-89.605984,39.717807],[-89.605954,39.717888],[-89.605939,39.717929],[-89.605904,39.71808],[-89.605891,39.718207],[-89.605874,39.718539],[-89.605871,39.718597],[-89.605864,39.718759],[-89.605858,39.718874],[-89.605853,39.718984],[-89.60585,39.719054],[-89.605842,39.719144],[-89.605838,39.719186],[-89.605831,39.719221],[-89.605812,39.719336],[-89.60581,39.719349],[-89.605774,39.719481],[-89.605767,39.71951],[-89.605695,39.7197],[-89.605602,39.719884],[-89.605488,39.720062],[-89.605431,39.720134],[-89.605378,39.720203],[-89.605256,39.720338],[-89.605092,39.72049],[-89.604912,39.720631],[-89.60475,39.720738],[-89.604544,39.720855],[-89.60447,39.72089],[-89.604362,39.720941],[-89.604172,39.721017],[-89.60404,39.721064],[-89.603437,39.721285],[-89.603118,39.721401],[-89.602741,39.721539],[-89.602279,39.721707],[-89.602161,39.721749],[-89.60181,39.721878],[-89.60173,39.721909],[-89.601694,39.721923],[-89.60162,39.721953],[-89.601465,39.722031],[-89.60141,39.722066],[-89.601343,39.722109],[-89.601276,39.722159],[-89.601153,39.722267],[-89.6011,39.722326],[-89.601047,39.722387],[-89.600974,39.722493],[-89.600903,39.722626],[-89.60086,39.722742],[-89.600832,39.722861],[-89.600819,39.722981],[-89.600819,39.723095],[-89.600833,39.723238],[-89.600862,39.72338],[-89.600917,39.723547],[-89.600884,39.72363],[-89.600864,39.723715],[-89.600863,39.72373],[-89.600859,39.723819],[-89.600862,39.723853],[-89.600914,39.724304],[-89.600918,39.724337],[-89.600933,39.724496],[-89.600938,39.724591],[-89.600947,39.724834],[-89.600942,39.724995],[-89.600922,39.725128],[-89.600893,39.725237],[-89.600887,39.72526],[-89.600826,39.725414],[-89.600766,39.725525],[-89.600745,39.725563],[-89.600707,39.72562],[-89.600698,39.725634],[-89.600673,39.72567],[-89.600574,39.72581],[-89.600549,39.725843],[-89.600461,39.725939],[-89.600371,39.726003],[-89.600279,39.726073],[-89.600207,39.726114],[-89.60018,39.72613],[-89.600098,39.726178],[-89.600071,39.726194],[-89.600007,39.726231],[-89.599817,39.726342],[-89.599754,39.72638],[-89.599674,39.726426],[-89.59964,39.726446],[-89.599619,39.726458],[-89.599562,39.726492],[-89.599545,39.726501],[-89.599507,39.726523],[-89.599434,39.726558],[-89.599352,39.726598],[-89.599334,39.726607],[-89.5993,39.726619],[-89.599181,39.726666],[-89.598793,39.726327],[-89.598478,39.726475],[-89.59843,39.726484],[-89.598021,39.726176],[-89.598019,39.726193],[-89.597614,39.726277],[-89.597357,39.726205],[-89.597436,39.72626],[-89.597464,39.726331],[-89.597378,39.726441],[-89.597229,39.726496],[-89.596973,39.726567],[-89.596874,39.726628],[-89.596824,39.726699],[-89.596817,39.726787],[-89.596839,39.726835],[-89.596122,39.726851],[-89.595949,39.726856],[-89.595277,39.726871],[-89.595059,39.726877],[-89.594157,39.726898],[-89.593971,39.726902],[-89.593255,39.726919],[-89.592462,39.726938],[-89.59236,39.72694],[-89.589677,39.727002],[-89.588783,39.727024],[-89.58835,39.727034],[-89.587579,39.727052],[-89.587052,39.727064],[-89.58662,39.727074],[-89.586359,39.72708],[-89.585576,39.727098],[-89.585361,39.727104],[-89.58534,39.727104],[-89.585316,39.727104],[-89.585207,39.727113],[-89.585052,39.72714],[-89.584902,39.727183],[-89.584793,39.727228],[-89.584762,39.727242],[-89.584655,39.727303],[-89.584566,39.727361],[-89.58453,39.727385],[-89.584384,39.727492],[-89.584362,39.727511],[-89.584058,39.727769],[-89.583885,39.727905],[-89.583697,39.728028],[-89.58353,39.728122],[-89.583466,39.728152],[-89.583356,39.728206],[-89.582974,39.728376],[-89.58288,39.728418],[-89.582861,39.728426],[-89.582843,39.728433],[-89.582461,39.728599],[-89.582321,39.728656],[-89.582033,39.728774],[-89.581853,39.728848],[-89.581676,39.728927],[-89.581511,39.72902],[-89.581384,39.729107],[-89.581245,39.729223],[-89.58123,39.729237],[-89.581119,39.729352],[-89.581026,39.729471],[-89.581004,39.729347],[-89.58094,39.728976],[-89.580919,39.728853],[-89.580857,39.728854],[-89.580672,39.728858],[-89.580611,39.72886],[-89.580602,39.728998],[-89.580567,39.729081],[-89.580439,39.7293],[-89.580357,39.729371],[-89.580162,39.729542],[-89.579927,39.729646],[-89.579707,39.729767],[-89.579522,39.72991],[-89.579152,39.730118],[-89.578862,39.730305],[-89.578847,39.730316],[-89.578641,39.730415],[-89.57847,39.730464],[-89.578305,39.73047],[-89.578255,39.730472],[-89.578262,39.731474],[-89.579247,39.731635],[-89.579063,39.731878],[-89.578335,39.732837],[-89.573814,39.732869],[-89.573551,39.73287],[-89.573553,39.732971],[-89.573554,39.733011],[-89.573323,39.733056],[-89.573087,39.733074],[-89.57284,39.733122],[-89.572648,39.733166],[-89.572506,39.733254],[-89.572328,39.733386],[-89.572207,39.733545],[-89.572193,39.733688],[-89.572243,39.733869],[-89.572364,39.734],[-89.572549,39.734094],[-89.57265,39.734136],[-89.572665,39.734142],[-89.57284,39.734214],[-89.573092,39.73435],[-89.573164,39.734435],[-89.573231,39.734582],[-89.573267,39.734703],[-89.573251,39.734748],[-89.573231,39.734807],[-89.573199,39.734846],[-89.573132,39.734928],[-89.57299,39.735054],[-89.572703,39.735345],[-89.572321,39.735735],[-89.571959,39.736031],[-89.571873,39.736114],[-89.57166,39.736322],[-89.57153,39.736439],[-89.571319,39.73663],[-89.571201,39.736816],[-89.571099,39.737003],[-89.571049,39.737311],[-89.571035,39.73749],[-89.571021,39.737667],[-89.570964,39.738041],[-89.570914,39.73826],[-89.570836,39.738425],[-89.570737,39.738507],[-89.570573,39.738579],[-89.570438,39.738661],[-89.570331,39.738743],[-89.570147,39.739012],[-89.570083,39.739205],[-89.57004,39.739364],[-89.570004,39.739567],[-89.570026,39.739704],[-89.570104,39.739902],[-89.570161,39.740006],[-89.570133,39.740248],[-89.570069,39.740324],[-89.569884,39.740462],[-89.569443,39.740698],[-89.569251,39.740736],[-89.568767,39.740769],[-89.56849,39.740813],[-89.568248,39.740912],[-89.567914,39.741104],[-89.567751,39.741247],[-89.567573,39.741434],[-89.567505,39.741531],[-89.567438,39.741626],[-89.567324,39.741851],[-89.567467,39.742031],[-89.567603,39.742183],[-89.567703,39.742294],[-89.568108,39.742695],[-89.568932,39.743359],[-89.569092,39.743542],[-89.569176,39.743664],[-89.569321,39.743996],[-89.569427,39.744293],[-89.569542,39.744671],[-89.569702,39.745342],[-89.56987,39.74567],[-89.569962,39.745827],[-89.570068,39.745968],[-89.570435,39.746395],[-89.570489,39.746466],[-89.570732,39.746784],[-89.57103,39.747246],[-89.571236,39.747578],[-89.571229,39.747729],[-89.571261,39.747793],[-89.57135,39.74798],[-89.571397,39.74807],[-89.571511,39.748301],[-89.571629,39.748579],[-89.571649,39.748622],[-89.57166,39.748645],[-89.571813,39.749125],[-89.571849,39.749264],[-89.571859,39.749405],[-89.571856,39.749511],[-89.571833,39.749615],[-89.571824,39.749637],[-89.571781,39.749752],[-89.571728,39.749849],[-89.571666,39.749943],[-89.571638,39.74997],[-89.571621,39.74999],[-89.57155,39.749985],[-89.571687,39.750022],[-89.571608,39.750158],[-89.571359,39.750377],[-89.571242,39.750436],[-89.571074,39.75052],[-89.570676,39.75069],[-89.570484,39.750762],[-89.569908,39.750981],[-89.569396,39.751217],[-89.569083,39.75147],[-89.568856,39.751794],[-89.568742,39.75203],[-89.568649,39.752387],[-89.568564,39.75293],[-89.56845,39.753254],[-89.568351,39.753397],[-89.568116,39.753556],[-89.567846,39.753677],[-89.567767,39.7537],[-89.567149,39.753891],[-89.56653,39.754067],[-89.566393,39.754139],[-89.566975,39.754358],[-89.568725,39.755017],[-89.568918,39.755088],[-89.569311,39.755217],[-89.569506,39.755274],[-89.569836,39.755361],[-89.57017,39.755436],[-89.570479,39.755495],[-89.570508,39.755501],[-89.570918,39.755564],[-89.570946,39.755748],[-89.570954,39.755803],[-89.570963,39.755845],[-89.570996,39.755925],[-89.57105,39.755999],[-89.571121,39.756063],[-89.572791,39.757287],[-89.572982,39.757433],[-89.57322,39.757634],[-89.573443,39.757846],[-89.573548,39.757955],[-89.573566,39.757976],[-89.573605,39.758024],[-89.573667,39.758102],[-89.573689,39.758138],[-89.573735,39.758214],[-89.573789,39.758332],[-89.573728,39.758332],[-89.573714,39.75833],[-89.572914,39.758323],[-89.569645,39.758296],[-89.569351,39.758294],[-89.569371,39.759984],[-89.569437,39.765538],[-89.570985,39.76557],[-89.5716,39.765582],[-89.572154,39.765594],[-89.572397,39.765599],[-89.572685,39.765605],[-89.572934,39.76561],[-89.573219,39.765616],[-89.573467,39.765621],[-89.573686,39.765625],[-89.573971,39.765623],[-89.574869,39.76562],[-89.576913,39.765614],[-89.577552,39.765608],[-89.577556,39.765999],[-89.577557,39.766073],[-89.577947,39.766073],[-89.578626,39.766072],[-89.578637,39.766672],[-89.578648,39.767327],[-89.57865,39.767429],[-89.57865,39.767498],[-89.577921,39.767501],[-89.577247,39.767505],[-89.577255,39.76811],[-89.577914,39.768111],[-89.578655,39.76813],[-89.578664,39.769225],[-89.578794,39.769221],[-89.578794,39.76926],[-89.578798,39.769662],[-89.578801,39.770074],[-89.578803,39.770291],[-89.578804,39.770491],[-89.578807,39.77079],[-89.578867,39.771982],[-89.578923,39.772602],[-89.578938,39.772688],[-89.578974,39.772788],[-89.57902,39.772868],[-89.579092,39.772959],[-89.579182,39.77304],[-89.579287,39.773109],[-89.579306,39.773119],[-89.579388,39.773162],[-89.58002,39.773498],[-89.580089,39.773542],[-89.580158,39.773605],[-89.580209,39.773677],[-89.580227,39.773723],[-89.580237,39.773751],[-89.580242,39.773816],[-89.580232,39.773879],[-89.580225,39.773896],[-89.580057,39.774397],[-89.579901,39.774538],[-89.58077,39.775063],[-89.580794,39.775081],[-89.581465,39.7755],[-89.583112,39.776509],[-89.583894,39.776987],[-89.583782,39.777134],[-89.584839,39.777725],[-89.586544,39.778745],[-89.588864,39.780131],[-89.588808,39.780203],[-89.588764,39.78027],[-89.588725,39.780331],[-89.588653,39.780462],[-89.58864,39.780495],[-89.588623,39.780566],[-89.588594,39.780777],[-89.588613,39.781025],[-89.588628,39.781201],[-89.588644,39.781271],[-89.588649,39.781287],[-89.588726,39.781546],[-89.588756,39.781613],[-89.588881,39.781952],[-89.588995,39.782108],[-89.589098,39.782179],[-89.589453,39.782406],[-89.589569,39.782505],[-89.589605,39.782536],[-89.589659,39.782593],[-89.589881,39.782907],[-89.589998,39.783137],[-89.590019,39.783169],[-89.590062,39.783269],[-89.590092,39.783373],[-89.590118,39.783514],[-89.59011,39.783548],[-89.590109,39.783619],[-89.590095,39.783688],[-89.590094,39.783723],[-89.590058,39.783861],[-89.58999,39.783993],[-89.589945,39.784055],[-89.589891,39.784112],[-89.58987,39.784143],[-89.589811,39.784197],[-89.589746,39.784249],[-89.589536,39.784388],[-89.589381,39.784464],[-89.589307,39.784505],[-89.589265,39.78452],[-89.589151,39.784632],[-89.589104,39.784731],[-89.589093,39.784766],[-89.589092,39.784852],[-89.589096,39.784888],[-89.589112,39.784921],[-89.589203,39.785046],[-89.589366,39.78517],[-89.589501,39.785265],[-89.589667,39.785329],[-89.589755,39.785353],[-89.59001,39.785437],[-89.590174,39.785507],[-89.590248,39.78555],[-89.590404,39.785628],[-89.59044,39.785651],[-89.590579,39.785803],[-89.590654,39.785884],[-89.590699,39.785945],[-89.590717,39.785978],[-89.590773,39.786114],[-89.590782,39.786184],[-89.590792,39.786358],[-89.590758,39.786852],[-89.590703,39.78717],[-89.590667,39.787331],[-89.590618,39.787548],[-89.590589,39.787651],[-89.590552,39.787715],[-89.590541,39.787749],[-89.590504,39.787812],[-89.590491,39.787846],[-89.590447,39.787908],[-89.590405,39.78797],[-89.59037,39.788035],[-89.590271,39.788154],[-89.590165,39.788271],[-89.590097,39.788318],[-89.589985,39.78838],[-89.589903,39.788413],[-89.589817,39.788441],[-89.589119,39.788635],[-89.588831,39.788719],[-89.588683,39.788763],[-89.588604,39.788801],[-89.588401,39.788888],[-89.588286,39.788947],[-89.588258,39.788962],[-89.588055,39.789067],[-89.587867,39.789171],[-89.587725,39.789263],[-89.587651,39.789306],[-89.587199,39.789615],[-89.587083,39.789673],[-89.586962,39.789725],[-89.586879,39.789756],[-89.586799,39.789792],[-89.586723,39.789833],[-89.586565,39.789906],[-89.586388,39.790023],[-89.586327,39.790076],[-89.586134,39.790229],[-89.586013,39.790335],[-89.585718,39.790605],[-89.585539,39.790721],[-89.5855,39.790739],[-89.585351,39.790823],[-89.585306,39.790834],[-89.585225,39.790866],[-89.585097,39.790906],[-89.585009,39.790928],[-89.58478,39.790965],[-89.584642,39.79098],[-89.584596,39.790977],[-89.584414,39.790984],[-89.584322,39.790984],[-89.584277,39.790989],[-89.58414,39.790995],[-89.584048,39.790992],[-89.583682,39.791006],[-89.583591,39.791014],[-89.583545,39.791011],[-89.583454,39.791018],[-89.583363,39.791035],[-89.58323,39.791066],[-89.583152,39.791103],[-89.583079,39.791168],[-89.583006,39.791233],[-89.582921,39.791337],[-89.582849,39.791463],[-89.582864,39.791595],[-89.582985,39.791804],[-89.583063,39.791897],[-89.583291,39.792127],[-89.58339,39.792314],[-89.583469,39.792501],[-89.583462,39.79266],[-89.583412,39.792814],[-89.583149,39.793187],[-89.582962,39.793331],[-89.582842,39.793424],[-89.582722,39.793516],[-89.582498,39.793664],[-89.582274,39.793813],[-89.58216,39.793906],[-89.581989,39.794073],[-89.586447,39.794015],[-89.586814,39.794167],[-89.586814,39.794193],[-89.586785,39.801159],[-89.586803,39.802242],[-89.586963,39.802238],[-89.587695,39.802246],[-89.588291,39.802254],[-89.588676,39.802241],[-89.58891,39.802241],[-89.589095,39.802224],[-89.589472,39.802131],[-89.589732,39.802118],[-89.589779,39.802119],[-89.589374,39.80223],[-89.589244,39.802339],[-89.58829,39.802656],[-89.587767,39.802842],[-89.587412,39.802999],[-89.587487,39.803102],[-89.587626,39.803294],[-89.587698,39.803394],[-89.587797,39.80353],[-89.587817,39.803557],[-89.58816,39.803396],[-89.588297,39.803332],[-89.58939,39.802837],[-89.590366,39.802557],[-89.59139,39.802503],[-89.591518,39.802496],[-89.59159,39.802492],[-89.591612,39.802491],[-89.591746,39.802533],[-89.59219,39.802674],[-89.59231,39.802724],[-89.592426,39.802778],[-89.592538,39.802838],[-89.592619,39.802893],[-89.592804,39.80302],[-89.592944,39.803128],[-89.593074,39.803251],[-89.593197,39.803369],[-89.593553,39.803711],[-89.593618,39.803826],[-89.593679,39.803923],[-89.593732,39.804024],[-89.593774,39.80412],[-89.593808,39.804217],[-89.593835,39.804316],[-89.593854,39.804416],[-89.593865,39.804517],[-89.593868,39.804618],[-89.593865,39.804701],[-89.593856,39.804784],[-89.593842,39.804867],[-89.593823,39.804949],[-89.593793,39.805127],[-89.593718,39.805394],[-89.593665,39.805588],[-89.593485,39.806214],[-89.593876,39.806277],[-89.594173,39.806329],[-89.593938,39.807149],[-89.59372,39.807996],[-89.593605,39.808516],[-89.593478,39.809145],[-89.593419,39.809489],[-89.593382,39.809713],[-89.593275,39.810636],[-89.593243,39.81091],[-89.593237,39.811062],[-89.59321,39.81144],[-89.593189,39.811663],[-89.593183,39.812487],[-89.593102,39.813533],[-89.593081,39.814492],[-89.593027,39.815808],[-89.592998,39.816488],[-89.592987,39.816757],[-89.592912,39.818528],[-89.592884,39.819209],[-89.592852,39.820167],[-89.592767,39.822793],[-89.592763,39.823039],[-89.592755,39.823396],[-89.592757,39.823997],[-89.592805,39.825403],[-89.592817,39.825622],[-89.592979,39.827426],[-89.593001,39.827664],[-89.593193,39.830744],[-89.59324,39.831345],[-89.593248,39.831544],[-89.593311,39.831878],[-89.59334,39.832338],[-89.593429,39.833722],[-89.593459,39.834184],[-89.59353,39.834756],[-89.593547,39.834897],[-89.593565,39.835294],[-89.593581,39.83557],[-89.59424,39.843511],[-89.594306,39.844259],[-89.594427,39.845714],[-89.594439,39.845893],[-89.594441,39.845919],[-89.594454,39.84608],[-89.594459,39.846142],[-89.594545,39.847248],[-89.594857,39.851238],[-89.594962,39.852569],[-89.595036,39.853279],[-89.595522,39.859621],[-89.595591,39.860201],[-89.595618,39.860589],[-89.595798,39.863172],[-89.5959,39.864256],[-89.596195,39.868233],[-89.596336,39.869953],[-89.596449,39.871445],[-89.596495,39.871442],[-89.597236,39.871388],[-89.597484,39.871371],[-89.597488,39.871389],[-89.5975,39.871446],[-89.597504,39.871465],[-89.597503,39.87154],[-89.597502,39.871616],[-89.5975,39.871742],[-89.597499,39.871787],[-89.597498,39.871868],[-89.599019,39.871785],[-89.599455,39.871656],[-89.60031,39.871252],[-89.601085,39.870703],[-89.602167,39.870073],[-89.602987,39.869888],[-89.603011,39.869967],[-89.603057,39.869968],[-89.603334,39.869962],[-89.603389,39.869992],[-89.603433,39.869992],[-89.603489,39.86999],[-89.603555,39.869984],[-89.603623,39.869968],[-89.603777,39.86994],[-89.60382,39.869927],[-89.603867,39.869913],[-89.603974,39.869884],[-89.604061,39.869857],[-89.604146,39.869833],[-89.604169,39.869826],[-89.604202,39.869822],[-89.604253,39.869814],[-89.604278,39.869807],[-89.604399,39.869809],[-89.60476,39.869854],[-89.605038,39.869915],[-89.605051,39.869923],[-89.605057,39.869932],[-89.605074,39.869944],[-89.605085,39.869948],[-89.605104,39.869952],[-89.605162,39.869955],[-89.605229,39.869958],[-89.605278,39.869963],[-89.605334,39.869973],[-89.605402,39.869989],[-89.605416,39.869994],[-89.605947,39.870174],[-89.606021,39.870196],[-89.606805,39.87042],[-89.606877,39.870435],[-89.607258,39.870365],[-89.608012,39.870193],[-89.608552,39.869989],[-89.608738,39.869747],[-89.60881,39.869303],[-89.60881,39.868939],[-89.608051,39.867326],[-89.607882,39.86672],[-89.607898,39.866235],[-89.608213,39.865872],[-89.608835,39.866066],[-89.609287,39.866477],[-89.609468,39.867437],[-89.609504,39.867431],[-89.609544,39.867429],[-89.609654,39.867425],[-89.609767,39.867469],[-89.609839,39.867497],[-89.60989,39.867534],[-89.61031,39.867679],[-89.610786,39.868075],[-89.611254,39.86952],[-89.611052,39.870972],[-89.611278,39.8714],[-89.611585,39.871594],[-89.611916,39.871675],[-89.612555,39.871579],[-89.61297,39.871639],[-89.613006,39.871546],[-89.61353,39.871207],[-89.613887,39.87091],[-89.613956,39.870884],[-89.613956,39.87087],[-89.613957,39.87083],[-89.613958,39.870817],[-89.613978,39.870804],[-89.614038,39.870768],[-89.614059,39.870756],[-89.614071,39.870768],[-89.614107,39.870804],[-89.614468,39.870664],[-89.6145,39.87065],[-89.614526,39.870632],[-89.615633,39.86988],[-89.615867,39.869722],[-89.616007,39.869637],[-89.617535,39.868711],[-89.618432,39.868419],[-89.622781,39.867207],[-89.625247,39.866402],[-89.626121,39.865483],[-89.626547,39.864317],[-89.626637,39.862725],[-89.627348,39.86127],[-89.629327,39.860259],[-89.63272,39.861482],[-89.632785,39.861474],[-89.632886,39.861463],[-89.632983,39.861463],[-89.63305,39.861463],[-89.633143,39.861463],[-89.633152,39.861418],[-89.633163,39.861339],[-89.633215,39.860887],[-89.633284,39.860556],[-89.633401,39.85906],[-89.633436,39.858796],[-89.633488,39.858403],[-89.633704,39.858403],[-89.63399,39.856376],[-89.634012,39.856203],[-89.634028,39.856029],[-89.634039,39.855855],[-89.634044,39.85568],[-89.634044,39.855648],[-89.634041,39.855423],[-89.634029,39.855199],[-89.634007,39.854963],[-89.633978,39.854752],[-89.633972,39.854713],[-89.633961,39.854646],[-89.633923,39.85441],[-89.6339,39.85435],[-89.63386,39.854206],[-89.633841,39.854138],[-89.633812,39.853995],[-89.633666,39.853124],[-89.633645,39.852931],[-89.633645,39.852867],[-89.633645,39.852752],[-89.633657,39.852619],[-89.633675,39.852477],[-89.633665,39.852417],[-89.633433,39.851004],[-89.63324,39.849819],[-89.632895,39.848573],[-89.632884,39.848536],[-89.63287,39.848477],[-89.632639,39.84721],[-89.632633,39.847173],[-89.632631,39.847082],[-89.632644,39.846991],[-89.63268,39.846885],[-89.632718,39.846814],[-89.632726,39.846801],[-89.6328,39.846708],[-89.632893,39.846624],[-89.632955,39.846571],[-89.633034,39.846483],[-89.633086,39.846402],[-89.633094,39.846383],[-89.63313,39.8463],[-89.63315,39.846212],[-89.633155,39.846122],[-89.633176,39.846021],[-89.633161,39.845932],[-89.633201,39.845853],[-89.633235,39.845765],[-89.633309,39.845681],[-89.633377,39.84562],[-89.633233,39.845622],[-89.633028,39.845623],[-89.633024,39.845609],[-89.633015,39.845581],[-89.632985,39.84548],[-89.633677,39.845183],[-89.634087,39.845007],[-89.634857,39.844833],[-89.635622,39.844712],[-89.635891,39.84467],[-89.636814,39.844596],[-89.637513,39.844547],[-89.638339,39.844498],[-89.63934,39.844445],[-89.639914,39.844391],[-89.640934,39.844304],[-89.641537,39.844212],[-89.641939,39.844121],[-89.642928,39.843948],[-89.643908,39.843662],[-89.644417,39.843482],[-89.644848,39.84333],[-89.645345,39.84312],[-89.646031,39.842806],[-89.646859,39.842358],[-89.647687,39.841873],[-89.647951,39.841706],[-89.64826,39.841511],[-89.649,39.841102],[-89.649885,39.840683],[-89.651671,39.839958],[-89.652807,39.839494],[-89.65571,39.838312],[-89.657388,39.837471],[-89.658986,39.836398],[-89.659284,39.836181],[-89.660465,39.835472],[-89.661189,39.835062],[-89.661329,39.834984],[-89.662483,39.834446],[-89.662547,39.834416],[-89.663613,39.834],[-89.663717,39.833959],[-89.663948,39.833881],[-89.664104,39.833826],[-89.664674,39.833591],[-89.664979,39.833455],[-89.665387,39.833276],[-89.665459,39.833244],[-89.66632,39.832961],[-89.666512,39.832898],[-89.666759,39.832811],[-89.666787,39.832804],[-89.666993,39.832753],[-89.667178,39.83269],[-89.6679,39.832425],[-89.66887,39.832102],[-89.669624,39.831844],[-89.670532,39.831538],[-89.671388,39.831259],[-89.672262,39.83097],[-89.672946,39.83075],[-89.673291,39.83064],[-89.67359,39.830547],[-89.674787,39.830158],[-89.676293,39.82966],[-89.677249,39.829353],[-89.678075,39.829082],[-89.678521,39.828947],[-89.679465,39.828618],[-89.68221,39.827448],[-89.683566,39.82685],[-89.685894,39.825817],[-89.686195,39.825686],[-89.68642,39.82559],[-89.686542,39.825535],[-89.687019,39.825316],[-89.687092,39.825283],[-89.68727,39.825203],[-89.687391,39.825146],[-89.687505,39.825078],[-89.687625,39.825014],[-89.687752,39.824946],[-89.688093,39.824762],[-89.688295,39.824646],[-89.688445,39.824562],[-89.688891,39.824331],[-89.68904,39.824251],[-89.689499,39.824005],[-89.689653,39.823918],[-89.68997,39.82374],[-89.690218,39.823601],[-89.690579,39.82339],[-89.690689,39.823326],[-89.691084,39.823089],[-89.692114,39.822383],[-89.692212,39.82232],[-89.692411,39.822202],[-89.692648,39.822062],[-89.694444,39.820668],[-89.694451,39.820955],[-89.694493,39.820922],[-89.694478,39.820642],[-89.694561,39.820581],[-89.696209,39.819279],[-89.696774,39.818834],[-89.697286,39.818434],[-89.697643,39.818159],[-89.699998,39.816348],[-89.700343,39.816081],[-89.700623,39.815838],[-89.700752,39.815894],[-89.70084,39.815932],[-89.700958,39.81583],[-89.700884,39.8158],[-89.700749,39.815747],[-89.700926,39.81562],[-89.701098,39.8155],[-89.701478,39.815197],[-89.702163,39.814653],[-89.702291,39.81455],[-89.702605,39.814284],[-89.702966,39.813956],[-89.703253,39.813675],[-89.70358,39.813327],[-89.70363,39.813269],[-89.703815,39.813058],[-89.703886,39.81298],[-89.704117,39.812708],[-89.704245,39.812535],[-89.704379,39.812342],[-89.704499,39.812153],[-89.704735,39.811787],[-89.705055,39.811286],[-89.705195,39.810998],[-89.705404,39.810518],[-89.705509,39.810291],[-89.705675,39.809871],[-89.705762,39.809539],[-89.70592,39.808954],[-89.705996,39.808506],[-89.706007,39.808447],[-89.706033,39.808054],[-89.706051,39.807565],[-89.70606,39.807084],[-89.706068,39.806811],[-89.706077,39.806499],[-89.706103,39.805783],[-89.70612,39.805048],[-89.706156,39.803503],[-89.70616,39.802039],[-89.706181,39.801622],[-89.706181,39.801254],[-89.706181,39.800898],[-89.706192,39.800417],[-89.706307,39.795191],[-89.706316,39.794703],[-89.70633,39.793752],[-89.706359,39.793118],[-89.706359,39.792365],[-89.706359,39.792],[-89.706373,39.791551],[-89.706397,39.79094],[-89.706397,39.790438],[-89.706401,39.789989],[-89.706435,39.789042],[-89.706438,39.788858],[-89.706448,39.788289],[-89.706463,39.787681],[-89.706466,39.787573],[-89.706474,39.787329],[-89.706477,39.787271],[-89.706479,39.787217],[-89.7065,39.786708],[-89.706539,39.78578],[-89.706572,39.785383],[-89.706606,39.784975],[-89.706662,39.784403],[-89.706685,39.784105],[-89.706745,39.782491],[-89.706737,39.781828],[-89.706723,39.781468],[-89.706722,39.781076],[-89.70647,39.775852],[-89.706466,39.775769],[-89.706448,39.775395],[-89.706425,39.774908],[-89.706388,39.773953],[-89.706309,39.771901],[-89.706312,39.771597],[-89.706297,39.77137],[-89.706313,39.771077],[-89.706289,39.77031],[-89.706291,39.770045],[-89.706286,39.769615],[-89.706277,39.768815],[-89.706238,39.765126],[-89.70623,39.764444],[-89.706227,39.764209],[-89.706225,39.763956],[-89.706225,39.763897],[-89.70622,39.763816],[-89.706196,39.763402],[-89.706191,39.762227],[-89.706183,39.76181],[-89.706182,39.761521],[-89.706182,39.761442],[-89.706179,39.761241],[-89.706156,39.759537],[-89.706153,39.759245],[-89.706151,39.759101],[-89.706149,39.758969],[-89.706143,39.758525],[-89.706125,39.757195],[-89.706121,39.756878],[-89.70612,39.756752],[-89.706119,39.756724],[-89.706118,39.756645],[-89.706117,39.756603],[-89.706117,39.756592],[-89.706117,39.75658],[-89.706115,39.756518],[-89.706115,39.756479],[-89.706113,39.756339],[-89.706113,39.75628],[-89.706109,39.756082],[-89.706097,39.755488],[-89.706094,39.755291],[-89.706082,39.754982],[-89.706049,39.754057],[-89.706038,39.753749],[-89.706033,39.75362],[-89.706026,39.753427],[-89.706019,39.753235],[-89.706015,39.753125],[-89.706015,39.753107],[-89.706001,39.752678],[-89.70599,39.752331],[-89.705975,39.751846],[-89.705972,39.751406],[-89.705962,39.750005],[-89.705945,39.74923],[-89.705922,39.748798],[-89.705902,39.747646],[-89.70591,39.747128],[-89.705899,39.74699],[-89.705896,39.746955],[-89.705906,39.746859],[-89.705904,39.746807],[-89.705899,39.746699],[-89.705897,39.746653],[-89.705889,39.746598],[-89.705877,39.745857],[-89.705889,39.745551],[-89.705864,39.745109],[-89.705843,39.743918],[-89.705836,39.74262],[-89.705834,39.742493],[-89.70583,39.742298],[-89.704154,39.74193],[-89.702701,39.741756],[-89.702147,39.741702],[-89.699939,39.741696],[-89.695449,39.741708],[-89.69402,39.741722],[-89.693331,39.741729],[-89.693113,39.741729],[-89.687397,39.741748],[-89.686189,39.741748],[-89.685022,39.741758],[-89.684018,39.741774],[-89.682905,39.741784],[-89.681949,39.741779],[-89.68081,39.741777],[-89.678714,39.741804],[-89.678422,39.741737],[-89.677996,39.741716],[-89.677617,39.741696],[-89.677212,39.74166],[-89.677084,39.741649],[-89.677085,39.741774],[-89.676985,39.741772],[-89.675824,39.741625],[-89.675389,39.741558],[-89.674902,39.741461],[-89.6742,39.741322],[-89.673493,39.741169],[-89.672734,39.741015],[-89.67195,39.740861],[-89.671581,39.740805],[-89.6709,39.740708],[-89.670249,39.740646],[-89.66986,39.740631],[-89.669276,39.74061],[-89.668194,39.74064],[-89.667937,39.740669],[-89.667144,39.740743],[-89.666642,39.740815],[-89.66573,39.740989],[-89.665099,39.741117],[-89.664643,39.741246],[-89.66408,39.74141],[-89.663224,39.741666],[-89.663059,39.741715],[-89.66285,39.741789],[-89.66244,39.741901],[-89.662066,39.741989],[-89.661625,39.742091],[-89.661118,39.742178],[-89.660739,39.742234],[-89.660267,39.742296],[-89.659929,39.742332],[-89.659304,39.742393],[-89.658593,39.742408],[-89.658561,39.742409],[-89.658329,39.74243],[-89.658325,39.742236],[-89.658323,39.74213],[-89.658312,39.741324],[-89.658307,39.741041],[-89.658305,39.740943],[-89.658304,39.740835],[-89.658302,39.740732],[-89.6583,39.740629],[-89.658298,39.740526],[-89.658297,39.740423],[-89.658295,39.740319],[-89.658293,39.740217],[-89.65829,39.740011],[-89.658288,39.739909],[-89.658287,39.739806],[-89.658285,39.739702],[-89.658283,39.7396],[-89.658282,39.739497],[-89.65828,39.739394],[-89.658278,39.739303],[-89.658277,39.739188],[-89.658271,39.738858],[-89.658269,39.737765],[-89.658267,39.73556],[-89.658096,39.72787],[-89.653463,39.727869],[-89.653397,39.726178],[-89.653375,39.724449],[-89.653373,39.724256],[-89.653372,39.724189],[-89.653364,39.723558],[-89.653337,39.721464],[-89.653329,39.720766],[-89.653321,39.720092],[-89.653299,39.71807],[-89.653292,39.717397],[-89.653289,39.717162]]]},"properties":{"ID":1,"DISTRICT":"1","DISTRICTN":1}},
{"type":"Feature","geometry":{"type":"Polygon","coordinates":[[[-89.994405,39.87286],[-89.994371,39.865369],[-89.994389,39.858104],[-89.994362,39.854489],[-89.994271,39.843629],[-89.994271,39.843581],[-89.994138,39.829084],[-89.994137,39.829042],[-89.994071,39.821825],[-89.994054,39.820692],[-89.99384,39.805993],[-89.993656,39.793384],[-89.993646,39.79273],[-89.993607,39.79002],[-89.993579,39.787904],[-89.993539,39.785393],[-89.989797,39.785403],[-89.985562,39.785416],[-89.985562,39.785356],[-89.985526,39.781239],[-89.985524,39.781065],[-89.985365,39.768763],[-89.985294,39.764234],[-89.985291,39.764168],[-89.98527,39.762897],[-89.985243,39.759468],[-89.985163,39.754049],[-89.985071,39.747034],[-89.985067,39.746708],[-89.984987,39.746247],[-89.985007,39.74528],[-89.985028,39.744314],[-89.985041,39.743996],[-89.985036,39.743399],[-89.98501,39.741414],[-89.985009,39.741383],[-89.98499,39.739785],[-89.984989,39.73976],[-89.984983,39.738466],[-89.984959,39.737166],[-89.984956,39.737018],[-89.984955,39.736999],[-89.984953,39.736831],[-89.98493,39.734911],[-89.98495,39.734901],[-89.984946,39.733567],[-89.984892,39.726635],[-89.984865,39.725279],[-89.984867,39.724816],[-89.984863,39.724037],[-89.984828,39.722265],[-89.984802,39.722184],[-89.984821,39.721904],[-89.984745,39.718079],[-89.982211,39.711022],[-89.97651,39.696296],[-89.975921,39.694784],[-89.975911,39.694765],[-89.971298,39.682842],[-89.970848,39.681658],[-89.96811,39.674431],[-89.967041,39.671641],[-89.967036,39.671626],[-89.966327,39.669766],[-89.966299,39.669691],[-89.965254,39.666944],[-89.962593,39.659943],[-89.961299,39.656547],[-89.959826,39.652644],[-89.957351,39.646144],[-89.955678,39.6418],[-89.955675,39.64179],[-89.952503,39.633526],[-89.952011,39.632249],[-89.950599,39.628564],[-89.949294,39.625162],[-89.947472,39.620385],[-89.947419,39.620242],[-89.945959,39.616768],[-89.9458,39.616396],[-89.945724,39.616181],[-89.945711,39.616158],[-89.94309,39.609139],[-89.940458,39.602091],[-89.940445,39.602056],[-89.939327,39.599114],[-89.93775,39.594977],[-89.93551,39.588845],[-89.934989,39.587466],[-89.934978,39.587438],[-89.932147,39.580169],[-89.932143,39.580159],[-89.929627,39.573223],[-89.925314,39.562108],[-89.923955,39.558678],[-89.923982,39.558531],[-89.924001,39.558435],[-89.924453,39.551237],[-89.924901,39.544004],[-89.924904,39.543951],[-89.925198,39.538278],[-89.9252,39.538241],[-89.925399,39.535289],[-89.926047,39.525634],[-89.926037,39.522104],[-89.926011,39.522104],[-89.925932,39.522104],[-89.925907,39.522105],[-89.924086,39.522119],[-89.921007,39.522144],[-89.918626,39.522162],[-89.916806,39.522177],[-89.916328,39.522181],[-89.914948,39.522191],[-89.909376,39.522235],[-89.907519,39.52225],[-89.907398,39.52225],[-89.907038,39.522254],[-89.906918,39.522255],[-89.905086,39.52227],[-89.902162,39.522295],[-89.899591,39.522316],[-89.89776,39.522332],[-89.89755,39.522334],[-89.897446,39.522335],[-89.896507,39.522344],[-89.896194,39.522348],[-89.892739,39.522383],[-89.888402,39.522428],[-89.88817,39.522431],[-89.882375,39.522477],[-89.878921,39.522506],[-89.878894,39.522506],[-89.878813,39.522506],[-89.878787,39.522507],[-89.876692,39.522514],[-89.874096,39.522524],[-89.870409,39.522535],[-89.869483,39.522539],[-89.869406,39.52254],[-89.868315,39.522538],[-89.866701,39.522535],[-89.865493,39.522533],[-89.864703,39.522532],[-89.864502,39.522532],[-89.863567,39.522535],[-89.861861,39.52254],[-89.860248,39.522546],[-89.859997,39.522547],[-89.856961,39.522563],[-89.856454,39.522565],[-89.850937,39.522596],[-89.850703,39.522597],[-89.845993,39.522637],[-89.845075,39.522644],[-89.84345,39.522658],[-89.842791,39.522663],[-89.841283,39.522676],[-89.839497,39.52269],[-89.834138,39.522734],[-89.832353,39.522749],[-89.832009,39.522752],[-89.831918,39.522753],[-89.828511,39.522785],[-89.827215,39.522798],[-89.822509,39.522843],[-89.819269,39.522841],[-89.816988,39.52284],[-89.81414,39.522839],[-89.813147,39.522838],[-89.81291,39.522838],[-89.812202,39.52284],[-89.811966,39.522841],[-89.810936,39.522843],[-89.810043,39.522846],[-89.809254,39.522848],[-89.807849,39.522851],[-89.80682,39.522854],[-89.806673,39.522863],[-89.806376,39.522884],[-89.806232,39.522883],[-89.806085,39.522882],[-89.804997,39.522877],[-89.804458,39.522876],[-89.801735,39.522976],[-89.800648,39.523017],[-89.800605,39.523017],[-89.800476,39.523021],[-89.800434,39.523023],[-89.800366,39.523025],[-89.799559,39.52301],[-89.796934,39.522963],[-89.796059,39.522948],[-89.79591,39.522946],[-89.795464,39.52294],[-89.795316,39.522939],[-89.793665,39.522917],[-89.792043,39.522897],[-89.788714,39.522857],[-89.78728,39.52284],[-89.787065,39.522861],[-89.786497,39.522914],[-89.786343,39.522929],[-89.784788,39.522937],[-89.784219,39.522941],[-89.782728,39.522949],[-89.778258,39.522974],[-89.777821,39.522977],[-89.777054,39.522891],[-89.776775,39.52286],[-89.775621,39.522887],[-89.772161,39.522972],[-89.771135,39.522997],[-89.771067,39.522997],[-89.771008,39.522998],[-89.770987,39.522997],[-89.770924,39.522997],[-89.770904,39.522997],[-89.770227,39.522989],[-89.768199,39.522964],[-89.767523,39.522957],[-89.767311,39.522956],[-89.766747,39.522953],[-89.765532,39.522951],[-89.764421,39.522947],[-89.763646,39.522944],[-89.76356,39.522944],[-89.763306,39.522944],[-89.763221,39.522945],[-89.763181,39.522945],[-89.763064,39.522945],[-89.763025,39.522945],[-89.76295,39.522945],[-89.762919,39.522945],[-89.762813,39.522945],[-89.762724,39.522945],[-89.76265,39.522945],[-89.762616,39.522945],[-89.762514,39.522945],[-89.76248,39.522945],[-89.761891,39.522945],[-89.760631,39.522948],[-89.760125,39.522948],[-89.759677,39.522949],[-89.759537,39.52295],[-89.75944,39.52295],[-89.758805,39.52295],[-89.758228,39.522951],[-89.756612,39.522955],[-89.755881,39.522958],[-89.754726,39.522961],[-89.753514,39.522966],[-89.751263,39.522975],[-89.750109,39.52298],[-89.748902,39.522984],[-89.748799,39.522985],[-89.745284,39.523002],[-89.744078,39.523008],[-89.742163,39.523022],[-89.739373,39.523044],[-89.736418,39.523061],[-89.734654,39.523072],[-89.734504,39.523073],[-89.732652,39.523083],[-89.729934,39.523099],[-89.727097,39.523104],[-89.725246,39.523108],[-89.725123,39.523108],[-89.724754,39.523108],[-89.724632,39.523109],[-89.724538,39.523109],[-89.724259,39.523109],[-89.724166,39.52311],[-89.720618,39.523118],[-89.720537,39.523118],[-89.715855,39.523203],[-89.715803,39.523209],[-89.71567,39.523222],[-89.715359,39.523237],[-89.711097,39.523289],[-89.701661,39.523316],[-89.699702,39.523352],[-89.699169,39.523369],[-89.698188,39.523404],[-89.697769,39.523419],[-89.695998,39.523442],[-89.695571,39.523447],[-89.694289,39.523464],[-89.693863,39.52347],[-89.693478,39.523475],[-89.692592,39.523465],[-89.691775,39.523475],[-89.685512,39.523552],[-89.683425,39.523578],[-89.682031,39.523595],[-89.678718,39.523636],[-89.677849,39.523646],[-89.676456,39.523664],[-89.676098,39.523668],[-89.675027,39.523681],[-89.67467,39.523686],[-89.6746,39.523686],[-89.674392,39.523688],[-89.674323,39.52369],[-89.674011,39.523694],[-89.672434,39.523714],[-89.669892,39.523747],[-89.669304,39.523755],[-89.666767,39.523787],[-89.664879,39.523812],[-89.664822,39.523812],[-89.664653,39.523814],[-89.664597,39.523816],[-89.662733,39.523836],[-89.659878,39.523868],[-89.657144,39.523897],[-89.655392,39.523917],[-89.655281,39.523918],[-89.655159,39.52392],[-89.653906,39.523933],[-89.653457,39.523939],[-89.651634,39.523959],[-89.649784,39.523979],[-89.64841,39.523994],[-89.647944,39.523999],[-89.646549,39.524014],[-89.646375,39.524016],[-89.646084,39.52402],[-89.645997,39.52402],[-89.645806,39.524023],[-89.645736,39.524023],[-89.645649,39.524024],[-89.645597,39.524024],[-89.64544,39.524026],[-89.645389,39.524027],[-89.644884,39.524032],[-89.643372,39.524048],[-89.642868,39.524054],[-89.641471,39.524069],[-89.641397,39.52407],[-89.641096,39.524073],[-89.63728,39.524115],[-89.636951,39.524119],[-89.636401,39.524125],[-89.635884,39.524129],[-89.635606,39.524131],[-89.634772,39.524138],[-89.63454,39.524141],[-89.634495,39.524141],[-89.633122,39.524152],[-89.63299,39.524153],[-89.628478,39.52419],[-89.626975,39.524203],[-89.62608,39.524215],[-89.623395,39.524251],[-89.622501,39.524264],[-89.621504,39.524277],[-89.618513,39.524318],[-89.617517,39.524332],[-89.617503,39.524332],[-89.617464,39.524332],[-89.617451,39.524333],[-89.615901,39.524349],[-89.611253,39.524399],[-89.609704,39.524417],[-89.609375,39.52442],[-89.608388,39.524431],[-89.608226,39.524433],[-89.608059,39.524434],[-89.607127,39.52444],[-89.604334,39.524461],[-89.603531,39.524468],[-89.603404,39.524469],[-89.600612,39.524489],[-89.598836,39.524503],[-89.594141,39.524538],[-89.592237,39.524552],[-89.589446,39.524573],[-89.58611,39.524573],[-89.585323,39.524573],[-89.584999,39.524573],[-89.584369,39.524573],[-89.583064,39.524573],[-89.580643,39.524573],[-89.576103,39.524583],[-89.575967,39.524584],[-89.572768,39.524592],[-89.572472,39.524592],[-89.571585,39.524594],[-89.57129,39.524595],[-89.56933,39.524591],[-89.563452,39.524582],[-89.561746,39.52458],[-89.561493,39.52458],[-89.560455,39.524582],[-89.5599,39.524583],[-89.559686,39.524583],[-89.557963,39.524585],[-89.55714,39.524586],[-89.554268,39.524593],[-89.552463,39.524598],[-89.548701,39.524598],[-89.543005,39.524599],[-89.538334,39.524595],[-89.537416,39.524594],[-89.533655,39.524592],[-89.533665,39.527461],[-89.533668,39.528217],[-89.533697,39.530032],[-89.533726,39.531848],[-89.533762,39.535478],[-89.53377,39.536068],[-89.533809,39.538937],[-89.533809,39.538972],[-89.53381,39.539078],[-89.533811,39.539114],[-89.533815,39.542011],[-89.533817,39.542732],[-89.533854,39.545679],[-89.533849,39.54605],[-89.533834,39.546297],[-89.533823,39.546476],[-89.533834,39.548533],[-89.533859,39.550701],[-89.533884,39.552752],[-89.533879,39.553213],[-89.533861,39.553598],[-89.533886,39.557228],[-89.53396,39.560857],[-89.533966,39.561158],[-89.534017,39.563846],[-89.534026,39.564386],[-89.534052,39.56569],[-89.534098,39.568115],[-89.534316,39.575257],[-89.534319,39.575353],[-89.534332,39.575932],[-89.53438,39.57796],[-89.534397,39.578636],[-89.534398,39.578711],[-89.534401,39.578794],[-89.534402,39.57882],[-89.534404,39.578938],[-89.534405,39.578975],[-89.534406,39.579014],[-89.534422,39.579711],[-89.534472,39.581802],[-89.534489,39.582499],[-89.534489,39.582517],[-89.53449,39.582572],[-89.534491,39.582591],[-89.534507,39.583274],[-89.534517,39.58367],[-89.534556,39.585323],[-89.534573,39.586007],[-89.534577,39.586195],[-89.534584,39.586786],[-89.534608,39.58852],[-89.534616,39.589124],[-89.534625,39.589767],[-89.534626,39.589904],[-89.534626,39.589953],[-89.534628,39.590042],[-89.534629,39.590103],[-89.53463,39.590153],[-89.534631,39.590264],[-89.53464,39.590933],[-89.53472,39.59696],[-89.534739,39.597625],[-89.535026,39.607822],[-89.535076,39.609991],[-89.535075,39.610433],[-89.535052,39.610874],[-89.535006,39.611314],[-89.534974,39.611534],[-89.534998,39.612226],[-89.534968,39.612227],[-89.534878,39.61223],[-89.534849,39.612232],[-89.534731,39.612935],[-89.534679,39.613288],[-89.534636,39.613713],[-89.534617,39.614069],[-89.534612,39.614495],[-89.534637,39.615851],[-89.534702,39.619483],[-89.53474,39.621669],[-89.534766,39.623113],[-89.534802,39.625052],[-89.534831,39.626626],[-89.534833,39.626741],[-89.534836,39.627013],[-89.534851,39.628176],[-89.534856,39.628564],[-89.53489,39.631078],[-89.534931,39.633989],[-89.53498,39.63759],[-89.534993,39.638623],[-89.535028,39.641138],[-89.529501,39.641113],[-89.52291,39.641084],[-89.512923,39.641035],[-89.509576,39.641019],[-89.507397,39.641009],[-89.505385,39.640977],[-89.500967,39.640907],[-89.500093,39.640893],[-89.49935,39.640887],[-89.497339,39.640871],[-89.495381,39.640863],[-89.489507,39.64084],[-89.487549,39.640833],[-89.480398,39.640805],[-89.478473,39.640842],[-89.478529,39.648393],[-89.478532,39.648929],[-89.478532,39.648982],[-89.478534,39.649141],[-89.478535,39.649195],[-89.478535,39.649293],[-89.478537,39.649537],[-89.478537,39.649587],[-89.478538,39.649612],[-89.478538,39.649686],[-89.478538,39.649758],[-89.478539,39.64983],[-89.478544,39.650566],[-89.478562,39.653209],[-89.478569,39.654091],[-89.47857,39.654367],[-89.478576,39.655196],[-89.478579,39.655473],[-89.478581,39.655825],[-89.478588,39.656884],[-89.478591,39.657237],[-89.478592,39.657447],[-89.478598,39.65808],[-89.478601,39.658291],[-89.478601,39.658412],[-89.478601,39.658775],[-89.478602,39.658896],[-89.478603,39.659092],[-89.478607,39.65968],[-89.478609,39.659876],[-89.478622,39.660335],[-89.478661,39.661714],[-89.478674,39.662174],[-89.478674,39.662222],[-89.478674,39.662303],[-89.478676,39.662364],[-89.478677,39.662416],[-89.478681,39.662581],[-89.478682,39.662602],[-89.47871,39.663649],[-89.478716,39.663891],[-89.478727,39.664324],[-89.478745,39.665],[-89.47876,39.665544],[-89.478853,39.669058],[-89.478861,39.669391],[-89.478868,39.669645],[-89.478867,39.669735],[-89.478855,39.671452],[-89.478842,39.673132],[-89.47883,39.674799],[-89.478846,39.675987],[-89.478847,39.676065],[-89.478848,39.676141],[-89.478858,39.676947],[-89.478892,39.679594],[-89.478904,39.680477],[-89.478923,39.683964],[-89.478882,39.68396],[-89.478823,39.68396],[-89.471761,39.683979],[-89.470164,39.68399],[-89.470077,39.683992],[-89.46959,39.683994],[-89.469034,39.683994],[-89.468271,39.683995],[-89.467125,39.683996],[-89.464759,39.683997],[-89.462422,39.683999],[-89.458502,39.683989],[-89.457721,39.683987],[-89.45537,39.683981],[-89.45387,39.683977],[-89.453019,39.683975],[-89.443616,39.68395],[-89.442279,39.683931],[-89.438914,39.683886],[-89.438269,39.683877],[-89.436933,39.683859],[-89.436562,39.683854],[-89.434556,39.683826],[-89.434211,39.683822],[-89.429508,39.683757],[-89.427427,39.683728],[-89.425051,39.683696],[-89.425046,39.684121],[-89.425035,39.685399],[-89.425032,39.685825],[-89.425032,39.685874],[-89.425032,39.686023],[-89.425033,39.686073],[-89.425034,39.687064],[-89.425039,39.690035],[-89.425041,39.691027],[-89.425042,39.692551],[-89.425047,39.697123],[-89.425049,39.698648],[-89.425074,39.698648],[-89.425152,39.698648],[-89.425178,39.698648],[-89.425168,39.700113],[-89.425142,39.704509],[-89.425133,39.705975],[-89.425131,39.706163],[-89.425128,39.706728],[-89.425127,39.706917],[-89.425131,39.70711],[-89.425146,39.70769],[-89.425151,39.707884],[-89.425155,39.708963],[-89.42517,39.712203],[-89.425175,39.713283],[-89.425175,39.71394],[-89.425175,39.714091],[-89.425219,39.715912],[-89.425236,39.71657],[-89.425287,39.720282],[-89.425443,39.731419],[-89.425461,39.732696],[-89.425495,39.735132],[-89.425502,39.735671],[-89.425526,39.737291],[-89.425534,39.737831],[-89.425547,39.738708],[-89.425589,39.74134],[-89.425603,39.742218],[-89.425589,39.742455],[-89.425551,39.743167],[-89.425538,39.743405],[-89.425537,39.744259],[-89.425535,39.746821],[-89.425535,39.747676],[-89.425534,39.747716],[-89.425534,39.747837],[-89.425534,39.747878],[-89.425538,39.748098],[-89.425429,39.748864],[-89.42533,39.749568],[-89.425262,39.750042],[-89.425245,39.751835],[-89.425236,39.75283],[-89.42523,39.753473],[-89.425213,39.755402],[-89.425209,39.755962],[-89.425208,39.756046],[-89.4252,39.757241],[-89.425197,39.757826],[-89.425178,39.760826],[-89.425172,39.761824],[-89.425172,39.761923],[-89.425171,39.762022],[-89.425096,39.761977],[-89.424706,39.761778],[-89.424624,39.761743],[-89.424456,39.761683],[-89.424325,39.761643],[-89.424241,39.761612],[-89.424196,39.761601],[-89.424104,39.761586],[-89.423778,39.761555],[-89.423546,39.761526],[-89.422608,39.761472],[-89.422373,39.761462],[-89.422301,39.76146],[-89.420538,39.761418],[-89.420351,39.761403],[-89.420217,39.76137],[-89.420137,39.761333],[-89.419748,39.761133],[-89.419606,39.76104],[-89.419415,39.760888],[-89.419234,39.760725],[-89.419183,39.760665],[-89.419097,39.76058],[-89.418943,39.760402],[-89.418899,39.760339],[-89.418663,39.760073],[-89.418528,39.759928],[-89.41835,39.759762],[-89.418219,39.759614],[-89.418134,39.759529],[-89.418059,39.759438],[-89.417843,39.759205],[-89.41776,39.759077],[-89.417654,39.758879],[-89.417486,39.758585],[-89.417444,39.758521],[-89.417414,39.758453],[-89.417328,39.758288],[-89.417183,39.758065],[-89.417143,39.757963],[-89.417135,39.75782],[-89.417146,39.757714],[-89.417169,39.757645],[-89.417176,39.75761],[-89.417191,39.757576],[-89.417212,39.757544],[-89.417263,39.757484],[-89.417333,39.757436],[-89.417411,39.757397],[-89.417533,39.757344],[-89.417622,39.75732],[-89.417762,39.757305],[-89.417853,39.757288],[-89.418226,39.757251],[-89.418457,39.757222],[-89.418589,39.757185],[-89.418704,39.757123],[-89.418772,39.757074],[-89.418798,39.75705],[-89.418864,39.756993],[-89.418916,39.756933],[-89.418937,39.756901],[-89.418956,39.756796],[-89.418984,39.756691],[-89.418988,39.756656],[-89.418986,39.75662],[-89.418971,39.756549],[-89.418968,39.756514],[-89.419026,39.756417],[-89.419103,39.756376],[-89.419172,39.756327],[-89.419217,39.756265],[-89.419254,39.756199],[-89.4193,39.756061],[-89.419365,39.755927],[-89.419552,39.755639],[-89.419599,39.755578],[-89.419652,39.75552],[-89.419698,39.755458],[-89.419733,39.755392],[-89.419762,39.755324],[-89.419766,39.755288],[-89.41975,39.755218],[-89.419737,39.755112],[-89.419727,39.755077],[-89.419636,39.754995],[-89.419442,39.75484],[-89.419414,39.754811],[-89.419346,39.754717],[-89.419286,39.754696],[-89.419246,39.754677],[-89.419224,39.754664],[-89.419172,39.754633],[-89.41911,39.75458],[-89.419007,39.754506],[-89.418948,39.75445],[-89.418912,39.754428],[-89.418773,39.754414],[-89.418746,39.754406],[-89.41864,39.754377],[-89.418601,39.754357],[-89.418571,39.75433],[-89.418542,39.754262],[-89.418527,39.754192],[-89.418526,39.754085],[-89.418555,39.75398],[-89.418584,39.753913],[-89.418663,39.753783],[-89.418814,39.753647],[-89.418847,39.753622],[-89.418919,39.753577],[-89.419,39.75354],[-89.419066,39.753489],[-89.419122,39.753432],[-89.419346,39.753249],[-89.419369,39.753234],[-89.419417,39.753203],[-89.419458,39.753185],[-89.419494,39.753162],[-89.41962,39.753012],[-89.419662,39.75291],[-89.419695,39.752806],[-89.419697,39.752748],[-89.419704,39.752577],[-89.419705,39.752557],[-89.419701,39.752521],[-89.419693,39.752451],[-89.419679,39.75238],[-89.419655,39.752311],[-89.419543,39.752039],[-89.419493,39.751939],[-89.419435,39.751842],[-89.419353,39.751675],[-89.419306,39.751613],[-89.419267,39.751548],[-89.419155,39.751434],[-89.419022,39.751333],[-89.418947,39.75129],[-89.418817,39.751248],[-89.418548,39.751105],[-89.418474,39.751061],[-89.41824,39.750885],[-89.41805,39.750728],[-89.417883,39.750556],[-89.417626,39.750257],[-89.417595,39.750231],[-89.417545,39.75017],[-89.417481,39.750118],[-89.417275,39.749972],[-89.417236,39.749945],[-89.417007,39.749719],[-89.416706,39.749495],[-89.416217,39.749162],[-89.416002,39.749024],[-89.415817,39.748913],[-89.415502,39.7487],[-89.414856,39.748233],[-89.414676,39.748119],[-89.414385,39.747887],[-89.414325,39.747833],[-89.414097,39.747652],[-89.41404,39.747596],[-89.413976,39.747501],[-89.413835,39.747359],[-89.413391,39.746992],[-89.413277,39.746878],[-89.413181,39.7468],[-89.413155,39.74677],[-89.41308,39.74664],[-89.413071,39.746605],[-89.413054,39.746571],[-89.412973,39.746484],[-89.412847,39.746378],[-89.412732,39.746266],[-89.412699,39.746241],[-89.412584,39.746128],[-89.412533,39.746069],[-89.412417,39.745958],[-89.412306,39.745842],[-89.412157,39.745705],[-89.411966,39.745502],[-89.41185,39.74539],[-89.411715,39.745245],[-89.411499,39.745058],[-89.410763,39.744461],[-89.410203,39.744031],[-89.410029,39.743911],[-89.409815,39.743772],[-89.409677,39.743691],[-89.409592,39.743641],[-89.409528,39.743589],[-89.409475,39.74353],[-89.409333,39.743506],[-89.409108,39.743453],[-89.408982,39.743405],[-89.408936,39.743396],[-89.408803,39.74336],[-89.408762,39.743344],[-89.408672,39.743322],[-89.408491,39.743285],[-89.408399,39.743272],[-89.408352,39.743273],[-89.408259,39.743263],[-89.408166,39.743271],[-89.408026,39.743258],[-89.40794,39.743232],[-89.407775,39.743164],[-89.407601,39.74311],[-89.407508,39.743103],[-89.407414,39.743108],[-89.407181,39.743129],[-89.407134,39.743129],[-89.407041,39.743118],[-89.406862,39.743075],[-89.406777,39.743044],[-89.406732,39.743037],[-89.406497,39.743026],[-89.406422,39.74304],[-89.4064,39.743032],[-89.406218,39.743038],[-89.406126,39.743026],[-89.406081,39.743015],[-89.40604,39.742998],[-89.405909,39.74296],[-89.405738,39.74294],[-89.405585,39.742922],[-89.405492,39.742915],[-89.405307,39.742893],[-89.405214,39.742886],[-89.405136,39.742871],[-89.404895,39.742825],[-89.404802,39.742819],[-89.404619,39.742791],[-89.40434,39.742763],[-89.4042,39.742776],[-89.404108,39.742789],[-89.403972,39.742819],[-89.403926,39.742825],[-89.403669,39.742819],[-89.403597,39.742818],[-89.403457,39.742808],[-89.403364,39.742797],[-89.403273,39.742778],[-89.403227,39.742773],[-89.40314,39.742746],[-89.403095,39.742736],[-89.402982,39.742729],[-89.402438,39.742698],[-89.402345,39.74269],[-89.402253,39.742674],[-89.401689,39.742622],[-89.401329,39.742588],[-89.401277,39.74258],[-89.401179,39.742552],[-89.400993,39.742479],[-89.400944,39.742466],[-89.400426,39.742408],[-89.400375,39.742399],[-89.400326,39.742384],[-89.400174,39.742354],[-89.400125,39.74234],[-89.39987,39.742294],[-89.399717,39.742271],[-89.399345,39.74223],[-89.399226,39.742217],[-89.399186,39.742206],[-89.398771,39.742139],[-89.398221,39.742113],[-89.398051,39.742113],[-89.397839,39.742126],[-89.397669,39.742125],[-89.397627,39.742122],[-89.397545,39.742106],[-89.397461,39.742095],[-89.397334,39.742091],[-89.397204,39.742134],[-89.397163,39.742143],[-89.397087,39.742153],[-89.396939,39.742177],[-89.396894,39.742181],[-89.396756,39.742199],[-89.396485,39.742253],[-89.396308,39.742313],[-89.396271,39.742325],[-89.396226,39.742337],[-89.396017,39.742377],[-89.395684,39.742443],[-89.395239,39.742559],[-89.395149,39.742587],[-89.395109,39.7426],[-89.394977,39.742636],[-89.394936,39.742652],[-89.394865,39.742673],[-89.394848,39.742678],[-89.394765,39.742711],[-89.394727,39.742731],[-89.394682,39.742742],[-89.394633,39.742768],[-89.394591,39.742783],[-89.394314,39.742916],[-89.394228,39.742945],[-89.394191,39.742967],[-89.393764,39.743186],[-89.393551,39.743324],[-89.393486,39.743375],[-89.393345,39.743468],[-89.393049,39.743695],[-89.392964,39.743763],[-89.392858,39.74385],[-89.392485,39.744169],[-89.392337,39.744308],[-89.392117,39.744492],[-89.392006,39.744607],[-89.391889,39.744719],[-89.391838,39.744778],[-89.391625,39.744968],[-89.391572,39.745027],[-89.391484,39.74511],[-89.391418,39.74516],[-89.391389,39.745188],[-89.391323,39.745239],[-89.391286,39.745261],[-89.391201,39.745291],[-89.391164,39.745311],[-89.391036,39.745415],[-89.390921,39.745527],[-89.390795,39.745633],[-89.39055,39.745894],[-89.390337,39.746083],[-89.39028,39.74614],[-89.390236,39.746202],[-89.390208,39.746231],[-89.390174,39.746255],[-89.39005,39.74636],[-89.389951,39.746436],[-89.389844,39.746504],[-89.389804,39.746522],[-89.389516,39.746803],[-89.38944,39.746893],[-89.389352,39.746977],[-89.389289,39.74703],[-89.389233,39.747087],[-89.3886,39.747612],[-89.388479,39.747722],[-89.388368,39.747837],[-89.388249,39.747947],[-89.38803,39.748135],[-89.387877,39.748267],[-89.387512,39.748593],[-89.387281,39.748818],[-89.3871,39.748982],[-89.387053,39.749044],[-89.386766,39.749278],[-89.386666,39.749353],[-89.386562,39.749424],[-89.386371,39.749582],[-89.386305,39.749635],[-89.386212,39.749712],[-89.386111,39.7498],[-89.386048,39.749856],[-89.386028,39.749874],[-89.386015,39.749883],[-89.385927,39.749948],[-89.385911,39.749955],[-89.385874,39.749975],[-89.38593,39.750041],[-89.385944,39.750057],[-89.386154,39.750306],[-89.386224,39.750389],[-89.386412,39.751168],[-89.386347,39.751797],[-89.386284,39.751916],[-89.386094,39.75228],[-89.385413,39.753077],[-89.384868,39.753567],[-89.384239,39.754009],[-89.38356,39.754298],[-89.382975,39.754377],[-89.382555,39.75436],[-89.382047,39.754092],[-89.381484,39.753785],[-89.381155,39.753661],[-89.380743,39.753508],[-89.380242,39.753539],[-89.379782,39.753804],[-89.379593,39.75407],[-89.379469,39.754319],[-89.379413,39.75444],[-89.379338,39.7546],[-89.379315,39.754653],[-89.379141,39.755068],[-89.378946,39.755312],[-89.378754,39.755509],[-89.378679,39.755549],[-89.378081,39.75587],[-89.378056,39.755896],[-89.377598,39.756084],[-89.377362,39.756252],[-89.377135,39.756413],[-89.375906,39.75685],[-89.375086,39.757389],[-89.374451,39.758236],[-89.374279,39.758418],[-89.374109,39.758544],[-89.373918,39.758646],[-89.373718,39.758707],[-89.373549,39.758597],[-89.37302,39.758254],[-89.372492,39.758085],[-89.372159,39.756989],[-89.372142,39.756934],[-89.372126,39.75688],[-89.372118,39.756855],[-89.372107,39.756816],[-89.372099,39.756785],[-89.372083,39.756718],[-89.37205,39.756573],[-89.372034,39.756503],[-89.371783,39.755772],[-89.371731,39.755619],[-89.371481,39.75522],[-89.371308,39.755057],[-89.370986,39.754971],[-89.370745,39.755007],[-89.370257,39.755281],[-89.370232,39.755587],[-89.370227,39.755651],[-89.370165,39.756004],[-89.369919,39.756252],[-89.369843,39.756329],[-89.36965,39.756389],[-89.369622,39.756398],[-89.369412,39.756459],[-89.369251,39.756618],[-89.369019,39.756711],[-89.368826,39.756778],[-89.368624,39.756849],[-89.368488,39.756886],[-89.368115,39.75693],[-89.367714,39.757093],[-89.367667,39.757116],[-89.367428,39.757233],[-89.367123,39.757325],[-89.366704,39.757351],[-89.36587,39.757298],[-89.365214,39.757223],[-89.365169,39.757206],[-89.364873,39.757097],[-89.364546,39.756771],[-89.364537,39.756762],[-89.363599,39.755919],[-89.363355,39.755665],[-89.363021,39.755639],[-89.362948,39.755635],[-89.362891,39.755662],[-89.362605,39.755799],[-89.362589,39.755822],[-89.362402,39.756158],[-89.362312,39.7568],[-89.36231,39.756923],[-89.36224,39.757153],[-89.361971,39.757455],[-89.361453,39.758098],[-89.361232,39.758545],[-89.361096,39.759356],[-89.360881,39.759869],[-89.360643,39.760274],[-89.360374,39.760584],[-89.360034,39.760812],[-89.359621,39.761015],[-89.359143,39.761305],[-89.358982,39.761595],[-89.358891,39.76176],[-89.358775,39.762185],[-89.358939,39.763113],[-89.359542,39.764735],[-89.359569,39.764807],[-89.359596,39.764879],[-89.359614,39.764964],[-89.359631,39.765048],[-89.360046,39.767058],[-89.360034,39.767517],[-89.359726,39.767843],[-89.358873,39.768771],[-89.358732,39.769332],[-89.358406,39.77022],[-89.358113,39.770642],[-89.357795,39.770822],[-89.357334,39.770871],[-89.356658,39.770764],[-89.35617,39.77062],[-89.35591,39.7706],[-89.355688,39.770693],[-89.355564,39.771045],[-89.355303,39.771419],[-89.354845,39.771742],[-89.354359,39.771976],[-89.354136,39.772093],[-89.353958,39.772107],[-89.353786,39.771919],[-89.353706,39.771773],[-89.353604,39.771691],[-89.353324,39.771622],[-89.353115,39.771611],[-89.353004,39.771464],[-89.353015,39.771046],[-89.353042,39.770813],[-89.352849,39.770625],[-89.352688,39.770381],[-89.352643,39.770114],[-89.352733,39.769874],[-89.352745,39.76981],[-89.352667,39.769616],[-89.352428,39.769572],[-89.351683,39.769681],[-89.350835,39.769748],[-89.350023,39.769639],[-89.349425,39.769372],[-89.348933,39.769054],[-89.348399,39.768795],[-89.347127,39.768178],[-89.3468,39.768012],[-89.346271,39.767745],[-89.34621,39.767675],[-89.346102,39.767553],[-89.346027,39.767468],[-89.345986,39.767435],[-89.345957,39.767415],[-89.345863,39.767388],[-89.345667,39.767334],[-89.345583,39.76731],[-89.34549,39.767284],[-89.345462,39.767274],[-89.345378,39.767247],[-89.34535,39.767238],[-89.345325,39.767228],[-89.345185,39.767171],[-89.344692,39.766972],[-89.344528,39.766906],[-89.343799,39.766768],[-89.342938,39.766607],[-89.342515,39.766786],[-89.342314,39.766879],[-89.342084,39.766916],[-89.34165,39.76693],[-89.341592,39.766932],[-89.340993,39.766603],[-89.340748,39.766468],[-89.340116,39.76639],[-89.339416,39.766306],[-89.339257,39.766287],[-89.338466,39.76618],[-89.338416,39.766174],[-89.337947,39.766062],[-89.337855,39.766042],[-89.337819,39.766034],[-89.337675,39.766],[-89.337531,39.765965],[-89.337424,39.76594],[-89.336877,39.765798],[-89.336165,39.765608],[-89.334076,39.764864],[-89.334055,39.764857],[-89.334013,39.764852],[-89.333353,39.764771],[-89.332961,39.76472],[-89.332464,39.764694],[-89.332112,39.764654],[-89.331553,39.764561],[-89.330788,39.76429],[-89.330706,39.764261],[-89.329704,39.763759],[-89.329445,39.763675],[-89.329159,39.763581],[-89.328701,39.763542],[-89.328645,39.763558],[-89.3285,39.763603],[-89.328422,39.763811],[-89.328179,39.763969],[-89.328071,39.764039],[-89.327761,39.764115],[-89.327734,39.764122],[-89.327389,39.764133],[-89.327186,39.764266],[-89.327096,39.764514],[-89.327352,39.764736],[-89.327855,39.765452],[-89.327901,39.765686],[-89.327779,39.765974],[-89.327304,39.766159],[-89.326809,39.76607],[-89.326316,39.765983],[-89.325709,39.765997],[-89.325307,39.766184],[-89.325065,39.766631],[-89.325023,39.767025],[-89.325179,39.767257],[-89.325225,39.767326],[-89.325642,39.767356],[-89.326228,39.767317],[-89.326772,39.76727],[-89.326994,39.767274],[-89.327092,39.767275],[-89.327848,39.767287],[-89.328604,39.767571],[-89.328622,39.767634],[-89.32863,39.767661],[-89.328682,39.767744],[-89.328721,39.767805],[-89.328757,39.767862],[-89.3288,39.767929],[-89.328846,39.767979],[-89.328901,39.768052],[-89.329029,39.768327],[-89.329152,39.768804],[-89.328762,39.769337],[-89.328539,39.76943],[-89.327918,39.769694],[-89.326805,39.76991],[-89.325631,39.770052],[-89.324182,39.770706],[-89.323694,39.770986],[-89.323144,39.771301],[-89.323117,39.771319],[-89.322342,39.771859],[-89.322297,39.771863],[-89.322218,39.771871],[-89.321355,39.771955],[-89.32088,39.771875],[-89.320558,39.771821],[-89.319548,39.77134],[-89.319433,39.771286],[-89.319375,39.771269],[-89.319244,39.771233],[-89.319093,39.771187],[-89.318967,39.77115],[-89.318813,39.771108],[-89.318272,39.770945],[-89.317775,39.770793],[-89.317294,39.77081],[-89.31703,39.77096],[-89.316774,39.771107],[-89.316291,39.771615],[-89.316129,39.771806],[-89.31601,39.771863],[-89.315854,39.771939],[-89.315499,39.771933],[-89.315037,39.771628],[-89.314773,39.771342],[-89.314548,39.77117],[-89.314279,39.771102],[-89.313972,39.771218],[-89.313437,39.771314],[-89.313051,39.771316],[-89.312581,39.7713],[-89.312107,39.771463],[-89.311408,39.771838],[-89.311361,39.771852],[-89.310944,39.771984],[-89.310448,39.772169],[-89.309826,39.77278],[-89.309533,39.772912],[-89.309519,39.772918],[-89.309479,39.772936],[-89.309466,39.772943],[-89.308977,39.773508],[-89.308484,39.773878],[-89.307843,39.774361],[-89.306943,39.774734],[-89.305967,39.77511],[-89.304802,39.775426],[-89.304741,39.775438],[-89.303562,39.775673],[-89.303409,39.775723],[-89.303122,39.775813],[-89.302703,39.776184],[-89.30232,39.776774],[-89.301605,39.777462],[-89.30151,39.777527],[-89.300858,39.777979],[-89.300444,39.778414],[-89.300627,39.778733],[-89.301073,39.778944],[-89.301431,39.779193],[-89.301435,39.779767],[-89.300891,39.780547],[-89.300088,39.781249],[-89.299766,39.781631],[-89.299639,39.782015],[-89.299805,39.78254],[-89.299626,39.782798],[-89.298688,39.78302],[-89.298636,39.783033],[-89.298289,39.783299],[-89.298235,39.783684],[-89.298467,39.783979],[-89.299581,39.784332],[-89.299648,39.784436],[-89.299715,39.78454],[-89.299665,39.784598],[-89.299498,39.784853],[-89.299471,39.784882],[-89.299438,39.784943],[-89.299401,39.785014],[-89.299339,39.78511],[-89.299285,39.785209],[-89.299138,39.785509],[-89.299115,39.78554],[-89.299006,39.785738],[-89.298848,39.785996],[-89.29882,39.786025],[-89.298738,39.786153],[-89.298695,39.786212],[-89.298671,39.786246],[-89.29861,39.786342],[-89.298584,39.786372],[-89.298523,39.786468],[-89.298496,39.786497],[-89.298421,39.786618],[-89.298392,39.786662],[-89.298336,39.786754],[-89.298303,39.786793],[-89.298286,39.786814],[-89.298275,39.786838],[-89.298224,39.786949],[-89.298178,39.787011],[-89.297956,39.787364],[-89.29794,39.787384],[-89.297909,39.787426],[-89.297812,39.787588],[-89.297703,39.787785],[-89.297631,39.787954],[-89.297595,39.788057],[-89.297576,39.788163],[-89.297573,39.788234],[-89.297556,39.788376],[-89.29755,39.788518],[-89.297536,39.788589],[-89.297524,39.788623],[-89.297505,39.788729],[-89.297485,39.788799],[-89.29742,39.78897],[-89.29736,39.789067],[-89.297286,39.78916],[-89.29724,39.78922],[-89.297035,39.789415],[-89.296953,39.789502],[-89.296823,39.789602],[-89.296788,39.789629],[-89.296737,39.789666],[-89.296619,39.789752],[-89.296544,39.789795],[-89.296462,39.78983],[-89.296426,39.789853],[-89.296367,39.789879],[-89.296215,39.789864],[-89.296063,39.78985],[-89.2958,39.789825],[-89.295171,39.789905],[-89.294914,39.789958],[-89.294739,39.789996],[-89.294561,39.790078],[-89.294422,39.790143],[-89.294117,39.790176],[-89.294079,39.790161],[-89.293796,39.790067],[-89.293421,39.789716],[-89.293091,39.78955],[-89.292653,39.789502],[-89.292295,39.789569],[-89.291906,39.789779],[-89.291551,39.790086],[-89.291482,39.790304],[-89.291555,39.790668],[-89.291571,39.790683],[-89.292391,39.79143],[-89.292458,39.791577],[-89.292517,39.791708],[-89.292527,39.791759],[-89.292543,39.791855],[-89.29256,39.791963],[-89.292604,39.792235],[-89.29261,39.792269],[-89.292454,39.79255],[-89.292104,39.792754],[-89.291726,39.792739],[-89.291438,39.792618],[-89.291317,39.792568],[-89.291155,39.7925],[-89.290993,39.792433],[-89.29092,39.7924],[-89.290662,39.792331],[-89.289305,39.791951],[-89.28886,39.791989],[-89.288217,39.792046],[-89.287702,39.79223],[-89.287546,39.792286],[-89.287288,39.792377],[-89.28661,39.792741],[-89.286588,39.792753],[-89.286256,39.793272],[-89.286044,39.793613],[-89.285722,39.793799],[-89.285445,39.793874],[-89.284594,39.793821],[-89.283393,39.793853],[-89.283015,39.794095],[-89.282923,39.794155],[-89.282677,39.79461],[-89.283073,39.795363],[-89.2834,39.795577],[-89.283547,39.795665],[-89.283678,39.79576],[-89.283636,39.795769],[-89.283622,39.79581],[-89.283618,39.795825],[-89.283579,39.79589],[-89.283552,39.795919],[-89.28352,39.795945],[-89.283483,39.795967],[-89.283442,39.795984],[-89.283401,39.796002],[-89.283366,39.796025],[-89.283269,39.796038],[-89.283225,39.796052],[-89.283041,39.796137],[-89.282948,39.796182],[-89.282904,39.796194],[-89.282824,39.796226],[-89.282737,39.796252],[-89.282597,39.796244],[-89.282506,39.796225],[-89.282282,39.796338],[-89.282133,39.796425],[-89.282082,39.796449],[-89.281976,39.796502],[-89.281774,39.796607],[-89.28176,39.796683],[-89.281752,39.796766],[-89.281522,39.798234],[-89.281474,39.798546],[-89.281349,39.798899],[-89.281169,39.799008],[-89.280552,39.799022],[-89.280041,39.798958],[-89.279542,39.798924],[-89.279212,39.79912],[-89.278984,39.799454],[-89.278896,39.799959],[-89.278778,39.800094],[-89.278528,39.800074],[-89.27796,39.799832],[-89.277907,39.799806],[-89.276879,39.799307],[-89.276631,39.799239],[-89.276512,39.799203],[-89.276406,39.799144],[-89.276267,39.799192],[-89.276062,39.799278],[-89.27589,39.799336],[-89.275732,39.799415],[-89.27557,39.799486],[-89.275524,39.799501],[-89.275485,39.799516],[-89.275364,39.799572],[-89.275321,39.799586],[-89.275204,39.799646],[-89.275131,39.799691],[-89.275055,39.799732],[-89.274456,39.800015],[-89.274325,39.800054],[-89.274028,39.80023],[-89.273924,39.800302],[-89.273773,39.800387],[-89.273565,39.80047],[-89.273138,39.800619],[-89.273098,39.800637],[-89.27295,39.800717],[-89.27264,39.800888],[-89.272276,39.801051],[-89.272091,39.801125],[-89.272098,39.801207],[-89.272056,39.801299],[-89.271765,39.801941],[-89.271757,39.80196],[-89.271416,39.802891],[-89.2711,39.803359],[-89.270808,39.803602],[-89.270419,39.803863],[-89.270188,39.803933],[-89.270058,39.803973],[-89.269693,39.804059],[-89.269466,39.804113],[-89.269329,39.804157],[-89.268763,39.804415],[-89.268362,39.804612],[-89.268056,39.804686],[-89.267531,39.804816],[-89.267163,39.804963],[-89.266706,39.805189],[-89.265776,39.806082],[-89.265373,39.806422],[-89.265143,39.806482],[-89.265034,39.80642],[-89.264931,39.805994],[-89.26494,39.80591],[-89.264978,39.805577],[-89.265052,39.805096],[-89.264886,39.804781],[-89.264837,39.804691],[-89.264788,39.804601],[-89.264727,39.804504],[-89.264667,39.804408],[-89.264588,39.804278],[-89.264276,39.804244],[-89.263615,39.804172],[-89.262541,39.804385],[-89.262253,39.804523],[-89.261788,39.804746],[-89.261621,39.804806],[-89.261397,39.804887],[-89.261326,39.804914],[-89.260966,39.805093],[-89.260785,39.805247],[-89.260605,39.805403],[-89.260376,39.805602],[-89.260364,39.805623],[-89.259911,39.806458],[-89.259896,39.806487],[-89.25983,39.806624],[-89.259752,39.806782],[-89.259821,39.806952],[-89.259865,39.807059],[-89.259885,39.807127],[-89.259933,39.807185],[-89.259996,39.807233],[-89.260014,39.807253],[-89.260069,39.807576],[-89.260069,39.80761],[-89.260042,39.807802],[-89.260016,39.807899],[-89.259973,39.808002],[-89.259937,39.808036],[-89.259804,39.808139],[-89.259742,39.808174],[-89.259698,39.808188],[-89.259573,39.808298],[-89.259566,39.808318],[-89.25952,39.808442],[-89.259413,39.808525],[-89.259396,39.808533],[-89.259218,39.808567],[-89.259102,39.808663],[-89.259084,39.808725],[-89.259041,39.808822],[-89.258677,39.80909],[-89.258544,39.809159],[-89.258445,39.80918],[-89.258303,39.809271],[-89.258268,39.809284],[-89.258027,39.809325],[-89.258,39.809326],[-89.257948,39.80936],[-89.257379,39.809649],[-89.257329,39.80967],[-89.257175,39.809808],[-89.256866,39.810564],[-89.256858,39.810606],[-89.256844,39.810629],[-89.256771,39.811093],[-89.256745,39.811306],[-89.256717,39.813118],[-89.256646,39.813276],[-89.256526,39.813416],[-89.25643,39.813545],[-89.256398,39.813589],[-89.256319,39.813668],[-89.256266,39.813799],[-89.256221,39.81385],[-89.256124,39.81393],[-89.255773,39.814164],[-89.255494,39.814405],[-89.255429,39.814489],[-89.255425,39.814507],[-89.255377,39.814571],[-89.255371,39.814589],[-89.25534,39.814633],[-89.255336,39.814651],[-89.255282,39.814716],[-89.255237,39.81477],[-89.255157,39.814884],[-89.255092,39.81494],[-89.255019,39.815004],[-89.254988,39.815045],[-89.25498,39.815073],[-89.254927,39.815135],[-89.254824,39.815367],[-89.254803,39.815417],[-89.254759,39.815458],[-89.254698,39.815537],[-89.254661,39.815585],[-89.2546,39.815637],[-89.254547,39.815918],[-89.254491,39.815995],[-89.254487,39.816013],[-89.25443,39.816091],[-89.254426,39.816109],[-89.254378,39.816159],[-89.254201,39.816386],[-89.253994,39.816618],[-89.253962,39.816655],[-89.253914,39.816768],[-89.25391,39.816922],[-89.253884,39.817067],[-89.253884,39.817107],[-89.253733,39.817238],[-89.253609,39.817376],[-89.253555,39.8175],[-89.253529,39.817528],[-89.253503,39.81759],[-89.253476,39.817617],[-89.253444,39.817697],[-89.253406,39.817795],[-89.253361,39.817891],[-89.253335,39.817919],[-89.253326,39.817953],[-89.253255,39.818036],[-89.253238,39.818084],[-89.253211,39.818111],[-89.253194,39.818167],[-89.253167,39.818194],[-89.253132,39.818291],[-89.253114,39.818367],[-89.253081,39.81844],[-89.253055,39.818533],[-89.25301,39.818978],[-89.252974,39.819059],[-89.252948,39.819087],[-89.252939,39.819121],[-89.252913,39.819149],[-89.252904,39.819183],[-89.252762,39.819349],[-89.252745,39.819397],[-89.252696,39.819503],[-89.252675,39.81961],[-89.25262,39.819734],[-89.252533,39.819933],[-89.252507,39.819953],[-89.25248,39.820015],[-89.252454,39.820042],[-89.252383,39.820221],[-89.252332,39.820395],[-89.252325,39.820416],[-89.252323,39.820442],[-89.252244,39.820867],[-89.252217,39.820902],[-89.25221,39.820962],[-89.252178,39.821283],[-89.252142,39.821504],[-89.252121,39.821595],[-89.2521,39.82164],[-89.252078,39.821753],[-89.252056,39.821798],[-89.252017,39.822083],[-89.251992,39.822385],[-89.251912,39.822556],[-89.251872,39.822597],[-89.251811,39.82266],[-89.251752,39.822739],[-89.251566,39.822901],[-89.251482,39.823001],[-89.251319,39.823193],[-89.25123,39.823266],[-89.251158,39.823334],[-89.251132,39.823373],[-89.251123,39.82338],[-89.250981,39.823507],[-89.250893,39.82361],[-89.250883,39.823638],[-89.250848,39.823672],[-89.250635,39.823837],[-89.250554,39.823872],[-89.250466,39.82392],[-89.250324,39.824037],[-89.250298,39.824099],[-89.250271,39.824126],[-89.250253,39.824174],[-89.250191,39.824237],[-89.250165,39.824285],[-89.250084,39.82435],[-89.249993,39.824431],[-89.249889,39.824526],[-89.249862,39.824561],[-89.249854,39.824595],[-89.249827,39.824623],[-89.2498,39.824691],[-89.249765,39.824732],[-89.249737,39.824794],[-89.249694,39.824849],[-89.249657,39.824918],[-89.249498,39.825114],[-89.249255,39.825304],[-89.24924,39.825317],[-89.249125,39.82539],[-89.249022,39.825434],[-89.248609,39.825723],[-89.248546,39.825737],[-89.248515,39.825748],[-89.248315,39.825765],[-89.2477,39.82578],[-89.247655,39.825791],[-89.247505,39.825828],[-89.247477,39.825842],[-89.247451,39.825856],[-89.247388,39.825869],[-89.247335,39.825897],[-89.247237,39.825925],[-89.247184,39.825952],[-89.247104,39.825973],[-89.247068,39.825994],[-89.247006,39.826007],[-89.24697,39.826028],[-89.246943,39.826028],[-89.246885,39.826062],[-89.246532,39.826085],[-89.246235,39.825948],[-89.245671,39.825308],[-89.245493,39.825033],[-89.245118,39.824545],[-89.243803,39.823732],[-89.243373,39.823417],[-89.242838,39.823153],[-89.24219,39.823043],[-89.24155,39.823102],[-89.241417,39.823139],[-89.241013,39.823252],[-89.240628,39.823382],[-89.24031,39.823327],[-89.240092,39.823137],[-89.240068,39.822905],[-89.240066,39.822881],[-89.240246,39.82242],[-89.240297,39.82215],[-89.240301,39.821839],[-89.240152,39.821577],[-89.23979,39.821322],[-89.239033,39.821178],[-89.238716,39.821114],[-89.23858,39.821068],[-89.238568,39.821063],[-89.23825,39.821062],[-89.238028,39.82113],[-89.237975,39.821166],[-89.237881,39.821206],[-89.237663,39.821392],[-89.237628,39.821502],[-89.237583,39.821667],[-89.23758,39.821718],[-89.237584,39.821753],[-89.237567,39.821821],[-89.23755,39.821855],[-89.237528,39.821886],[-89.23745,39.821975],[-89.237365,39.822055],[-89.237328,39.822077],[-89.237264,39.822127],[-89.237193,39.822173],[-89.237152,39.82219],[-89.237065,39.822216],[-89.236965,39.822264],[-89.236867,39.822312],[-89.236825,39.822325],[-89.236778,39.822322],[-89.236736,39.822308],[-89.23669,39.822301],[-89.236595,39.8223],[-89.236564,39.822279],[-89.23648,39.822242],[-89.236407,39.822199],[-89.236337,39.822157],[-89.236302,39.821999],[-89.236221,39.821909],[-89.236212,39.821861],[-89.236212,39.821813],[-89.236248,39.821703],[-89.236274,39.821676],[-89.236309,39.82161],[-89.236374,39.821404],[-89.236411,39.821339],[-89.236463,39.82128],[-89.236535,39.821149],[-89.236565,39.821122],[-89.236587,39.821091],[-89.236671,39.820888],[-89.236716,39.82079],[-89.236732,39.820754],[-89.236742,39.82072],[-89.236785,39.820619],[-89.236862,39.82049],[-89.236892,39.820423],[-89.236937,39.820361],[-89.236996,39.820264],[-89.237078,39.820098],[-89.237132,39.819963],[-89.23714,39.819928],[-89.237162,39.819715],[-89.237157,39.81968],[-89.237122,39.819577],[-89.237062,39.819482],[-89.23701,39.819423],[-89.236814,39.819271],[-89.236775,39.819254],[-89.236481,39.819156],[-89.236253,39.819116],[-89.23621,39.819103],[-89.235981,39.819069],[-89.23585,39.819034],[-89.23581,39.819015],[-89.235725,39.818986],[-89.235503,39.818855],[-89.235472,39.818828],[-89.235447,39.818798],[-89.235414,39.818731],[-89.235409,39.818696],[-89.23541,39.818589],[-89.23542,39.818555],[-89.235446,39.818525],[-89.235508,39.818472],[-89.23561,39.818399],[-89.235648,39.818378],[-89.23573,39.818344],[-89.235844,39.818282],[-89.23589,39.818273],[-89.235966,39.818236],[-89.236152,39.818105],[-89.236285,39.817998],[-89.236312,39.817961],[-89.236339,39.817933],[-89.236357,39.81783],[-89.236356,39.8177],[-89.236178,39.817562],[-89.235889,39.817587],[-89.235858,39.817605],[-89.23559,39.817612],[-89.235319,39.817636],[-89.235091,39.817646],[-89.235038,39.817619],[-89.234931,39.817599],[-89.234895,39.817578],[-89.23486,39.817572],[-89.234793,39.81753],[-89.234753,39.81751],[-89.23469,39.817448],[-89.234654,39.817352],[-89.234636,39.817105],[-89.234587,39.816703],[-89.234547,39.816604],[-89.234537,39.816549],[-89.234511,39.816521],[-89.234502,39.81648],[-89.234457,39.816432],[-89.234457,39.816405],[-89.234279,39.816267],[-89.234127,39.816254],[-89.233958,39.816282],[-89.233931,39.816302],[-89.233851,39.816323],[-89.233806,39.81635],[-89.233745,39.816364],[-89.233612,39.816433],[-89.233576,39.81644],[-89.23354,39.816461],[-89.233442,39.816488],[-89.233416,39.816509],[-89.23321,39.816557],[-89.233093,39.816577],[-89.233019,39.816575],[-89.232979,39.816585],[-89.232903,39.816596],[-89.232809,39.81662],[-89.232609,39.816637],[-89.232351,39.816623],[-89.232321,39.816607],[-89.232012,39.816576],[-89.23191,39.816545],[-89.231847,39.816532],[-89.231739,39.816463],[-89.231696,39.816436],[-89.231535,39.816306],[-89.231517,39.816148],[-89.231562,39.816093],[-89.23164,39.816041],[-89.231847,39.815945],[-89.231918,39.815907],[-89.231958,39.81588],[-89.232123,39.815813],[-89.232381,39.815625],[-89.232452,39.815611],[-89.232497,39.815583],[-89.232933,39.815459],[-89.233009,39.815449],[-89.233293,39.815462],[-89.233583,39.81554],[-89.23369,39.815519],[-89.233743,39.815519],[-89.233797,39.815479],[-89.233792,39.815338],[-89.233805,39.815306],[-89.233859,39.815293],[-89.233966,39.815279],[-89.234081,39.815223],[-89.234135,39.81521],[-89.234205,39.815175],[-89.234242,39.815148],[-89.234241,39.815004],[-89.234214,39.814901],[-89.234178,39.814839],[-89.233894,39.814606],[-89.233889,39.814569],[-89.233885,39.814429],[-89.233919,39.814318],[-89.233999,39.814228],[-89.234,39.814208],[-89.23395,39.813992],[-89.234036,39.813963],[-89.234106,39.813939],[-89.234168,39.813925],[-89.234195,39.813912],[-89.234239,39.813877],[-89.234355,39.813843],[-89.234417,39.813809],[-89.234446,39.81378],[-89.234422,39.813634],[-89.234434,39.813418],[-89.234327,39.813342],[-89.234265,39.813315],[-89.234239,39.813294],[-89.234176,39.813088],[-89.23414,39.813054],[-89.234015,39.812958],[-89.23398,39.812905],[-89.233946,39.812852],[-89.233891,39.812885],[-89.233735,39.813019],[-89.233599,39.813116],[-89.233523,39.813159],[-89.2335,39.813167],[-89.23344,39.813192],[-89.233352,39.813218],[-89.233261,39.813234],[-89.233214,39.813231],[-89.233122,39.813213],[-89.232994,39.813169],[-89.232916,39.813188],[-89.232775,39.813195],[-89.232588,39.813214],[-89.232447,39.813223],[-89.232309,39.813244],[-89.232122,39.81326],[-89.231887,39.813312],[-89.231807,39.81333],[-89.231765,39.813346],[-89.231726,39.813366],[-89.231597,39.81341],[-89.231442,39.813491],[-89.231382,39.813518],[-89.231263,39.813516],[-89.230925,39.813529],[-89.229847,39.813578],[-89.229433,39.81328],[-89.228453,39.813218],[-89.228248,39.813205],[-89.227701,39.813922],[-89.227002,39.814367],[-89.226199,39.814716],[-89.22526,39.814953],[-89.224425,39.814867],[-89.223525,39.814652],[-89.222551,39.814098],[-89.221848,39.813358],[-89.220499,39.812997],[-89.220175,39.81291],[-89.219641,39.81302],[-89.21838,39.813278],[-89.217523,39.813224],[-89.217475,39.813217],[-89.217473,39.813666],[-89.217473,39.814874],[-89.217473,39.815111],[-89.217474,39.815273],[-89.217474,39.815478],[-89.21748,39.824779],[-89.217522,39.825334],[-89.217506,39.825592],[-89.217483,39.82728],[-89.217486,39.828561],[-89.217478,39.829644],[-89.217473,39.829691],[-89.217459,39.829754],[-89.217437,39.829863],[-89.217443,39.835581],[-89.217457,39.836137],[-89.217465,39.836491],[-89.217475,39.836816],[-89.217483,39.837126],[-89.217485,39.837217],[-89.217488,39.844328],[-89.217488,39.844408],[-89.217488,39.844509],[-89.217494,39.847403],[-89.217495,39.847564],[-89.217495,39.847593],[-89.217505,39.851725],[-89.217507,39.85257],[-89.217507,39.852887],[-89.217508,39.85296],[-89.217508,39.853024],[-89.217521,39.858963],[-89.217522,39.859028],[-89.217531,39.859331],[-89.217522,39.860318],[-89.217525,39.861821],[-89.217527,39.86211],[-89.217531,39.862734],[-89.217541,39.864541],[-89.217546,39.872392],[-89.217551,39.872604],[-89.217556,39.872835],[-89.217566,39.872985],[-89.217582,39.873069],[-89.217631,39.873201],[-89.217719,39.87338],[-89.217769,39.873497],[-89.217793,39.873585],[-89.217806,39.873728],[-89.21781,39.873818],[-89.217814,39.874619],[-89.217828,39.877279],[-89.217828,39.877292],[-89.217837,39.878184],[-89.217838,39.878313],[-89.217829,39.87941],[-89.217839,39.880332],[-89.21784,39.88121],[-89.217861,39.882941],[-89.217861,39.883844],[-89.217874,39.884945],[-89.217872,39.885691],[-89.217849,39.887893],[-89.217853,39.88793],[-89.217845,39.889001],[-89.217847,39.889105],[-89.217857,39.890221],[-89.217849,39.894259],[-89.217855,39.897642],[-89.217859,39.900326],[-89.217848,39.902468],[-89.217846,39.903961],[-89.217845,39.906287],[-89.217846,39.908442],[-89.217848,39.90971],[-89.217851,39.909936],[-89.217859,39.910661],[-89.217861,39.910746],[-89.217838,39.912367],[-89.217835,39.912837],[-89.217832,39.913563],[-89.21783,39.913876],[-89.217831,39.914248],[-89.217842,39.916304],[-89.217846,39.91699],[-89.217861,39.91699],[-89.227165,39.916915],[-89.232635,39.916892],[-89.236429,39.91686],[-89.240526,39.916881],[-89.250994,39.916905],[-89.252057,39.917003],[-89.252126,39.916992],[-89.252265,39.916981],[-89.252336,39.916982],[-89.25393,39.916958],[-89.254653,39.916936],[-89.2549,39.916917],[-89.255173,39.916923],[-89.257564,39.916946],[-89.260479,39.916959],[-89.264646,39.91698],[-89.26671,39.916989],[-89.267731,39.917001],[-89.271726,39.917027],[-89.27368,39.917037],[-89.274704,39.917036],[-89.275444,39.917043],[-89.277191,39.91704],[-89.283261,39.917047],[-89.288227,39.917043],[-89.290098,39.917039],[-89.291892,39.917049],[-89.292099,39.917053],[-89.292272,39.917052],[-89.301681,39.917127],[-89.30499,39.917153],[-89.311089,39.917194],[-89.329926,39.917234],[-89.340432,39.917373],[-89.348552,39.917482],[-89.348568,39.917483],[-89.348707,39.917482],[-89.350105,39.917501],[-89.353103,39.917541],[-89.356109,39.91758],[-89.357646,39.917598],[-89.35889,39.917612],[-89.359492,39.917617],[-89.360221,39.917622],[-89.360795,39.917623],[-89.361101,39.917628],[-89.361163,39.917628],[-89.361833,39.917628],[-89.362171,39.917631],[-89.362614,39.917626],[-89.363687,39.917629],[-89.365295,39.917629],[-89.365473,39.917637],[-89.365651,39.917637],[-89.366506,39.917636],[-89.366747,39.91763],[-89.366904,39.917617],[-89.367112,39.917587],[-89.367182,39.917578],[-89.367209,39.917575],[-89.367441,39.917561],[-89.367681,39.917561],[-89.369008,39.917597],[-89.369652,39.917619],[-89.370382,39.917641],[-89.371934,39.917696],[-89.372213,39.917703],[-89.372694,39.917707],[-89.373322,39.917723],[-89.374482,39.91776],[-89.375158,39.917776],[-89.377642,39.917821],[-89.379073,39.917835],[-89.379229,39.917839],[-89.380182,39.91786],[-89.382946,39.917922],[-89.384393,39.917944],[-89.385886,39.917963],[-89.386269,39.917966],[-89.387069,39.917971],[-89.38715,39.917972],[-89.387725,39.917972],[-89.388804,39.917991],[-89.390091,39.918008],[-89.390248,39.918009],[-89.390741,39.918015],[-89.391544,39.918021],[-89.392576,39.918031],[-89.393415,39.918041],[-89.394118,39.918056],[-89.394136,39.918057],[-89.395169,39.918073],[-89.395389,39.918071],[-89.39542,39.918072],[-89.395474,39.918072],[-89.395679,39.918075],[-89.396265,39.918082],[-89.396888,39.918089],[-89.398376,39.918112],[-89.398888,39.918114],[-89.399614,39.918128],[-89.400613,39.918141],[-89.400765,39.918141],[-89.401583,39.918153],[-89.402683,39.918166],[-89.403594,39.918176],[-89.404374,39.918178],[-89.404918,39.918187],[-89.404984,39.918187],[-89.404969,39.932717],[-89.409577,39.932738],[-89.410327,39.932742],[-89.417616,39.932778],[-89.423788,39.932809],[-89.440619,39.933008],[-89.440972,39.933039],[-89.442787,39.933055],[-89.442802,39.933055],[-89.455567,39.933165],[-89.455615,39.933165],[-89.461993,39.933221],[-89.464535,39.933214],[-89.466825,39.933208],[-89.471141,39.933192],[-89.471201,39.933192],[-89.471244,39.933214],[-89.471291,39.933216],[-89.471322,39.933229],[-89.471382,39.933229],[-89.471465,39.933232],[-89.472867,39.933234],[-89.473675,39.933229],[-89.47407,39.93322],[-89.474557,39.933197],[-89.474705,39.933192],[-89.478264,39.933175],[-89.478301,39.933168],[-89.482403,39.933155],[-89.483498,39.933151],[-89.48351,39.940396],[-89.483512,39.940486],[-89.483508,39.940712],[-89.483528,39.942117],[-89.483541,39.94354],[-89.483612,39.948509],[-89.483635,39.949531],[-89.483641,39.950099],[-89.483653,39.95164],[-89.483667,39.953745],[-89.483672,39.954935],[-89.483672,39.955037],[-89.483669,39.955216],[-89.483674,39.955915],[-89.483683,39.956545],[-89.483683,39.95665],[-89.483698,39.958981],[-89.483699,39.959003],[-89.483699,39.959053],[-89.483718,39.962213],[-89.483711,39.962596],[-89.483742,39.966523],[-89.483742,39.966668],[-89.483743,39.966718],[-89.483753,39.967724],[-89.483754,39.968396],[-89.483759,39.969249],[-89.483776,39.972075],[-89.483805,39.975218],[-89.483826,39.976733],[-89.483919,39.976736],[-89.484359,39.976732],[-89.48472,39.976735],[-89.488741,39.976726],[-89.491291,39.976717],[-89.494083,39.976693],[-89.497257,39.976672],[-89.49742,39.976671],[-89.500319,39.976664],[-89.500656,39.976661],[-89.503031,39.976632],[-89.503061,39.976633],[-89.503246,39.97664],[-89.503579,39.976638],[-89.51028,39.976579],[-89.511446,39.97657],[-89.512084,39.976561],[-89.512355,39.976553],[-89.515261,39.976548],[-89.515986,39.976543],[-89.516716,39.976543],[-89.518134,39.976531],[-89.519104,39.976528],[-89.519581,39.976523],[-89.519694,39.976522],[-89.521501,39.97651],[-89.521694,39.976511],[-89.522145,39.976511],[-89.522864,39.976506],[-89.524476,39.976506],[-89.52557,39.976505],[-89.526149,39.976512],[-89.526177,39.976513],[-89.526365,39.976519],[-89.526765,39.976498],[-89.527016,39.976493],[-89.527181,39.976486],[-89.527282,39.976484],[-89.527445,39.976483],[-89.527824,39.976479],[-89.528225,39.976483],[-89.52866,39.976489],[-89.529093,39.976495],[-89.529685,39.976504],[-89.529832,39.976527],[-89.529906,39.97653],[-89.530915,39.976525],[-89.530999,39.976525],[-89.531726,39.976505],[-89.532455,39.976494],[-89.533899,39.976485],[-89.535133,39.976485],[-89.537433,39.976475],[-89.540406,39.97646],[-89.540625,39.976456],[-89.545389,39.976421],[-89.545578,39.97642],[-89.54712,39.976412],[-89.548429,39.976412],[-89.549584,39.976406],[-89.549692,39.976405],[-89.549748,39.976405],[-89.551094,39.976391],[-89.558841,39.976315],[-89.558985,39.976317],[-89.559351,39.976313],[-89.559368,39.976313],[-89.560799,39.976289],[-89.564849,39.976248],[-89.569539,39.976202],[-89.573838,39.976158],[-89.574293,39.976158],[-89.575201,39.976158],[-89.575292,39.976157],[-89.575473,39.976155],[-89.575651,39.976152],[-89.576903,39.976129],[-89.578001,39.976118],[-89.578214,39.976119],[-89.578289,39.976127],[-89.578664,39.976153],[-89.578778,39.976152],[-89.582008,39.976126],[-89.584627,39.976106],[-89.591688,39.976052],[-89.594917,39.976029],[-89.596095,39.97602],[-89.596154,39.976016],[-89.596213,39.97602],[-89.59894,39.975999],[-89.59916,39.975997],[-89.602276,39.975973],[-89.603303,39.975966],[-89.603839,39.975961],[-89.605778,39.975955],[-89.606092,39.975953],[-89.607034,39.97595],[-89.607355,39.975949],[-89.608515,39.975941],[-89.612017,39.975923],[-89.613175,39.975918],[-89.615112,39.975908],[-89.617064,39.975896],[-89.6209,39.975876],[-89.621559,39.975872],[-89.62283,39.975867],[-89.624623,39.975865],[-89.625117,39.975862],[-89.625678,39.975859],[-89.629999,39.975829],[-89.631794,39.975818],[-89.631819,39.975818],[-89.632338,39.975814],[-89.633973,39.975804],[-89.634519,39.975802],[-89.635009,39.975798],[-89.636482,39.97579],[-89.636627,39.97579],[-89.636787,39.97579],[-89.636975,39.975789],[-89.639835,39.97577],[-89.645073,39.975737],[-89.648312,39.975717],[-89.648416,39.975716],[-89.651277,39.975699],[-89.652368,39.975692],[-89.652754,39.97569],[-89.655607,39.975673],[-89.655643,39.975672],[-89.656735,39.975667],[-89.657383,39.975662],[-89.65933,39.975654],[-89.659979,39.975651],[-89.660017,39.975635],[-89.661164,39.975626],[-89.664616,39.975602],[-89.665473,39.975598],[-89.665767,39.975597],[-89.665801,39.975599],[-89.667425,39.97559],[-89.672401,39.975567],[-89.674061,39.97556],[-89.675719,39.975546],[-89.677526,39.975569],[-89.679968,39.975553],[-89.683633,39.975505],[-89.691451,39.975397],[-89.691843,39.975391],[-89.692438,39.975383],[-89.693022,39.975375],[-89.693416,39.975371],[-89.694045,39.975348],[-89.697991,39.975311],[-89.698259,39.975309],[-89.698152,39.969226],[-89.69807,39.963217],[-89.698022,39.960793],[-89.697945,39.95702],[-89.69794,39.956688],[-89.697932,39.956657],[-89.697908,39.954393],[-89.697899,39.953639],[-89.697887,39.952768],[-89.697879,39.952312],[-89.697817,39.948334],[-89.697797,39.947008],[-89.697788,39.946914],[-89.697777,39.946786],[-89.69777,39.946699],[-89.697762,39.94663],[-89.697754,39.946538],[-89.697736,39.945698],[-89.697706,39.944259],[-89.697687,39.94318],[-89.697674,39.942342],[-89.697665,39.941857],[-89.697645,39.940413],[-89.697639,39.939934],[-89.697638,39.939895],[-89.697634,39.939648],[-89.69762,39.938795],[-89.697618,39.938651],[-89.697793,39.938646],[-89.701066,39.938626],[-89.701805,39.938622],[-89.702283,39.938619],[-89.702281,39.938515],[-89.702313,39.938503],[-89.702261,39.938291],[-89.702259,39.937639],[-89.702259,39.937422],[-89.702255,39.936527],[-89.702251,39.936241],[-89.702197,39.932698],[-89.70218,39.931518],[-89.702179,39.93148],[-89.702183,39.931374],[-89.702186,39.931339],[-89.702118,39.928684],[-89.701915,39.920719],[-89.701848,39.918067],[-89.70185,39.917824],[-89.701859,39.917098],[-89.701863,39.916857],[-89.701864,39.916787],[-89.704818,39.916782],[-89.712716,39.916769],[-89.71272,39.916925],[-89.722419,39.91679],[-89.725894,39.916739],[-89.726931,39.916724],[-89.728823,39.916693],[-89.749809,39.916536],[-89.755963,39.916615],[-89.76055,39.916702],[-89.76102,39.916725],[-89.769143,39.916865],[-89.769151,39.916348],[-89.769186,39.914202],[-89.769173,39.905845],[-89.769168,39.90235],[-89.771377,39.902329],[-89.773474,39.902309],[-89.773801,39.902387],[-89.774155,39.902472],[-89.78051,39.902458],[-89.793231,39.902426],[-89.794293,39.902421],[-89.797582,39.902407],[-89.798524,39.902322],[-89.798811,39.902317],[-89.799322,39.90232],[-89.800856,39.902333],[-89.801368,39.902338],[-89.802342,39.902393],[-89.811401,39.902344],[-89.817248,39.902286],[-89.823549,39.902193],[-89.825936,39.902187],[-89.825938,39.902314],[-89.836332,39.901905],[-89.837587,39.901874],[-89.837618,39.901882],[-89.846677,39.901723],[-89.853458,39.901651],[-89.853527,39.901637],[-89.854205,39.901641],[-89.858942,39.90163],[-89.869637,39.901556],[-89.87304,39.901537],[-89.873182,39.901539],[-89.874063,39.901546],[-89.875091,39.901555],[-89.876709,39.901551],[-89.877592,39.90155],[-89.878585,39.901546],[-89.881566,39.901534],[-89.88256,39.901531],[-89.883535,39.90154],[-89.886462,39.901569],[-89.887377,39.901579],[-89.887438,39.90158],[-89.889297,39.901602],[-89.891112,39.901625],[-89.892659,39.901631],[-89.89488,39.901639],[-89.896685,39.901647],[-89.896741,39.901646],[-89.898567,39.901674],[-89.900545,39.901709],[-89.901376,39.901725],[-89.909004,39.901793],[-89.911957,39.901778],[-89.915571,39.901761],[-89.91576,39.901758],[-89.91632,39.901757],[-89.917995,39.901754],[-89.918555,39.901755],[-89.918556,39.901803],[-89.920127,39.901802],[-89.920236,39.901802],[-89.920719,39.901801],[-89.921124,39.901749],[-89.924834,39.90174],[-89.926397,39.901737],[-89.927043,39.901734],[-89.92896,39.901727],[-89.929599,39.901726],[-89.930957,39.90174],[-89.935034,39.901782],[-89.935548,39.901789],[-89.936332,39.901823],[-89.936393,39.901825],[-89.93773,39.901875],[-89.938255,39.901896],[-89.93858,39.901893],[-89.945147,39.901853],[-89.947295,39.901841],[-89.947335,39.901841],[-89.948984,39.901842],[-89.95393,39.901849],[-89.955359,39.901853],[-89.955579,39.901854],[-89.955581,39.901815],[-89.955858,39.90182],[-89.956632,39.901841],[-89.956693,39.901842],[-89.956972,39.90185],[-89.95881,39.901845],[-89.960755,39.901841],[-89.96214,39.901837],[-89.964328,39.901832],[-89.966126,39.901829],[-89.966169,39.901829],[-89.966617,39.901829],[-89.967965,39.901837],[-89.968415,39.90184],[-89.969872,39.901847],[-89.974245,39.901871],[-89.975592,39.901879],[-89.97563,39.901879],[-89.975704,39.90188],[-89.976851,39.901882],[-89.980294,39.901886],[-89.981443,39.901889],[-89.982033,39.901889],[-89.983803,39.901895],[-89.984393,39.901896],[-89.984548,39.901896],[-89.985014,39.901898],[-89.985169,39.901899],[-89.990296,39.901914],[-89.994506,39.901925],[-89.994504,39.9014],[-89.994503,39.901173],[-89.994512,39.898289],[-89.994506,39.898131],[-89.994507,39.897374],[-89.994502,39.894466],[-89.994514,39.892649],[-89.994492,39.890326],[-89.994492,39.889874],[-89.994488,39.88895],[-89.994492,39.888581],[-89.994487,39.887091],[-89.994488,39.887073],[-89.994476,39.886484],[-89.994478,39.886423],[-89.99448,39.886238],[-89.994478,39.885799],[-89.994459,39.881315],[-89.994457,39.879441],[-89.994456,39.878252],[-89.99445,39.877154],[-89.99445,39.876056],[-89.994444,39.875045],[-89.994443,39.874966],[-89.994409,39.873146],[-89.994405,39.87286]],[[-89.653289,39.717162],[-89.653292,39.717397],[-89.653299,39.71807],[-89.653321,39.720092],[-89.653329,39.720766],[-89.653337,39.721464],[-89.653364,39.723558],[-89.653372,39.724189],[-89.653373,39.724256],[-89.653375,39.724449],[-89.653397,39.726178],[-89.653463,39.727869],[-89.658096,39.72787],[-89.658267,39.73556],[-89.658269,39.737765],[-89.658271,39.738858],[-89.658277,39.739188],[-89.658278,39.739303],[-89.65828,39.739394],[-89.658282,39.739497],[-89.658283,39.7396],[-89.658285,39.739702],[-89.658287,39.739806],[-89.658288,39.739909],[-89.65829,39.740011],[-89.658293,39.740217],[-89.658295,39.740319],[-89.658297,39.740423],[-89.658298,39.740526],[-89.6583,39.740629],[-89.658302,39.740732],[-89.658304,39.740835],[-89.658305,39.740943],[-89.658307,39.741041],[-89.658312,39.741324],[-89.658323,39.74213],[-89.658325,39.742236],[-89.658329,39.74243],[-89.658561,39.742409],[-89.658593,39.742408],[-89.659304,39.742393],[-89.659929,39.742332],[-89.660267,39.742296],[-89.660739,39.742234],[-89.661118,39.742178],[-89.661625,39.742091],[-89.662066,39.741989],[-89.66244,39.741901],[-89.66285,39.741789],[-89.663059,39.741715],[-89.663224,39.741666],[-89.66408,39.74141],[-89.664643,39.741246],[-89.665099,39.741117],[-89.66573,39.740989],[-89.666642,39.740815],[-89.667144,39.740743],[-89.667937,39.740669],[-89.668194,39.74064],[-89.669276,39.74061],[-89.66986,39.740631],[-89.670249,39.740646],[-89.6709,39.740708],[-89.671581,39.740805],[-89.67195,39.740861],[-89.672734,39.741015],[-89.673493,39.741169],[-89.6742,39.741322],[-89.674902,39.741461],[-89.675389,39.741558],[-89.675824,39.741625],[-89.676985,39.741772],[-89.677085,39.741774],[-89.677084,39.741649],[-89.677212,39.74166],[-89.677617,39.741696],[-89.677996,39.741716],[-89.678422,39.741737],[-89.678714,39.741804],[-89.68081,39.741777],[-89.681949,39.741779],[-89.682905,39.741784],[-89.684018,39.741774],[-89.685022,39.741758],[-89.686189,39.741748],[-89.687397,39.741748],[-89.693113,39.741729],[-89.693331,39.741729],[-89.69402,39.741722],[-89.695449,39.741708],[-89.699939,39.741696],[-89.702147,39.741702],[-89.702701,39.741756],[-89.704154,39.74193],[-89.70583,39.742298],[-89.705834,39.742493],[-89.705836,39.74262],[-89.705843,39.743918],[-89.705864,39.745109],[-89.705889,39.745551],[-89.705877,39.745857],[-89.705889,39.746598],[-89.705897,39.746653],[-89.705899,39.746699],[-89.705904,39.746807],[-89.705906,39.746859],[-89.705896,39.746955],[-89.705899,39.74699],[-89.70591,39.747128],[-89.705902,39.747646],[-89.705922,39.748798],[-89.705945,39.74923],[-89.705962,39.750005],[-89.705972,39.751406],[-89.705975,39.751846],[-89.70599,39.752331],[-89.706001,39.752678],[-89.706015,39.753107],[-89.706015,39.753125],[-89.706019,39.753235],[-89.706026,39.753427],[-89.706033,39.75362],[-89.706038,39.753749],[-89.706049,39.754057],[-89.706082,39.754982],[-89.706094,39.755291],[-89.706097,39.755488],[-89.706109,39.756082],[-89.706113,39.75628],[-89.706113,39.756339],[-89.706115,39.756479],[-89.706115,39.756518],[-89.706117,39.75658],[-89.706117,39.756592],[-89.706117,39.756603],[-89.706118,39.756645],[-89.706119,39.756724],[-89.70612,39.756752],[-89.706121,39.756878],[-89.706125,39.757195],[-89.706143,39.758525],[-89.706149,39.758969],[-89.706151,39.759101],[-89.706153,39.759245],[-89.706156,39.759537],[-89.706179,39.761241],[-89.706182,39.761442],[-89.706182,39.761521],[-89.706183,39.76181],[-89.706191,39.762227],[-89.706196,39.763402],[-89.70622,39.763816],[-89.706225,39.763897],[-89.706225,39.763956],[-89.706227,39.764209],[-89.70623,39.764444],[-89.706238,39.765126],[-89.706277,39.768815],[-89.706286,39.769615],[-89.706291,39.770045],[-89.706289,39.77031],[-89.706313,39.771077],[-89.706297,39.77137],[-89.706312,39.771597],[-89.706309,39.771901],[-89.706388,39.773953],[-89.706425,39.774908],[-89.706448,39.775395],[-89.706466,39.775769],[-89.70647,39.775852],[-89.706722,39.781076],[-89.706723,39.781468],[-89.706737,39.781828],[-89.706745,39.782491],[-89.706685,39.784105],[-89.706662,39.784403],[-89.706606,39.784975],[-89.706572,39.785383],[-89.706539,39.78578],[-89.7065,39.786708],[-89.706479,39.787217],[-89.706477,39.787271],[-89.706474,39.787329],[-89.706466,39.787573],[-89.706463,39.787681],[-89.706448,39.788289],[-89.706438,39.788858],[-89.706435,39.789042],[-89.706401,39.789989],[-89.706397,39.790438],[-89.706397,39.79094],[-89.706373,39.791551],[-89.706359,39.792],[-89.706359,39.792365],[-89.706359,39.793118],[-89.70633,39.793752],[-89.706316,39.794703],[-89.706307,39.795191],[-89.706192,39.800417],[-89.706181,39.800898],[-89.706181,39.801254],[-89.706181,39.801622],[-89.70616,39.802039],[-89.706156,39.803503],[-89.70612,39.805048],[-89.706103,39.805783],[-89.706077,39.806499],[-89.706068,39.806811],[-89.70606,39.807084],[-89.706051,39.807565],[-89.706033,39.808054],[-89.706007,39.808447],[-89.705996,39.808506],[-89.70592,39.808954],[-89.705762,39.809539],[-89.705675,39.809871],[-89.705509,39.810291],[-89.705404,39.810518],[-89.705195,39.810998],[-89.705055,39.811286],[-89.704735,39.811787],[-89.704499,39.812153],[-89.704379,39.812342],[-89.704245,39.812535],[-89.704117,39.812708],[-89.703886,39.81298],[-89.703815,39.813058],[-89.70363,39.813269],[-89.70358,39.813327],[-89.703253,39.813675],[-89.702966,39.813956],[-89.702605,39.814284],[-89.702291,39.81455],[-89.702163,39.814653],[-89.701478,39.815197],[-89.701098,39.8155],[-89.700926,39.81562],[-89.700749,39.815747],[-89.700884,39.8158],[-89.700958,39.81583],[-89.70084,39.815932],[-89.700752,39.815894],[-89.700623,39.815838],[-89.700343,39.816081],[-89.699998,39.816348],[-89.697643,39.818159],[-89.697286,39.818434],[-89.696774,39.818834],[-89.696209,39.819279],[-89.694561,39.820581],[-89.694478,39.820642],[-89.694493,39.820922],[-89.694451,39.820955],[-89.694444,39.820668],[-89.692648,39.822062],[-89.692411,39.822202],[-89.692212,39.82232],[-89.692114,39.822383],[-89.691084,39.823089],[-89.690689,39.823326],[-89.690579,39.82339],[-89.690218,39.823601],[-89.68997,39.82374],[-89.689653,39.823918],[-89.689499,39.824005],[-89.68904,39.824251],[-89.688891,39.824331],[-89.688445,39.824562],[-89.688295,39.824646],[-89.688093,39.824762],[-89.687752,39.824946],[-89.687625,39.825014],[-89.687505,39.825078],[-89.687391,39.825146],[-89.68727,39.825203],[-89.687092,39.825283],[-89.687019,39.825316],[-89.686542,39.825535],[-89.68642,39.82559],[-89.686195,39.825686],[-89.685894,39.825817],[-89.683566,39.82685],[-89.68221,39.827448],[-89.679465,39.828618],[-89.678521,39.828947],[-89.678075,39.829082],[-89.677249,39.829353],[-89.676293,39.82966],[-89.674787,39.830158],[-89.67359,39.830547],[-89.673291,39.83064],[-89.672946,39.83075],[-89.672262,39.83097],[-89.671388,39.831259],[-89.670532,39.831538],[-89.669624,39.831844],[-89.66887,39.832102],[-89.6679,39.832425],[-89.667178,39.83269],[-89.666993,39.832753],[-89.666787,39.832804],[-89.666759,39.832811],[-89.666512,39.832898],[-89.66632,39.832961],[-89.665459,39.833244],[-89.665387,39.833276],[-89.664979,39.833455],[-89.664674,39.833591],[-89.664104,39.833826],[-89.663948,39.833881],[-89.663717,39.833959],[-89.663613,39.834],[-89.662547,39.834416],[-89.662483,39.834446],[-89.661329,39.834984],[-89.661189,39.835062],[-89.660465,39.835472],[-89.659284,39.836181],[-89.658986,39.836398],[-89.657388,39.837471],[-89.65571,39.838312],[-89.652807,39.839494],[-89.651671,39.839958],[-89.649885,39.840683],[-89.649,39.841102],[-89.64826,39.841511],[-89.647951,39.841706],[-89.647687,39.841873],[-89.646859,39.842358],[-89.646031,39.842806],[-89.645345,39.84312],[-89.644848,39.84333],[-89.644417,39.843482],[-89.643908,39.843662],[-89.642928,39.843948],[-89.641939,39.844121],[-89.641537,39.844212],[-89.640934,39.844304],[-89.639914,39.844391],[-89.63934,39.844445],[-89.638339,39.844498],[-89.637513,39.844547],[-89.636814,39.844596],[-89.635891,39.84467],[-89.635622,39.844712],[-89.634857,39.844833],[-89.634087,39.845007],[-89.633677,39.845183],[-89.632985,39.84548],[-89.633015,39.845581],[-89.633024,39.845609],[-89.633028,39.845623],[-89.633233,39.845622],[-89.633377,39.84562],[-89.633309,39.845681],[-89.633235,39.845765],[-89.633201,39.845853],[-89.633161,39.845932],[-89.633176,39.846021],[-89.633155,39.846122],[-89.63315,39.846212],[-89.63313,39.8463],[-89.633094,39.846383],[-89.633086,39.846402],[-89.633034,39.846483],[-89.632955,39.846571],[-89.632893,39.846624],[-89.6328,39.846708],[-89.632726,39.846801],[-89.632718,39.846814],[-89.63268,39.846885],[-89.632644,39.846991],[-89.632631,39.847082],[-89.632633,39.847173],[-89.632639,39.84721],[-89.63287,39.848477],[-89.632884,39.848536],[-89.632895,39.848573],[-89.63324,39.849819],[-89.633433,39.851004],[-89.633665,39.852417],[-89.633675,39.852477],[-89.633657,39.852619],[-89.633645,39.852752],[-89.633645,39.852867],[-89.633645,39.852931],[-89.633666,39.853124],[-89.633812,39.853995],[-89.633841,39.854138],[-89.63386,39.854206],[-89.6339,39.85435],[-89.633923,39.85441],[-89.633961,39.854646],[-89.633972,39.854713],[-89.633978,39.854752],[-89.634007,39.854963],[-89.634029,39.855199],[-89.634041,39.855423],[-89.634044,39.855648],[-89.634044,39.85568],[-89.634039,39.855855],[-89.634028,39.856029],[-89.634012,39.856203],[-89.63399,39.856376],[-89.633704,39.858403],[-89.633488,39.858403],[-89.633436,39.858796],[-89.633401,39.85906],[-89.633284,39.860556],[-89.633215,39.860887],[-89.633163,39.861339],[-89.633152,39.861418],[-89.633143,39.861463],[-89.63305,39.861463],[-89.632983,39.861463],[-89.632886,39.861463],[-89.632785,39.861474],[-89.63272,39.861482],[-89.629327,39.860259],[-89.627348,39.86127],[-89.626637,39.862725],[-89.626547,39.864317],[-89.626121,39.865483],[-89.625247,39.866402],[-89.622781,39.867207],[-89.618432,39.868419],[-89.617535,39.868711],[-89.616007,39.869637],[-89.615867,39.869722],[-89.615633,39.86988],[-89.614526,39.870632],[-89.6145,39.87065],[-89.614468,39.870664],[-89.614107,39.870804],[-89.614071,39.870768],[-89.614059,39.870756],[-89.614038,39.870768],[-89.613978,39.870804],[-89.613958,39.870817],[-89.613957,39.87083],[-89.613956,39.87087],[-89.613956,39.870884],[-89.613887,39.87091],[-89.61353,39.871207],[-89.613006,39.871546],[-89.61297,39.871639],[-89.612555,39.871579],[-89.611916,39.871675],[-89.611585,39.871594],[-89.611278,39.8714],[-89.611052,39.870972],[-89.611254,39.86952],[-89.610786,39.868075],[-89.61031,39.867679],[-89.60989,39.867534],[-89.609839,39.867497],[-89.609767,39.867469],[-89.609654,39.867425],[-89.609544,39.867429],[-89.609504,39.867431],[-89.609468,39.867437],[-89.609287,39.866477],[-89.608835,39.866066],[-89.608213,39.865872],[-89.607898,39.866235],[-89.607882,39.86672],[-89.608051,39.867326],[-89.60881,39.868939],[-89.60881,39.869303],[-89.608738,39.869747],[-89.608552,39.869989],[-89.608012,39.870193],[-89.607258,39.870365],[-89.606877,39.870435],[-89.606805,39.87042],[-89.606021,39.870196],[-89.605947,39.870174],[-89.605416,39.869994],[-89.605402,39.869989],[-89.605334,39.869973],[-89.605278,39.869963],[-89.605229,39.869958],[-89.605162,39.869955],[-89.605104,39.869952],[-89.605085,39.869948],[-89.605074,39.869944],[-89.605057,39.869932],[-89.605051,39.869923],[-89.605038,39.869915],[-89.60476,39.869854],[-89.604399,39.869809],[-89.604278,39.869807],[-89.604253,39.869814],[-89.604202,39.869822],[-89.604169,39.869826],[-89.604146,39.869833],[-89.604061,39.869857],[-89.603974,39.869884],[-89.603867,39.869913],[-89.60382,39.869927],[-89.603777,39.86994],[-89.603623,39.869968],[-89.603555,39.869984],[-89.603489,39.86999],[-89.603433,39.869992],[-89.603389,39.869992],[-89.603334,39.869962],[-89.603057,39.869968],[-89.603011,39.869967],[-89.602987,39.869888],[-89.602167,39.870073],[-89.601085,39.870703],[-89.60031,39.871252],[-89.599455,39.871656],[-89.599019,39.871785],[-89.597498,39.871868],[-89.597499,39.871787],[-89.5975,39.871742],[-89.597502,39.871616],[-89.597503,39.87154],[-89.597504,39.871465],[-89.5975,39.871446],[-89.597488,39.871389],[-89.597484,39.871371],[-89.597236,39.871388],[-89.596495,39.871442],[-89.596449,39.871445],[-89.596336,39.869953],[-89.596195,39.868233],[-89.5959,39.864256],[-89.595798,39.863172],[-89.595618,39.860589],[-89.595591,39.860201],[-89.595522,39.859621],[-89.595036,39.853279],[-89.594962,39.852569],[-89.594857,39.851238],[-89.594545,39.847248],[-89.594459,39.846142],[-89.594454,39.84608],[-89.594441,39.845919],[-89.594439,39.845893],[-89.594427,39.845714],[-89.594306,39.844259],[-89.59424,39.843511],[-89.593581,39.83557],[-89.593565,39.835294],[-89.593547,39.834897],[-89.59353,39.834756],[-89.593459,39.834184],[-89.593429,39.833722],[-89.59334,39.832338],[-89.593311,39.831878],[-89.593248,39.831544],[-89.59324,39.831345],[-89.593193,39.830744],[-89.593001,39.827664],[-89.592979,39.827426],[-89.592817,39.825622],[-89.592805,39.825403],[-89.592757,39.823997],[-89.592755,39.823396],[-89.592763,39.823039],[-89.592767,39.822793],[-89.592852,39.820167],[-89.592884,39.819209],[-89.592912,39.818528],[-89.592987,39.816757],[-89.592998,39.816488],[-89.593027,39.815808],[-89.593081,39.814492],[-89.593102,39.813533],[-89.593183,39.812487],[-89.593189,39.811663],[-89.59321,39.81144],[-89.593237,39.811062],[-89.593243,39.81091],[-89.593275,39.810636],[-89.593382,39.809713],[-89.593419,39.809489],[-89.593478,39.809145],[-89.593605,39.808516],[-89.59372,39.807996],[-89.593938,39.807149],[-89.594173,39.806329],[-89.593876,39.806277],[-89.593485,39.806214],[-89.593665,39.805588],[-89.593718,39.805394],[-89.593793,39.805127],[-89.593823,39.804949],[-89.593842,39.804867],[-89.593856,39.804784],[-89.593865,39.804701],[-89.593868,39.804618],[-89.593865,39.804517],[-89.593854,39.804416],[-89.593835,39.804316],[-89.593808,39.804217],[-89.593774,39.80412],[-89.593732,39.804024],[-89.593679,39.803923],[-89.593618,39.803826],[-89.593553,39.803711],[-89.593197,39.803369],[-89.593074,39.803251],[-89.592944,39.803128],[-89.592804,39.80302],[-89.592619,39.802893],[-89.592538,39.802838],[-89.592426,39.802778],[-89.59231,39.802724],[-89.59219,39.802674],[-89.591746,39.802533],[-89.591612,39.802491],[-89.59159,39.802492],[-89.591518,39.802496],[-89.59139,39.802503],[-89.590366,39.802557],[-89.58939,39.802837],[-89.588297,39.803332],[-89.58816,39.803396],[-89.587817,39.803557],[-89.587797,39.80353],[-89.587698,39.803394],[-89.587626,39.803294],[-89.587487,39.803102],[-89.587412,39.802999],[-89.587767,39.802842],[-89.58829,39.802656],[-89.589244,39.802339],[-89.589374,39.80223],[-89.589779,39.802119],[-89.589732,39.802118],[-89.589472,39.802131],[-89.589095,39.802224],[-89.58891,39.802241],[-89.588676,39.802241],[-89.588291,39.802254],[-89.587695,39.802246],[-89.586963,39.802238],[-89.586803,39.802242],[-89.586785,39.801159],[-89.586814,39.794193],[-89.586814,39.794167],[-89.586447,39.794015],[-89.581989,39.794073],[-89.58216,39.793906],[-89.582274,39.793813],[-89.582498,39.793664],[-89.582722,39.793516],[-89.582842,39.793424],[-89.582962,39.793331],[-89.583149,39.793187],[-89.583412,39.792814],[-89.583462,39.79266],[-89.583469,39.792501],[-89.58339,39.792314],[-89.583291,39.792127],[-89.583063,39.791897],[-89.582985,39.791804],[-89.582864,39.791595],[-89.582849,39.791463],[-89.582921,39.791337],[-89.583006,39.791233],[-89.583079,39.791168],[-89.583152,39.791103],[-89.58323,39.791066],[-89.583363,39.791035],[-89.583454,39.791018],[-89.583545,39.791011],[-89.583591,39.791014],[-89.583682,39.791006],[-89.584048,39.790992],[-89.58414,39.790995],[-89.584277,39.790989],[-89.584322,39.790984],[-89.584414,39.790984],[-89.584596,39.790977],[-89.584642,39.79098],[-89.58478,39.790965],[-89.585009,39.790928],[-89.585097,39.790906],[-89.585225,39.790866],[-89.585306,39.790834],[-89.585351,39.790823],[-89.5855,39.790739],[-89.585539,39.790721],[-89.585718,39.790605],[-89.586013,39.790335],[-89.586134,39.790229],[-89.586327,39.790076],[-89.586388,39.790023],[-89.586565,39.789906],[-89.586723,39.789833],[-89.586799,39.789792],[-89.586879,39.789756],[-89.586962,39.789725],[-89.587083,39.789673],[-89.587199,39.789615],[-89.587651,39.789306],[-89.587725,39.789263],[-89.587867,39.789171],[-89.588055,39.789067],[-89.588258,39.788962],[-89.588286,39.788947],[-89.588401,39.788888],[-89.588604,39.788801],[-89.588683,39.788763],[-89.588831,39.788719],[-89.589119,39.788635],[-89.589817,39.788441],[-89.589903,39.788413],[-89.589985,39.78838],[-89.590097,39.788318],[-89.590165,39.788271],[-89.590271,39.788154],[-89.59037,39.788035],[-89.590405,39.78797],[-89.590447,39.787908],[-89.590491,39.787846],[-89.590504,39.787812],[-89.590541,39.787749],[-89.590552,39.787715],[-89.590589,39.787651],[-89.590618,39.787548],[-89.590667,39.787331],[-89.590703,39.78717],[-89.590758,39.786852],[-89.590792,39.786358],[-89.590782,39.786184],[-89.590773,39.786114],[-89.590717,39.785978],[-89.590699,39.785945],[-89.590654,39.785884],[-89.590579,39.785803],[-89.59044,39.785651],[-89.590404,39.785628],[-89.590248,39.78555],[-89.590174,39.785507],[-89.59001,39.785437],[-89.589755,39.785353],[-89.589667,39.785329],[-89.589501,39.785265],[-89.589366,39.78517],[-89.589203,39.785046],[-89.589112,39.784921],[-89.589096,39.784888],[-89.589092,39.784852],[-89.589093,39.784766],[-89.589104,39.784731],[-89.589151,39.784632],[-89.589265,39.78452],[-89.589307,39.784505],[-89.589381,39.784464],[-89.589536,39.784388],[-89.589746,39.784249],[-89.589811,39.784197],[-89.58987,39.784143],[-89.589891,39.784112],[-89.589945,39.784055],[-89.58999,39.783993],[-89.590058,39.783861],[-89.590094,39.783723],[-89.590095,39.783688],[-89.590109,39.783619],[-89.59011,39.783548],[-89.590118,39.783514],[-89.590092,39.783373],[-89.590062,39.783269],[-89.590019,39.783169],[-89.589998,39.783137],[-89.589881,39.782907],[-89.589659,39.782593],[-89.589605,39.782536],[-89.589569,39.782505],[-89.589453,39.782406],[-89.589098,39.782179],[-89.588995,39.782108],[-89.588881,39.781952],[-89.588756,39.781613],[-89.588726,39.781546],[-89.588649,39.781287],[-89.588644,39.781271],[-89.588628,39.781201],[-89.588613,39.781025],[-89.588594,39.780777],[-89.588623,39.780566],[-89.58864,39.780495],[-89.588653,39.780462],[-89.588725,39.780331],[-89.588764,39.78027],[-89.588808,39.780203],[-89.588864,39.780131],[-89.586544,39.778745],[-89.584839,39.777725],[-89.583782,39.777134],[-89.583894,39.776987],[-89.583112,39.776509],[-89.581465,39.7755],[-89.580794,39.775081],[-89.58077,39.775063],[-89.579901,39.774538],[-89.580057,39.774397],[-89.580225,39.773896],[-89.580232,39.773879],[-89.580242,39.773816],[-89.580237,39.773751],[-89.580227,39.773723],[-89.580209,39.773677],[-89.580158,39.773605],[-89.580089,39.773542],[-89.58002,39.773498],[-89.579388,39.773162],[-89.579306,39.773119],[-89.579287,39.773109],[-89.579182,39.77304],[-89.579092,39.772959],[-89.57902,39.772868],[-89.578974,39.772788],[-89.578938,39.772688],[-89.578923,39.772602],[-89.578867,39.771982],[-89.578807,39.77079],[-89.578804,39.770491],[-89.578803,39.770291],[-89.578801,39.770074],[-89.578798,39.769662],[-89.578794,39.76926],[-89.578794,39.769221],[-89.578664,39.769225],[-89.578655,39.76813],[-89.577914,39.768111],[-89.577255,39.76811],[-89.577247,39.767505],[-89.577921,39.767501],[-89.57865,39.767498],[-89.57865,39.767429],[-89.578648,39.767327],[-89.578637,39.766672],[-89.578626,39.766072],[-89.577947,39.766073],[-89.577557,39.766073],[-89.577556,39.765999],[-89.577552,39.765608],[-89.576913,39.765614],[-89.574869,39.76562],[-89.573971,39.765623],[-89.573686,39.765625],[-89.573467,39.765621],[-89.573219,39.765616],[-89.572934,39.76561],[-89.572685,39.765605],[-89.572397,39.765599],[-89.572154,39.765594],[-89.5716,39.765582],[-89.570985,39.76557],[-89.569437,39.765538],[-89.569371,39.759984],[-89.569351,39.758294],[-89.569645,39.758296],[-89.572914,39.758323],[-89.573714,39.75833],[-89.573728,39.758332],[-89.573789,39.758332],[-89.573735,39.758214],[-89.573689,39.758138],[-89.573667,39.758102],[-89.573605,39.758024],[-89.573566,39.757976],[-89.573548,39.757955],[-89.573443,39.757846],[-89.57322,39.757634],[-89.572982,39.757433],[-89.572791,39.757287],[-89.571121,39.756063],[-89.57105,39.755999],[-89.570996,39.755925],[-89.570963,39.755845],[-89.570954,39.755803],[-89.570946,39.755748],[-89.570918,39.755564],[-89.570508,39.755501],[-89.570479,39.755495],[-89.57017,39.755436],[-89.569836,39.755361],[-89.569506,39.755274],[-89.569311,39.755217],[-89.568918,39.755088],[-89.568725,39.755017],[-89.566975,39.754358],[-89.566393,39.754139],[-89.56653,39.754067],[-89.567149,39.753891],[-89.567767,39.7537],[-89.567846,39.753677],[-89.568116,39.753556],[-89.568351,39.753397],[-89.56845,39.753254],[-89.568564,39.75293],[-89.568649,39.752387],[-89.568742,39.75203],[-89.568856,39.751794],[-89.569083,39.75147],[-89.569396,39.751217],[-89.569908,39.750981],[-89.570484,39.750762],[-89.570676,39.75069],[-89.571074,39.75052],[-89.571242,39.750436],[-89.571359,39.750377],[-89.571608,39.750158],[-89.571687,39.750022],[-89.57155,39.749985],[-89.571621,39.74999],[-89.571638,39.74997],[-89.571666,39.749943],[-89.571728,39.749849],[-89.571781,39.749752],[-89.571824,39.749637],[-89.571833,39.749615],[-89.571856,39.749511],[-89.571859,39.749405],[-89.571849,39.749264],[-89.571813,39.749125],[-89.57166,39.748645],[-89.571649,39.748622],[-89.571629,39.748579],[-89.571511,39.748301],[-89.571397,39.74807],[-89.57135,39.74798],[-89.571261,39.747793],[-89.571229,39.747729],[-89.571236,39.747578],[-89.57103,39.747246],[-89.570732,39.746784],[-89.570489,39.746466],[-89.570435,39.746395],[-89.570068,39.745968],[-89.569962,39.745827],[-89.56987,39.74567],[-89.569702,39.745342],[-89.569542,39.744671],[-89.569427,39.744293],[-89.569321,39.743996],[-89.569176,39.743664],[-89.569092,39.743542],[-89.568932,39.743359],[-89.568108,39.742695],[-89.567703,39.742294],[-89.567603,39.742183],[-89.567467,39.742031],[-89.567324,39.741851],[-89.567438,39.741626],[-89.567505,39.741531],[-89.567573,39.741434],[-89.567751,39.741247],[-89.567914,39.741104],[-89.568248,39.740912],[-89.56849,39.740813],[-89.568767,39.740769],[-89.569251,39.740736],[-89.569443,39.740698],[-89.569884,39.740462],[-89.570069,39.740324],[-89.570133,39.740248],[-89.570161,39.740006],[-89.570104,39.739902],[-89.570026,39.739704],[-89.570004,39.739567],[-89.57004,39.739364],[-89.570083,39.739205],[-89.570147,39.739012],[-89.570331,39.738743],[-89.570438,39.738661],[-89.570573,39.738579],[-89.570737,39.738507],[-89.570836,39.738425],[-89.570914,39.73826],[-89.570964,39.738041],[-89.571021,39.737667],[-89.571035,39.73749],[-89.571049,39.737311],[-89.571099,39.737003],[-89.571201,39.736816],[-89.571319,39.73663],[-89.57153,39.736439],[-89.57166,39.736322],[-89.571873,39.736114],[-89.571959,39.736031],[-89.572321,39.735735],[-89.572703,39.735345],[-89.57299,39.735054],[-89.573132,39.734928],[-89.573199,39.734846],[-89.573231,39.734807],[-89.573251,39.734748],[-89.573267,39.734703],[-89.573231,39.734582],[-89.573164,39.734435],[-89.573092,39.73435],[-89.57284,39.734214],[-89.572665,39.734142],[-89.57265,39.734136],[-89.572549,39.734094],[-89.572364,39.734],[-89.572243,39.733869],[-89.572193,39.733688],[-89.572207,39.733545],[-89.572328,39.733386],[-89.572506,39.733254],[-89.572648,39.733166],[-89.57284,39.733122],[-89.573087,39.733074],[-89.573323,39.733056],[-89.573554,39.733011],[-89.573553,39.732971],[-89.573551,39.73287],[-89.573814,39.732869],[-89.578335,39.732837],[-89.579063,39.731878],[-89.579247,39.731635],[-89.578262,39.731474],[-89.578255,39.730472],[-89.578305,39.73047],[-89.57847,39.730464],[-89.578641,39.730415],[-89.578847,39.730316],[-89.578862,39.730305],[-89.579152,39.730118],[-89.579522,39.72991],[-89.579707,39.729767],[-89.579927,39.729646],[-89.580162,39.729542],[-89.580357,39.729371],[-89.580439,39.7293],[-89.580567,39.729081],[-89.580602,39.728998],[-89.580611,39.72886],[-89.580672,39.728858],[-89.580857,39.728854],[-89.580919,39.728853],[-89.58094,39.728976],[-89.581004,39.729347],[-89.581026,39.729471],[-89.581119,39.729352],[-89.58123,39.729237],[-89.581245,39.729223],[-89.581384,39.729107],[-89.581511,39.72902],[-89.581676,39.728927],[-89.581853,39.728848],[-89.582033,39.728774],[-89.582321,39.728656],[-89.582461,39.728599],[-89.582843,39.728433],[-89.582861,39.728426],[-89.58288,39.728418],[-89.582974,39.728376],[-89.583356,39.728206],[-89.583466,39.728152],[-89.58353,39.728122],[-89.583697,39.728028],[-89.583885,39.727905],[-89.584058,39.727769],[-89.584362,39.727511],[-89.584384,39.727492],[-89.58453,39.727385],[-89.584566,39.727361],[-89.584655,39.727303],[-89.584762,39.727242],[-89.584793,39.727228],[-89.584902,39.727183],[-89.585052,39.72714],[-89.585207,39.727113],[-89.585316,39.727104],[-89.58534,39.727104],[-89.585361,39.727104],[-89.585576,39.727098],[-89.586359,39.72708],[-89.58662,39.727074],[-89.587052,39.727064],[-89.587579,39.727052],[-89.58835,39.727034],[-89.588783,39.727024],[-89.589677,39.727002],[-89.59236,39.72694],[-89.592462,39.726938],[-89.593255,39.726919],[-89.593971,39.726902],[-89.594157,39.726898],[-89.595059,39.726877],[-89.595277,39.726871],[-89.595949,39.726856],[-89.596122,39.726851],[-89.596839,39.726835],[-89.596817,39.726787],[-89.596824,39.726699],[-89.596874,39.726628],[-89.596973,39.726567],[-89.597229,39.726496],[-89.597378,39.726441],[-89.597464,39.726331],[-89.597436,39.72626],[-89.597357,39.726205],[-89.597614,39.726277],[-89.598019,39.726193],[-89.598021,39.726176],[-89.59843,39.726484],[-89.598478,39.726475],[-89.598793,39.726327],[-89.599181,39.726666],[-89.5993,39.726619],[-89.599334,39.726607],[-89.599352,39.726598],[-89.599434,39.726558],[-89.599507,39.726523],[-89.599545,39.726501],[-89.599562,39.726492],[-89.599619,39.726458],[-89.59964,39.726446],[-89.599674,39.726426],[-89.599754,39.72638],[-89.599817,39.726342],[-89.600007,39.726231],[-89.600071,39.726194],[-89.600098,39.726178],[-89.60018,39.72613],[-89.600207,39.726114],[-89.600279,39.726073],[-89.600371,39.726003],[-89.600461,39.725939],[-89.600549,39.725843],[-89.600574,39.72581],[-89.600673,39.72567],[-89.600698,39.725634],[-89.600707,39.72562],[-89.600745,39.725563],[-89.600766,39.725525],[-89.600826,39.725414],[-89.600887,39.72526],[-89.600893,39.725237],[-89.600922,39.725128],[-89.600942,39.724995],[-89.600947,39.724834],[-89.600938,39.724591],[-89.600933,39.724496],[-89.600918,39.724337],[-89.600914,39.724304],[-89.600862,39.723853],[-89.600859,39.723819],[-89.600863,39.72373],[-89.600864,39.723715],[-89.600884,39.72363],[-89.600917,39.723547],[-89.600862,39.72338],[-89.600833,39.723238],[-89.600819,39.723095],[-89.600819,39.722981],[-89.600832,39.722861],[-89.60086,39.722742],[-89.600903,39.722626],[-89.600974,39.722493],[-89.601047,39.722387],[-89.6011,39.722326],[-89.601153,39.722267],[-89.601276,39.722159],[-89.601343,39.722109],[-89.60141,39.722066],[-89.601465,39.722031],[-89.60162,39.721953],[-89.601694,39.721923],[-89.60173,39.721909],[-89.60181,39.721878],[-89.602161,39.721749],[-89.602279,39.721707],[-89.602741,39.721539],[-89.603118,39.721401],[-89.603437,39.721285],[-89.60404,39.721064],[-89.604172,39.721017],[-89.604362,39.720941],[-89.60447,39.72089],[-89.604544,39.720855],[-89.60475,39.720738],[-89.604912,39.720631],[-89.605092,39.72049],[-89.605256,39.720338],[-89.605378,39.720203],[-89.605431,39.720134],[-89.605488,39.720062],[-89.605602,39.719884],[-89.605695,39.7197],[-89.605767,39.71951],[-89.605774,39.719481],[-89.60581,39.719349],[-89.605812,39.719336],[-89.605831,39.719221],[-89.605838,39.719186],[-89.605842,39.719144],[-89.60585,39.719054],[-89.605853,39.718984],[-89.605858,39.718874],[-89.605864,39.718759],[-89.605871,39.718597],[-89.605874,39.718539],[-89.605891,39.718207],[-89.605904,39.71808],[-89.605939,39.717929],[-89.605954,39.717888],[-89.605984,39.717807],[-89.606042,39.717687],[-89.606085,39.717615],[-89.606114,39.717573],[-89.606167,39.7175],[-89.606211,39.717449],[-89.606263,39.71739],[-89.606371,39.717288],[-89.606384,39.717277],[-89.60649,39.717194],[-89.606541,39.717158],[-89.606676,39.717076],[-89.606767,39.71703],[-89.606849,39.716991],[-89.607001,39.716931],[-89.607161,39.716882],[-89.607325,39.716844],[-89.607493,39.716818],[-89.607697,39.716802],[-89.608024,39.716791],[-89.608103,39.716788],[-89.608343,39.716779],[-89.608423,39.716777],[-89.608602,39.716771],[-89.608657,39.716769],[-89.608824,39.716763],[-89.60923,39.71675],[-89.609361,39.716744],[-89.609596,39.716735],[-89.610153,39.716704],[-89.610362,39.716688],[-89.610575,39.716672],[-89.610709,39.716662],[-89.611052,39.716633],[-89.611172,39.716623],[-89.611214,39.716619],[-89.61124,39.716617],[-89.611732,39.716563],[-89.611977,39.716527],[-89.612216,39.716476],[-89.612449,39.716409],[-89.612631,39.716341],[-89.612674,39.716326],[-89.612854,39.716247],[-89.61299,39.716178],[-89.613152,39.716083],[-89.613306,39.715979],[-89.613383,39.715921],[-89.613447,39.715871],[-89.613733,39.71565],[-89.613866,39.715549],[-89.614016,39.715446],[-89.61415,39.715354],[-89.614635,39.715068],[-89.614894,39.714938],[-89.615161,39.714817],[-89.615491,39.714686],[-89.615595,39.714649],[-89.615685,39.714617],[-89.615774,39.714588],[-89.615793,39.714582],[-89.616001,39.714524],[-89.616107,39.714501],[-89.616702,39.714384],[-89.616795,39.714366],[-89.617027,39.714331],[-89.617309,39.714303],[-89.617513,39.714293],[-89.618348,39.714269],[-89.623146,39.71413],[-89.623207,39.714128],[-89.623302,39.714129],[-89.623404,39.714137],[-89.623553,39.714164],[-89.623673,39.714199],[-89.623786,39.714245],[-89.623911,39.714314],[-89.624004,39.714382],[-89.624615,39.714881],[-89.624906,39.715118],[-89.625023,39.715206],[-89.625151,39.715285],[-89.625315,39.715366],[-89.625431,39.715413],[-89.626341,39.715744],[-89.626585,39.715342],[-89.626648,39.71524],[-89.626704,39.715153],[-89.626831,39.714985],[-89.626977,39.714826],[-89.627141,39.714677],[-89.62729,39.714563],[-89.627449,39.714457],[-89.627589,39.714376],[-89.627618,39.71436],[-89.627832,39.714257],[-89.628019,39.714184],[-89.628057,39.714169],[-89.6282,39.714125],[-89.628292,39.714097],[-89.628493,39.714049],[-89.628739,39.714007],[-89.628758,39.714004],[-89.628864,39.713992],[-89.628948,39.713985],[-89.629022,39.71398],[-89.629078,39.713977],[-89.629134,39.713975],[-89.629446,39.713967],[-89.629442,39.713863],[-89.629651,39.71386],[-89.629748,39.713862],[-89.62975,39.71396],[-89.629771,39.713959],[-89.629834,39.713958],[-89.629856,39.713958],[-89.629984,39.713955],[-89.630182,39.71395],[-89.630388,39.713945],[-89.630421,39.713944],[-89.630495,39.713943],[-89.630522,39.713942],[-89.630556,39.713942],[-89.63133,39.713924],[-89.631814,39.713913],[-89.631949,39.713908],[-89.632485,39.71389],[-89.633527,39.713854],[-89.633654,39.713854],[-89.634346,39.713855],[-89.634429,39.713855],[-89.635126,39.713846],[-89.636677,39.713826],[-89.63722,39.713819],[-89.637918,39.713811],[-89.638228,39.713806],[-89.639158,39.713795],[-89.639469,39.713792],[-89.639871,39.713787],[-89.641079,39.713773],[-89.641482,39.713769],[-89.641954,39.713763],[-89.643371,39.713747],[-89.643679,39.713744],[-89.643976,39.713741],[-89.644347,39.713736],[-89.645461,39.713725],[-89.645833,39.713721],[-89.645926,39.713719],[-89.646211,39.713715],[-89.646306,39.713715],[-89.646472,39.713713],[-89.646601,39.713711],[-89.647279,39.713704],[-89.647584,39.713701],[-89.647674,39.7137],[-89.647797,39.713699],[-89.647945,39.713697],[-89.648036,39.713696],[-89.648072,39.713695],[-89.648182,39.713694],[-89.648219,39.713694],[-89.648553,39.71369],[-89.648812,39.713685],[-89.649666,39.713671],[-89.649754,39.71367],[-89.649851,39.713669],[-89.650594,39.713661],[-89.651189,39.713656],[-89.651601,39.713652],[-89.652838,39.71364],[-89.653251,39.713637],[-89.653255,39.714049],[-89.653269,39.715286],[-89.653269,39.715327],[-89.653274,39.715699],[-89.653277,39.716038],[-89.653288,39.717057],[-89.653288,39.717076],[-89.653289,39.717162]]]},"properties":{"ID":2,"DISTRICT":"2","DISTRICTN":2}},
{"type":"Feature","geometry":{"type":"Polygon","coordinates":[[[-90.599105,39.79006],[-90.597762,39.790096],[-90.594672,39.790057],[-90.58863,39.790053],[-90.587648,39.790035],[-90.586466,39.790023],[-90.586325,39.790022],[-90.574042,39.789929],[-90.573547,39.789925],[-90.567613,39.78988],[-90.560762,39.789872],[-90.55839,39.789864],[-90.55608,39.789846],[-90.555885,39.789845],[-90.555803,39.789844],[-90.555713,39.78984],[-90.550479,39.789793],[-90.549291,39.789782],[-90.547769,39.789768],[-90.532619,39.789631],[-90.518686,39.789505],[-90.517946,39.789498],[-90.517333,39.789493],[-90.501203,39.789371],[-90.498853,39.789353],[-90.497134,39.78934],[-90.487289,39.789262],[-90.486761,39.789258],[-90.483063,39.78924],[-90.483087,39.784748],[-90.483099,39.782399],[-90.483105,39.781208],[-90.483106,39.781178],[-90.483093,39.781037],[-90.483111,39.78061],[-90.483113,39.780408],[-90.483122,39.779474],[-90.483117,39.779333],[-90.483124,39.779192],[-90.483134,39.778072],[-90.48314,39.777349],[-90.483147,39.777208],[-90.483178,39.777071],[-90.483213,39.777008],[-90.483248,39.776943],[-90.48336,39.776832],[-90.483487,39.77673],[-90.483586,39.77661],[-90.483619,39.776468],[-90.483595,39.776327],[-90.483535,39.776193],[-90.483467,39.776082],[-90.483222,39.775686],[-90.48314,39.775523],[-90.483121,39.775452],[-90.48311,39.77538],[-90.48311,39.775301],[-90.483109,39.7752],[-90.483132,39.775081],[-90.483144,39.775022],[-90.483183,39.774846],[-90.483193,39.774771],[-90.483214,39.774634],[-90.483225,39.774494],[-90.483223,39.774281],[-90.4832,39.774069],[-90.483149,39.773755],[-90.483113,39.773562],[-90.483113,39.77351],[-90.483112,39.773441],[-90.483111,39.773091],[-90.483154,39.771554],[-90.483156,39.771486],[-90.483168,39.768018],[-90.483169,39.767803],[-90.483171,39.767712],[-90.483176,39.767399],[-90.483276,39.761624],[-90.483283,39.760005],[-90.483283,39.759921],[-90.483285,39.759573],[-90.483286,39.75937],[-90.483308,39.754224],[-90.483309,39.75421],[-90.48331,39.754104],[-90.483311,39.75402],[-90.483316,39.753434],[-90.483318,39.753238],[-90.461693,39.753222],[-90.461018,39.753222],[-90.460759,39.753221],[-90.451352,39.753214],[-90.450444,39.753213],[-90.450065,39.753213],[-90.444242,39.753208],[-90.443726,39.753208],[-90.442887,39.753207],[-90.43816,39.753204],[-90.436737,39.753253],[-90.43269,39.75335],[-90.427936,39.753364],[-90.425818,39.753356],[-90.424095,39.753349],[-90.424013,39.753349],[-90.423263,39.753346],[-90.423037,39.753345],[-90.418546,39.753328],[-90.418486,39.753328],[-90.412448,39.753305],[-90.41242,39.753305],[-90.40887,39.753291],[-90.408825,39.753291],[-90.406735,39.753283],[-90.401038,39.753261],[-90.400325,39.753262],[-90.399785,39.753264],[-90.397463,39.753158],[-90.388815,39.753146],[-90.387697,39.753145],[-90.386765,39.753144],[-90.376784,39.75313],[-90.37592,39.75313],[-90.375258,39.753128],[-90.371256,39.753122],[-90.371295,39.750041],[-90.371353,39.74631],[-90.371362,39.745865],[-90.371413,39.743488],[-90.371453,39.741479],[-90.371656,39.731329],[-90.37173,39.727603],[-90.371827,39.722726],[-90.371933,39.717441],[-90.371946,39.716756],[-90.372068,39.710694],[-90.37211,39.709834],[-90.372115,39.709726],[-90.372339,39.698158],[-90.372403,39.694884],[-90.37249,39.690373],[-90.372526,39.688518],[-90.372621,39.68449],[-90.3727,39.680432],[-90.372706,39.680266],[-90.372711,39.680133],[-90.372703,39.68012],[-90.37271,39.679892],[-90.37271,39.679875],[-90.372833,39.673097],[-90.372833,39.673025],[-90.372935,39.666369],[-90.372969,39.665781],[-90.361076,39.66569],[-90.354841,39.665643],[-90.34708,39.665594],[-90.339992,39.665559],[-90.339693,39.665562],[-90.337812,39.665583],[-90.337953,39.656196],[-90.338041,39.650615],[-90.338041,39.650593],[-90.337933,39.649997],[-90.337905,39.649619],[-90.337906,39.649558],[-90.338004,39.643807],[-90.338044,39.641426],[-90.338064,39.640231],[-90.338123,39.63672],[-90.338126,39.636633],[-90.324887,39.636602],[-90.321587,39.636594],[-90.321198,39.636593],[-90.317273,39.636583],[-90.316628,39.636581],[-90.316501,39.636606],[-90.316402,39.63659],[-90.316193,39.63657],[-90.316073,39.636559],[-90.315936,39.636559],[-90.315492,39.636558],[-90.307641,39.636549],[-90.300666,39.636541],[-90.300748,39.629768],[-90.300763,39.628485],[-90.300778,39.625045],[-90.300804,39.622118],[-90.300843,39.619862],[-90.300917,39.61285],[-90.300921,39.612449],[-90.300926,39.611997],[-90.300968,39.608039],[-90.300972,39.607671],[-90.301176,39.607669],[-90.301354,39.607668],[-90.301443,39.607668],[-90.30157,39.602499],[-90.301613,39.600781],[-90.301773,39.594329],[-90.301785,39.593911],[-90.301799,39.593318],[-90.301776,39.586299],[-90.301774,39.585924],[-90.301775,39.584974],[-90.30176,39.574971],[-90.301781,39.56903],[-90.301801,39.563169],[-90.301813,39.5599],[-90.301813,39.559753],[-90.301814,39.559575],[-90.301815,39.559296],[-90.301815,39.559155],[-90.301815,39.558949],[-90.301823,39.556787],[-90.301834,39.553719],[-90.301873,39.542193],[-90.301873,39.541466],[-90.301846,39.527905],[-90.301846,39.52762],[-90.301845,39.527216],[-90.301834,39.521634],[-90.301831,39.520344],[-90.293124,39.52028],[-90.290273,39.520259],[-90.277019,39.520161],[-90.275563,39.520149],[-90.274877,39.520145],[-90.270596,39.520114],[-90.270256,39.520084],[-90.269867,39.520054],[-90.269696,39.520039],[-90.269637,39.520034],[-90.269246,39.520028],[-90.265578,39.519989],[-90.264488,39.520005],[-90.263599,39.520003],[-90.258561,39.519989],[-90.258544,39.519989],[-90.2534,39.519975],[-90.25325,39.519975],[-90.252512,39.519973],[-90.252388,39.519973],[-90.251996,39.519972],[-90.251804,39.519971],[-90.251733,39.519971],[-90.24818,39.519981],[-90.247322,39.519961],[-90.246777,39.519949],[-90.246613,39.519953],[-90.245879,39.519945],[-90.245842,39.519945],[-90.233893,39.519988],[-90.233606,39.519989],[-90.2309,39.519999],[-90.230796,39.519999],[-90.230656,39.52],[-90.229964,39.520261],[-90.22987,39.520267],[-90.229835,39.520269],[-90.229555,39.520242],[-90.229396,39.52022],[-90.228512,39.520052],[-90.228103,39.520007],[-90.227326,39.520008],[-90.22723,39.520005],[-90.223337,39.519975],[-90.222853,39.519971],[-90.222518,39.519969],[-90.220122,39.519955],[-90.219959,39.519954],[-90.219622,39.519954],[-90.219037,39.519952],[-90.218211,39.51997],[-90.216082,39.519993],[-90.215941,39.519994],[-90.21453,39.520025],[-90.214012,39.520026],[-90.213711,39.520026],[-90.21369,39.520026],[-90.211702,39.520029],[-90.21163,39.520029],[-90.210093,39.520032],[-90.207479,39.520087],[-90.203478,39.520107],[-90.200579,39.520121],[-90.196659,39.52014],[-90.196068,39.520122],[-90.195586,39.520108],[-90.19538,39.520105],[-90.195288,39.520103],[-90.194864,39.520098],[-90.194552,39.520098],[-90.194109,39.520092],[-90.193767,39.520091],[-90.193495,39.520093],[-90.193183,39.520099],[-90.192954,39.5201],[-90.192726,39.520103],[-90.192527,39.520105],[-90.192385,39.520106],[-90.192074,39.520112],[-90.19164,39.520122],[-90.191445,39.520139],[-90.191263,39.520155],[-90.191144,39.520166],[-90.189839,39.520177],[-90.189669,39.520178],[-90.188977,39.520184],[-90.188199,39.520128],[-90.187462,39.520067],[-90.187025,39.520036],[-90.186808,39.520026],[-90.186587,39.520021],[-90.186449,39.520028],[-90.185933,39.520056],[-90.185495,39.520084],[-90.184837,39.520114],[-90.183523,39.520126],[-90.18243,39.520148],[-90.182323,39.520159],[-90.182165,39.520177],[-90.178679,39.520193],[-90.178481,39.520194],[-90.178373,39.520195],[-90.177639,39.520198],[-90.177266,39.520184],[-90.177048,39.520225],[-90.176828,39.520239],[-90.176364,39.520236],[-90.172544,39.520216],[-90.172202,39.520218],[-90.170801,39.520225],[-90.170635,39.520226],[-90.164363,39.520259],[-90.164298,39.520259],[-90.16416,39.52026],[-90.163252,39.520265],[-90.163223,39.520265],[-90.158854,39.520317],[-90.153782,39.520315],[-90.15375,39.520315],[-90.153317,39.520338],[-90.152733,39.520343],[-90.150904,39.520356],[-90.150843,39.520356],[-90.150515,39.520359],[-90.149623,39.520365],[-90.147581,39.52038],[-90.137255,39.520455],[-90.136982,39.520459],[-90.136882,39.520457],[-90.136826,39.520457],[-90.136782,39.520458],[-90.136757,39.520458],[-90.136613,39.520459],[-90.136568,39.520459],[-90.135236,39.52047],[-90.132397,39.520494],[-90.132238,39.520495],[-90.132153,39.520492],[-90.131089,39.520499],[-90.13002,39.520507],[-90.129903,39.520448],[-90.129689,39.520365],[-90.129529,39.520328],[-90.129365,39.520313],[-90.129205,39.520324],[-90.129044,39.52035],[-90.128734,39.520424],[-90.128639,39.520442],[-90.128389,39.520488],[-90.128134,39.520511],[-90.127008,39.520506],[-90.125999,39.520513],[-90.125,39.520532],[-90.123139,39.520532],[-90.122526,39.520533],[-90.121461,39.520546],[-90.120418,39.520555],[-90.118915,39.52058],[-90.118688,39.520582],[-90.117424,39.520593],[-90.11439,39.520627],[-90.11345,39.520626],[-90.113401,39.520626],[-90.109681,39.520644],[-90.109185,39.52065],[-90.108856,39.520653],[-90.108653,39.520656],[-90.10676,39.520678],[-90.106594,39.52068],[-90.104986,39.5207],[-90.104961,39.5207],[-90.104188,39.520709],[-90.10391,39.520712],[-90.10386,39.520713],[-90.099857,39.52076],[-90.099669,39.520762],[-90.099524,39.520764],[-90.099384,39.520766],[-90.09896,39.52079],[-90.098849,39.520791],[-90.098761,39.520792],[-90.098717,39.520793],[-90.097993,39.520803],[-90.090191,39.52091],[-90.087592,39.520968],[-90.080487,39.521042],[-90.07451,39.521104],[-90.066813,39.521184],[-90.061374,39.521239],[-90.059938,39.521254],[-90.053117,39.521323],[-90.052932,39.521325],[-90.048623,39.521374],[-90.039953,39.521402],[-90.039122,39.521405],[-90.038933,39.521413],[-90.038838,39.521417],[-90.03379,39.521418],[-90.03161,39.521401],[-90.029284,39.521417],[-90.027043,39.521418],[-90.024733,39.521443],[-90.024609,39.521451],[-90.022721,39.521462],[-90.022259,39.521464],[-90.015076,39.521503],[-90.010341,39.521528],[-90.009396,39.521533],[-90.006347,39.521549],[-90.005894,39.521552],[-90.005317,39.521555],[-89.999678,39.521589],[-89.998767,39.521596],[-89.998552,39.521595],[-89.997186,39.521603],[-89.996935,39.521605],[-89.996373,39.521608],[-89.991589,39.521636],[-89.988398,39.521654],[-89.986614,39.521664],[-89.98246,39.521689],[-89.974968,39.521737],[-89.97018,39.521769],[-89.958969,39.521842],[-89.940607,39.52196],[-89.939873,39.521964],[-89.93978,39.521965],[-89.939752,39.521965],[-89.937939,39.521993],[-89.937826,39.521995],[-89.935907,39.522014],[-89.929885,39.52203],[-89.926245,39.522057],[-89.926188,39.522057],[-89.926107,39.522073],[-89.926037,39.522104],[-89.926047,39.525634],[-89.925399,39.535289],[-89.9252,39.538241],[-89.925198,39.538278],[-89.924904,39.543951],[-89.924901,39.544004],[-89.924453,39.551237],[-89.924001,39.558435],[-89.923982,39.558531],[-89.923955,39.558678],[-89.925314,39.562108],[-89.929627,39.573223],[-89.932143,39.580159],[-89.932147,39.580169],[-89.934978,39.587438],[-89.934989,39.587466],[-89.93551,39.588845],[-89.93775,39.594977],[-89.939327,39.599114],[-89.940445,39.602056],[-89.940458,39.602091],[-89.94309,39.609139],[-89.945711,39.616158],[-89.945724,39.616181],[-89.9458,39.616396],[-89.945959,39.616768],[-89.947419,39.620242],[-89.947472,39.620385],[-89.949294,39.625162],[-89.950599,39.628564],[-89.952011,39.632249],[-89.952503,39.633526],[-89.955675,39.64179],[-89.955678,39.6418],[-89.957351,39.646144],[-89.959826,39.652644],[-89.961299,39.656547],[-89.962593,39.659943],[-89.965254,39.666944],[-89.966299,39.669691],[-89.966327,39.669766],[-89.967036,39.671626],[-89.967041,39.671641],[-89.96811,39.674431],[-89.970848,39.681658],[-89.971298,39.682842],[-89.975911,39.694765],[-89.975921,39.694784],[-89.97651,39.696296],[-89.982211,39.711022],[-89.984745,39.718079],[-89.984821,39.721904],[-89.984802,39.722184],[-89.984828,39.722265],[-89.984863,39.724037],[-89.984867,39.724816],[-89.984865,39.725279],[-89.984892,39.726635],[-89.984946,39.733567],[-89.98495,39.734901],[-89.98493,39.734911],[-89.984953,39.736831],[-89.984955,39.736999],[-89.984956,39.737018],[-89.984959,39.737166],[-89.984983,39.738466],[-89.984989,39.73976],[-89.98499,39.739785],[-89.985009,39.741383],[-89.98501,39.741414],[-89.985036,39.743399],[-89.985041,39.743996],[-89.985028,39.744314],[-89.985007,39.74528],[-89.984987,39.746247],[-89.985067,39.746708],[-89.985071,39.747034],[-89.985163,39.754049],[-89.985243,39.759468],[-89.98527,39.762897],[-89.985291,39.764168],[-89.985294,39.764234],[-89.985365,39.768763],[-89.985524,39.781065],[-89.985526,39.781239],[-89.985562,39.785356],[-89.985562,39.785416],[-89.989797,39.785403],[-89.993539,39.785393],[-89.993579,39.787904],[-89.993607,39.79002],[-89.993646,39.79273],[-89.993656,39.793384],[-89.99384,39.805993],[-89.994054,39.820692],[-89.994071,39.821825],[-89.994137,39.829042],[-89.994138,39.829084],[-89.994271,39.843581],[-89.994271,39.843629],[-89.994362,39.854489],[-89.994389,39.858104],[-89.994371,39.865369],[-89.994405,39.87286],[-90.000112,39.872847],[-90.000665,39.87286],[-90.013366,39.872733],[-90.013386,39.872733],[-90.025637,39.872727],[-90.026122,39.872727],[-90.026159,39.872727],[-90.026644,39.872726],[-90.032266,39.872826],[-90.032612,39.872821],[-90.032628,39.872821],[-90.039127,39.872736],[-90.039211,39.872729],[-90.039307,39.872724],[-90.039437,39.872718],[-90.046526,39.872653],[-90.050684,39.872627],[-90.050696,39.872627],[-90.053168,39.872601],[-90.055423,39.872606],[-90.060123,39.872614],[-90.064865,39.872631],[-90.06959,39.872645],[-90.083379,39.872709],[-90.083561,39.87271],[-90.083921,39.872711],[-90.084707,39.872715],[-90.087708,39.872729],[-90.088019,39.87273],[-90.091278,39.872737],[-90.09129,39.872737],[-90.091767,39.872738],[-90.092633,39.87274],[-90.092804,39.87274],[-90.100312,39.872753],[-90.100476,39.872754],[-90.102594,39.872763],[-90.10269,39.872764],[-90.102946,39.872765],[-90.103002,39.872765],[-90.107106,39.872782],[-90.10719,39.872783],[-90.107226,39.872788],[-90.107276,39.872806],[-90.107532,39.872803],[-90.112158,39.872816],[-90.113182,39.872819],[-90.116758,39.872829],[-90.116904,39.872829],[-90.121643,39.872808],[-90.124709,39.872795],[-90.126145,39.872785],[-90.131064,39.872882],[-90.135693,39.872976],[-90.135819,39.872978],[-90.140533,39.873014],[-90.145226,39.87305],[-90.149765,39.873093],[-90.150017,39.873095],[-90.154692,39.873095],[-90.159509,39.873139],[-90.164376,39.873186],[-90.165646,39.873181],[-90.169065,39.873173],[-90.173759,39.873162],[-90.17849,39.87315],[-90.183301,39.873145],[-90.187919,39.873118],[-90.190673,39.873106],[-90.192604,39.873169],[-90.205857,39.873204],[-90.206838,39.873196],[-90.208488,39.873196],[-90.21048,39.873197],[-90.215682,39.873198],[-90.215721,39.873198],[-90.216196,39.873198],[-90.218039,39.8732],[-90.218276,39.8732],[-90.219911,39.873202],[-90.219936,39.873202],[-90.220345,39.873203],[-90.22057,39.873203],[-90.225153,39.873208],[-90.228675,39.873212],[-90.228705,39.873212],[-90.231492,39.873215],[-90.231558,39.873215],[-90.231841,39.873215],[-90.234674,39.873218],[-90.234713,39.873218],[-90.239271,39.873229],[-90.244621,39.873264],[-90.246107,39.873271],[-90.249197,39.873295],[-90.251639,39.873397],[-90.251694,39.873398],[-90.252547,39.873411],[-90.252595,39.873412],[-90.252841,39.873406],[-90.256698,39.873499],[-90.271334,39.873887],[-90.276483,39.873966],[-90.276496,39.873966],[-90.276783,39.87397],[-90.27706,39.873973],[-90.277074,39.873973],[-90.277161,39.873974],[-90.277203,39.873975],[-90.281981,39.874037],[-90.282137,39.874039],[-90.295321,39.874208],[-90.295349,39.874208],[-90.296992,39.874223],[-90.297007,39.874223],[-90.297046,39.874223],[-90.297068,39.874223],[-90.297123,39.874224],[-90.297145,39.874224],[-90.305524,39.8743],[-90.308196,39.874324],[-90.308715,39.874334],[-90.308737,39.874334],[-90.30876,39.874335],[-90.31374,39.874433],[-90.314218,39.874442],[-90.314356,39.874445],[-90.318833,39.874507],[-90.318855,39.874507],[-90.32891,39.874626],[-90.330049,39.874639],[-90.333584,39.874707],[-90.347436,39.874773],[-90.355064,39.87486],[-90.361226,39.874878],[-90.361327,39.87488],[-90.366132,39.87491],[-90.370511,39.874939],[-90.370968,39.874941],[-90.373371,39.874963],[-90.37612,39.874986],[-90.380107,39.875022],[-90.384906,39.875064],[-90.3913,39.87512],[-90.39509,39.87518],[-90.396999,39.875211],[-90.400626,39.875269],[-90.405417,39.875387],[-90.410101,39.875441],[-90.414047,39.875486],[-90.429024,39.875658],[-90.429043,39.875658],[-90.433865,39.875664],[-90.437152,39.875668],[-90.443466,39.87571],[-90.448046,39.875742],[-90.452384,39.875813],[-90.457129,39.87589],[-90.46183,39.875941],[-90.46621,39.875988],[-90.466981,39.875997],[-90.467016,39.876005],[-90.467084,39.876006],[-90.468532,39.876022],[-90.468674,39.876024],[-90.468776,39.876025],[-90.468789,39.876025],[-90.468898,39.876026],[-90.471208,39.876051],[-90.471236,39.876051],[-90.480101,39.876146],[-90.480271,39.876148],[-90.480783,39.876153],[-90.484935,39.876198],[-90.484968,39.876198],[-90.486239,39.87621],[-90.486288,39.87621],[-90.4863,39.876211],[-90.486329,39.876211],[-90.486354,39.876211],[-90.487076,39.876218],[-90.487234,39.87622],[-90.488025,39.876227],[-90.489585,39.87624],[-90.492061,39.876253],[-90.494645,39.87628],[-90.49689,39.876291],[-90.505287,39.876369],[-90.505426,39.87637],[-90.514727,39.876406],[-90.514755,39.876406],[-90.518014,39.876421],[-90.51807,39.876421],[-90.518099,39.876421],[-90.518129,39.876422],[-90.518236,39.876422],[-90.518335,39.876422],[-90.518426,39.876422],[-90.518509,39.876422],[-90.518585,39.876422],[-90.518654,39.876422],[-90.519464,39.876425],[-90.519612,39.876426],[-90.522772,39.876438],[-90.524004,39.876443],[-90.5241,39.876443],[-90.526539,39.87645],[-90.533509,39.87647],[-90.533599,39.87647],[-90.537515,39.876481],[-90.537618,39.876481],[-90.540733,39.876489],[-90.540751,39.876489],[-90.542118,39.876492],[-90.542383,39.876493],[-90.542987,39.876494],[-90.543088,39.876494],[-90.543548,39.876495],[-90.543753,39.876495],[-90.543926,39.876495],[-90.54633,39.876491],[-90.557433,39.876537],[-90.562143,39.876515],[-90.562331,39.876515],[-90.568031,39.876492],[-90.56812,39.876492],[-90.568337,39.876521],[-90.569177,39.876522],[-90.569298,39.876522],[-90.573124,39.876526],[-90.581061,39.876534],[-90.581689,39.876534],[-90.581955,39.876566],[-90.583534,39.87675],[-90.583652,39.876613],[-90.583856,39.876377],[-90.584227,39.875904],[-90.5849,39.875047],[-90.586091,39.871413],[-90.585001,39.863685],[-90.582435,39.854574],[-90.579426,39.848489],[-90.576821,39.845206],[-90.57296,39.84066],[-90.571754,39.839326],[-90.571603,39.839159],[-90.571424,39.838961],[-90.571151,39.838659],[-90.571001,39.838493],[-90.570653,39.838108],[-90.570305,39.837723],[-90.56989,39.837265],[-90.569726,39.837083],[-90.569476,39.836807],[-90.569154,39.836451],[-90.568832,39.836095],[-90.568638,39.83588],[-90.566933,39.833609],[-90.566598,39.833162],[-90.566415,39.832507],[-90.565914,39.83071],[-90.565905,39.830677],[-90.565737,39.83007],[-90.566014,39.829357],[-90.566976,39.826883],[-90.568131,39.82588],[-90.5686,39.825472],[-90.569183,39.824966],[-90.569304,39.82486],[-90.56967,39.824542],[-90.569792,39.824437],[-90.570935,39.823444],[-90.572078,39.822451],[-90.572847,39.821787],[-90.576344,39.819144],[-90.576724,39.818857],[-90.57686,39.818647],[-90.57705,39.818355],[-90.577241,39.81806],[-90.577432,39.817765],[-90.58131,39.811803],[-90.582981,39.809622],[-90.583203,39.809332],[-90.583425,39.809042],[-90.584444,39.807712],[-90.585462,39.806383],[-90.586027,39.805645],[-90.586154,39.805526],[-90.592234,39.799861],[-90.592785,39.799305],[-90.594386,39.79769],[-90.597204,39.794851],[-90.597737,39.793507],[-90.598421,39.791783],[-90.599105,39.79006]]]},"properties":{"ID":3,"DISTRICT":"3","DISTRICTN":3}},
{"type":"Feature","geometry":{"type":"Polygon","coordinates":[[[-90.599105,39.79006],[-90.602227,39.7846],[-90.606931,39.776376],[-90.607107,39.7752],[-90.607233,39.77436],[-90.607359,39.773521],[-90.607447,39.77293],[-90.607297,39.772368],[-90.606782,39.770436],[-90.606266,39.768504],[-90.606247,39.768431],[-90.606283,39.768311],[-90.60661,39.767233],[-90.606868,39.766387],[-90.607454,39.764464],[-90.607634,39.763873],[-90.608309,39.762874],[-90.608751,39.762225],[-90.609193,39.761576],[-90.61055,39.759576],[-90.611246,39.758551],[-90.611382,39.758312],[-90.613393,39.754766],[-90.614211,39.753322],[-90.615404,39.75122],[-90.616071,39.750046],[-90.616653,39.748853],[-90.618231,39.745618],[-90.61847,39.74513],[-90.619552,39.743254],[-90.621777,39.740006],[-90.621818,39.739948],[-90.621856,39.739891],[-90.623641,39.737286],[-90.625126,39.734848],[-90.628284,39.729709],[-90.628422,39.729485],[-90.630401,39.727015],[-90.631148,39.726318],[-90.631816,39.725695],[-90.632484,39.725072],[-90.633517,39.72411],[-90.63455,39.723147],[-90.634833,39.722883],[-90.636432,39.721573],[-90.63927,39.719252],[-90.640984,39.717426],[-90.642013,39.715049],[-90.643779,39.710169],[-90.644421,39.708397],[-90.644473,39.708256],[-90.64467,39.707711],[-90.644868,39.707166],[-90.645185,39.706288],[-90.64525,39.70611],[-90.645291,39.705987],[-90.645751,39.704594],[-90.645787,39.704408],[-90.645888,39.703888],[-90.64599,39.703368],[-90.646012,39.702791],[-90.646067,39.701423],[-90.646073,39.701],[-90.646112,39.698291],[-90.645717,39.697032],[-90.645558,39.696525],[-90.645399,39.696018],[-90.644488,39.693111],[-90.642762,39.689492],[-90.642037,39.688301],[-90.641869,39.688026],[-90.641703,39.687751],[-90.641653,39.687668],[-90.640925,39.686814],[-90.640891,39.686775],[-90.640624,39.686464],[-90.640503,39.686284],[-90.639365,39.684572],[-90.639191,39.684245],[-90.63897,39.683831],[-90.63875,39.683417],[-90.637594,39.681242],[-90.634774,39.675427],[-90.633491,39.673008],[-90.632138,39.671493],[-90.631289,39.670876],[-90.630574,39.670494],[-90.630438,39.670421],[-90.629516,39.670071],[-90.628707,39.669332],[-90.627354,39.667444],[-90.627327,39.667406],[-90.626764,39.66647],[-90.626513,39.666053],[-90.626319,39.665731],[-90.625842,39.664759],[-90.625807,39.664687],[-90.625609,39.664333],[-90.625427,39.664008],[-90.625126,39.663506],[-90.623705,39.661197],[-90.623641,39.661094],[-90.622349,39.659503],[-90.620408,39.657247],[-90.619086,39.655818],[-90.617919,39.654162],[-90.61701,39.65251],[-90.616844,39.652208],[-90.616607,39.651056],[-90.616353,39.650372],[-90.615496,39.649244],[-90.612372,39.645132],[-90.612121,39.644785],[-90.611887,39.644461],[-90.611653,39.644138],[-90.610511,39.642557],[-90.60937,39.640977],[-90.608871,39.640287],[-90.608385,39.63924],[-90.607668,39.637483],[-90.607394,39.635508],[-90.607432,39.634783],[-90.607545,39.63264],[-90.607547,39.632582],[-90.607583,39.631907],[-90.607599,39.631597],[-90.607585,39.631438],[-90.607576,39.631335],[-90.607568,39.631231],[-90.607351,39.628695],[-90.607088,39.627361],[-90.607056,39.627199],[-90.607024,39.627037],[-90.607007,39.626949],[-90.606882,39.626318],[-90.606758,39.625686],[-90.606628,39.625033],[-90.60513,39.620495],[-90.604991,39.620064],[-90.604884,39.61975],[-90.604551,39.619093],[-90.604025,39.618062],[-90.603715,39.617449],[-90.603705,39.617411],[-90.60353,39.61708],[-90.602912,39.615866],[-90.601721,39.612292],[-90.601116,39.610474],[-90.600405,39.609128],[-90.598096,39.604761],[-90.596953,39.60331],[-90.594516,39.600217],[-90.593998,39.599558],[-90.593479,39.5989],[-90.593213,39.598563],[-90.592092,39.596683],[-90.591259,39.594566],[-90.590134,39.591708],[-90.589452,39.589976],[-90.589009,39.58885],[-90.588753,39.588201],[-90.588497,39.587552],[-90.587649,39.5854],[-90.587401,39.584768],[-90.586305,39.581983],[-90.586086,39.581426],[-90.585766,39.580732],[-90.585516,39.58019],[-90.5854,39.579937],[-90.585033,39.579142],[-90.584543,39.57808],[-90.583075,39.574896],[-90.582926,39.574571],[-90.582667,39.573732],[-90.582359,39.572736],[-90.581616,39.570388],[-90.581329,39.569398],[-90.580666,39.567105],[-90.57968,39.564967],[-90.578664,39.563336],[-90.577512,39.561593],[-90.57662,39.559536],[-90.576101,39.557],[-90.575925,39.556138],[-90.57556,39.554351],[-90.575196,39.552565],[-90.575051,39.551856],[-90.57488,39.550529],[-90.574844,39.550248],[-90.574807,39.549966],[-90.574726,39.549343],[-90.574646,39.54872],[-90.574629,39.548589],[-90.574441,39.546902],[-90.574362,39.546185],[-90.573574,39.544369],[-90.572609,39.54336],[-90.572443,39.542997],[-90.572227,39.541207],[-90.572293,39.539166],[-90.574356,39.535192],[-90.575772,39.533346],[-90.577076,39.531833],[-90.580809,39.527506],[-90.580903,39.527398],[-90.581445,39.526446],[-90.581767,39.525882],[-90.581915,39.524245],[-90.581455,39.522899],[-90.581055,39.521728],[-90.579665,39.521741],[-90.574699,39.521763],[-90.574663,39.521763],[-90.574625,39.521763],[-90.574596,39.521763],[-90.574564,39.521764],[-90.573765,39.521767],[-90.573752,39.521767],[-90.573613,39.521768],[-90.573539,39.521772],[-90.573396,39.52178],[-90.573378,39.521781],[-90.573353,39.521782],[-90.573042,39.521786],[-90.572827,39.521787],[-90.572814,39.521787],[-90.572137,39.521792],[-90.571664,39.521794],[-90.571588,39.521794],[-90.570836,39.521797],[-90.569526,39.521792],[-90.568602,39.521794],[-90.568542,39.521794],[-90.567875,39.521795],[-90.567831,39.521795],[-90.566909,39.521796],[-90.566808,39.521796],[-90.5655,39.521789],[-90.564836,39.521791],[-90.564613,39.52179],[-90.564243,39.521788],[-90.56423,39.521788],[-90.564178,39.521788],[-90.563633,39.521793],[-90.563621,39.521793],[-90.563561,39.521794],[-90.563006,39.521783],[-90.562552,39.52178],[-90.562444,39.521784],[-90.562324,39.521783],[-90.562121,39.521788],[-90.561711,39.521795],[-90.561568,39.521797],[-90.561041,39.521796],[-90.560404,39.521795],[-90.557128,39.521803],[-90.553117,39.521769],[-90.552828,39.521769],[-90.552313,39.521799],[-90.55199,39.521794],[-90.549155,39.521748],[-90.54362,39.521685],[-90.54334,39.52168],[-90.543138,39.521713],[-90.542765,39.521759],[-90.539668,39.521689],[-90.538832,39.521682],[-90.538652,39.521628],[-90.538456,39.521569],[-90.538324,39.521529],[-90.538271,39.52152],[-90.538182,39.521505],[-90.53811,39.521501],[-90.538031,39.521496],[-90.537942,39.521494],[-90.53751,39.521484],[-90.535501,39.521454],[-90.534056,39.521423],[-90.53219,39.521391],[-90.531238,39.521375],[-90.531185,39.521374],[-90.529485,39.521367],[-90.529092,39.521378],[-90.528987,39.521381],[-90.528242,39.521385],[-90.527445,39.521379],[-90.524506,39.521357],[-90.52164,39.521329],[-90.520422,39.521321],[-90.520068,39.521315],[-90.519978,39.521301],[-90.51311,39.521246],[-90.512718,39.521224],[-90.512448,39.521224],[-90.511746,39.521218],[-90.511286,39.521223],[-90.510823,39.521221],[-90.509781,39.521233],[-90.508965,39.521222],[-90.508647,39.521214],[-90.508491,39.52121],[-90.508181,39.521213],[-90.505741,39.521203],[-90.504855,39.521204],[-90.503776,39.521191],[-90.502942,39.521188],[-90.502911,39.521188],[-90.502864,39.521188],[-90.502808,39.521188],[-90.502758,39.521188],[-90.502705,39.521187],[-90.502687,39.521187],[-90.502547,39.521187],[-90.501261,39.521172],[-90.501192,39.521172],[-90.500461,39.521176],[-90.500247,39.52116],[-90.500192,39.521155],[-90.49814,39.521152],[-90.496588,39.52115],[-90.49354,39.521141],[-90.491537,39.521134],[-90.486427,39.521117],[-90.482528,39.521103],[-90.469795,39.521058],[-90.465606,39.521043],[-90.463158,39.521034],[-90.45563,39.521012],[-90.448991,39.520992],[-90.446116,39.520982],[-90.440711,39.520968],[-90.439782,39.520964],[-90.436739,39.520958],[-90.433332,39.520952],[-90.432778,39.520951],[-90.432617,39.520951],[-90.430533,39.520962],[-90.430434,39.520961],[-90.424677,39.520919],[-90.424184,39.520915],[-90.424115,39.520915],[-90.424098,39.520915],[-90.423531,39.520911],[-90.423502,39.520911],[-90.423386,39.520907],[-90.42321,39.520907],[-90.422479,39.520908],[-90.422347,39.520908],[-90.421394,39.520896],[-90.420664,39.520893],[-90.419943,39.520884],[-90.418486,39.520874],[-90.418123,39.520875],[-90.416649,39.520851],[-90.415779,39.520858],[-90.413937,39.520841],[-90.413832,39.520843],[-90.413785,39.520843],[-90.413718,39.520846],[-90.411856,39.520845],[-90.411795,39.520845],[-90.411217,39.520845],[-90.408959,39.520832],[-90.408851,39.52083],[-90.408836,39.52083],[-90.408804,39.52083],[-90.408129,39.520823],[-90.407868,39.52082],[-90.40743,39.520821],[-90.407354,39.520821],[-90.407302,39.520821],[-90.407265,39.520821],[-90.407237,39.520821],[-90.407215,39.520821],[-90.407197,39.520821],[-90.407183,39.520821],[-90.407153,39.520821],[-90.407098,39.520821],[-90.406917,39.520823],[-90.406874,39.520823],[-90.406862,39.520823],[-90.40641,39.520824],[-90.406045,39.520827],[-90.405187,39.520825],[-90.405048,39.520825],[-90.404947,39.520825],[-90.403794,39.520823],[-90.402015,39.520823],[-90.397845,39.520815],[-90.396599,39.520806],[-90.393206,39.520791],[-90.393121,39.520791],[-90.392473,39.520793],[-90.386062,39.52075],[-90.384189,39.520747],[-90.383655,39.520753],[-90.383635,39.520753],[-90.382511,39.520747],[-90.382294,39.520752],[-90.38167,39.520755],[-90.379482,39.520733],[-90.377288,39.520722],[-90.374614,39.520687],[-90.374552,39.520694],[-90.373728,39.520671],[-90.362852,39.520608],[-90.358065,39.520576],[-90.353459,39.520566],[-90.349336,39.520558],[-90.349294,39.520558],[-90.347671,39.520555],[-90.346198,39.520544],[-90.346098,39.520544],[-90.345964,39.520544],[-90.345786,39.520542],[-90.345032,39.520537],[-90.344881,39.520536],[-90.344073,39.52053],[-90.344031,39.52053],[-90.342214,39.520529],[-90.340589,39.520529],[-90.332928,39.520463],[-90.321172,39.52039],[-90.321153,39.520392],[-90.321127,39.520387],[-90.308259,39.520269],[-90.301831,39.520344],[-90.301834,39.521634],[-90.301845,39.527216],[-90.301846,39.52762],[-90.301846,39.527905],[-90.301873,39.541466],[-90.301873,39.542193],[-90.301834,39.553719],[-90.301823,39.556787],[-90.301815,39.558949],[-90.301815,39.559155],[-90.301815,39.559296],[-90.301814,39.559575],[-90.301813,39.559753],[-90.301813,39.5599],[-90.301801,39.563169],[-90.301781,39.56903],[-90.30176,39.574971],[-90.301775,39.584974],[-90.301774,39.585924],[-90.301776,39.586299],[-90.301799,39.593318],[-90.301785,39.593911],[-90.301773,39.594329],[-90.301613,39.600781],[-90.30157,39.602499],[-90.301443,39.607668],[-90.301354,39.607668],[-90.301176,39.607669],[-90.300972,39.607671],[-90.300968,39.608039],[-90.300926,39.611997],[-90.300921,39.612449],[-90.300917,39.61285],[-90.300843,39.619862],[-90.300804,39.622118],[-90.300778,39.625045],[-90.300763,39.628485],[-90.300748,39.629768],[-90.300666,39.636541],[-90.307641,39.636549],[-90.315492,39.636558],[-90.315936,39.636559],[-90.316073,39.636559],[-90.316193,39.63657],[-90.316402,39.63659],[-90.316501,39.636606],[-90.316628,39.636581],[-90.317273,39.636583],[-90.321198,39.636593],[-90.321587,39.636594],[-90.324887,39.636602],[-90.338126,39.636633],[-90.338123,39.63672],[-90.338064,39.640231],[-90.338044,39.641426],[-90.338004,39.643807],[-90.337906,39.649558],[-90.337905,39.649619],[-90.337933,39.649997],[-90.338041,39.650593],[-90.338041,39.650615],[-90.337953,39.656196],[-90.337812,39.665583],[-90.339693,39.665562],[-90.339992,39.665559],[-90.34708,39.665594],[-90.354841,39.665643],[-90.361076,39.66569],[-90.372969,39.665781],[-90.372935,39.666369],[-90.372833,39.673025],[-90.372833,39.673097],[-90.37271,39.679875],[-90.37271,39.679892],[-90.372703,39.68012],[-90.372711,39.680133],[-90.372706,39.680266],[-90.3727,39.680432],[-90.372621,39.68449],[-90.372526,39.688518],[-90.37249,39.690373],[-90.372403,39.694884],[-90.372339,39.698158],[-90.372115,39.709726],[-90.37211,39.709834],[-90.372068,39.710694],[-90.371946,39.716756],[-90.371933,39.717441],[-90.371827,39.722726],[-90.37173,39.727603],[-90.371656,39.731329],[-90.371453,39.741479],[-90.371413,39.743488],[-90.371362,39.745865],[-90.371353,39.74631],[-90.371295,39.750041],[-90.371256,39.753122],[-90.375258,39.753128],[-90.37592,39.75313],[-90.376784,39.75313],[-90.386765,39.753144],[-90.387697,39.753145],[-90.388815,39.753146],[-90.397463,39.753158],[-90.399785,39.753264],[-90.400325,39.753262],[-90.401038,39.753261],[-90.406735,39.753283],[-90.408825,39.753291],[-90.40887,39.753291],[-90.41242,39.753305],[-90.412448,39.753305],[-90.418486,39.753328],[-90.418546,39.753328],[-90.423037,39.753345],[-90.423263,39.753346],[-90.424013,39.753349],[-90.424095,39.753349],[-90.425818,39.753356],[-90.427936,39.753364],[-90.43269,39.75335],[-90.436737,39.753253],[-90.43816,39.753204],[-90.442887,39.753207],[-90.443726,39.753208],[-90.444242,39.753208],[-90.450065,39.753213],[-90.450444,39.753213],[-90.451352,39.753214],[-90.460759,39.753221],[-90.461018,39.753222],[-90.461693,39.753222],[-90.483318,39.753238],[-90.483316,39.753434],[-90.483311,39.75402],[-90.48331,39.754104],[-90.483309,39.75421],[-90.483308,39.754224],[-90.483286,39.75937],[-90.483285,39.759573],[-90.483283,39.759921],[-90.483283,39.760005],[-90.483276,39.761624],[-90.483176,39.767399],[-90.483171,39.767712],[-90.483169,39.767803],[-90.483168,39.768018],[-90.483156,39.771486],[-90.483154,39.771554],[-90.483111,39.773091],[-90.483112,39.773441],[-90.483113,39.77351],[-90.483113,39.773562],[-90.483149,39.773755],[-90.4832,39.774069],[-90.483223,39.774281],[-90.483225,39.774494],[-90.483214,39.774634],[-90.483193,39.774771],[-90.483183,39.774846],[-90.483144,39.775022],[-90.483132,39.775081],[-90.483109,39.7752],[-90.48311,39.775301],[-90.48311,39.77538],[-90.483121,39.775452],[-90.48314,39.775523],[-90.483222,39.775686],[-90.483467,39.776082],[-90.483535,39.776193],[-90.483595,39.776327],[-90.483619,39.776468],[-90.483586,39.77661],[-90.483487,39.77673],[-90.48336,39.776832],[-90.483248,39.776943],[-90.483213,39.777008],[-90.483178,39.777071],[-90.483147,39.777208],[-90.48314,39.777349],[-90.483134,39.778072],[-90.483124,39.779192],[-90.483117,39.779333],[-90.483122,39.779474],[-90.483113,39.780408],[-90.483111,39.78061],[-90.483093,39.781037],[-90.483106,39.781178],[-90.483105,39.781208],[-90.483099,39.782399],[-90.483087,39.784748],[-90.483063,39.78924],[-90.486761,39.789258],[-90.487289,39.789262],[-90.497134,39.78934],[-90.498853,39.789353],[-90.501203,39.789371],[-90.517333,39.789493],[-90.517946,39.789498],[-90.518686,39.789505],[-90.532619,39.789631],[-90.547769,39.789768],[-90.549291,39.789782],[-90.550479,39.789793],[-90.555713,39.78984],[-90.555803,39.789844],[-90.555885,39.789845],[-90.55608,39.789846],[-90.55839,39.789864],[-90.560762,39.789872],[-90.567613,39.78988],[-90.573547,39.789925],[-90.574042,39.789929],[-90.586325,39.790022],[-90.586466,39.790023],[-90.587648,39.790035],[-90.58863,39.790053],[-90.594672,39.790057],[-90.597762,39.790096],[-90.599105,39.79006]]]},"properties":{"ID":4,"DISTRICT":"4","DISTRICTN":4}},
{"type":"Feature","geometry":{"type":"Polygon","coordinates":[[[-90.581055,39.521728],[-90.581042,39.521635],[-90.580824,39.520086],[-90.580606,39.518537],[-90.58053,39.517993],[-90.580992,39.514557],[-90.581206,39.513807],[-90.582202,39.510332],[-90.58259,39.509558],[-90.583577,39.507591],[-90.585327,39.505027],[-90.585377,39.504954],[-90.585668,39.504528],[-90.586158,39.503713],[-90.587676,39.500047],[-90.58839,39.496419],[-90.588883,39.495549],[-90.589791,39.494584],[-90.590605,39.493675],[-90.590962,39.492215],[-90.59104,39.491901],[-90.591417,39.490123],[-90.591603,39.489247],[-90.592068,39.487092],[-90.592092,39.486979],[-90.592138,39.486889],[-90.593099,39.484959],[-90.593163,39.484807],[-90.59321,39.484696],[-90.593256,39.484586],[-90.593728,39.48371],[-90.595137,39.482012],[-90.59577,39.481044],[-90.601577,39.472178],[-90.602354,39.470991],[-90.602933,39.470107],[-90.603132,39.469804],[-90.603849,39.468708],[-90.604067,39.468429],[-90.605457,39.466647],[-90.605505,39.466594],[-90.606819,39.464986],[-90.607597,39.463829],[-90.608655,39.461622],[-90.609389,39.46022],[-90.609516,39.459905],[-90.60969,39.459473],[-90.609996,39.45872],[-90.610462,39.457546],[-90.610502,39.457447],[-90.610628,39.456814],[-90.610662,39.45664],[-90.610686,39.456369],[-90.610727,39.455903],[-90.610912,39.453833],[-90.610884,39.452997],[-90.610876,39.452776],[-90.610868,39.45254],[-90.610873,39.452453],[-90.610896,39.452087],[-90.610919,39.451721],[-90.610924,39.451649],[-90.610928,39.451577],[-90.610979,39.450936],[-90.611129,39.449643],[-90.611184,39.449169],[-90.611239,39.448858],[-90.61136,39.448171],[-90.611418,39.447846],[-90.611425,39.447539],[-90.611444,39.446692],[-90.611652,39.444433],[-90.611689,39.443889],[-90.611721,39.443412],[-90.611753,39.442935],[-90.611774,39.442626],[-90.611814,39.442409],[-90.611998,39.441408],[-90.612215,39.440289],[-90.612231,39.440206],[-90.612469,39.439163],[-90.612486,39.439085],[-90.612763,39.437992],[-90.612791,39.437883],[-90.613273,39.436949],[-90.613381,39.436761],[-90.614036,39.43562],[-90.614356,39.434954],[-90.614738,39.434161],[-90.615114,39.433199],[-90.615519,39.432163],[-90.615567,39.432041],[-90.61602,39.430574],[-90.616296,39.429219],[-90.616512,39.427755],[-90.61652,39.427702],[-90.616596,39.426984],[-90.616695,39.42583],[-90.616763,39.424475],[-90.61678,39.424238],[-90.616807,39.423878],[-90.61677,39.42363],[-90.616709,39.423228],[-90.616514,39.421934],[-90.616258,39.420237],[-90.616183,39.419647],[-90.615922,39.417683],[-90.615711,39.416086],[-90.615266,39.413744],[-90.61519,39.412074],[-90.615213,39.410574],[-90.61522,39.410096],[-90.615231,39.410016],[-90.615498,39.408185],[-90.61545,39.407462],[-90.615443,39.407361],[-90.615422,39.407061],[-90.615416,39.406961],[-90.615411,39.406944],[-90.615396,39.406895],[-90.615392,39.406879],[-90.615383,39.406852],[-90.615377,39.40683],[-90.61536,39.406774],[-90.615353,39.406748],[-90.615312,39.406609],[-90.615189,39.406193],[-90.615148,39.406055],[-90.614949,39.405382],[-90.614611,39.404031],[-90.614155,39.402208],[-90.6136,39.398736],[-90.61357,39.397849],[-90.613527,39.396509],[-90.613614,39.396128],[-90.613654,39.395951],[-90.613694,39.395775],[-90.613775,39.395416],[-90.613811,39.395256],[-90.613839,39.395146],[-90.613887,39.394963],[-90.614327,39.393172],[-90.615156,39.390682],[-90.615179,39.390622],[-90.615189,39.390597],[-90.61524,39.390466],[-90.616023,39.388446],[-90.616686,39.387018],[-90.616869,39.386624],[-90.616977,39.386391],[-90.617301,39.385692],[-90.618501,39.384231],[-90.619751,39.382815],[-90.61981,39.38274],[-90.620345,39.38206],[-90.620538,39.381677],[-90.620547,39.381658],[-90.620566,39.381621],[-90.620582,39.38159],[-90.620617,39.381521],[-90.62063,39.381496],[-90.620802,39.381156],[-90.620908,39.380606],[-90.620944,39.380418],[-90.620952,39.380376],[-90.620956,39.380358],[-90.621029,39.37998],[-90.620985,39.379627],[-90.620983,39.37961],[-90.620953,39.379374],[-90.620893,39.379136],[-90.620889,39.379121],[-90.620883,39.379095],[-90.620724,39.378463],[-90.620601,39.377946],[-90.620599,39.377937],[-90.620571,39.377819],[-90.620561,39.377775],[-90.620559,39.377766],[-90.620555,39.377749],[-90.620401,39.377098],[-90.620212,39.376198],[-90.620162,39.375692],[-90.620191,39.375581],[-90.620199,39.375549],[-90.620211,39.375503],[-90.620217,39.37548],[-90.62025,39.375358],[-90.620404,39.375047],[-90.621085,39.372726],[-90.621512,39.371265],[-90.62187,39.369561],[-90.621915,39.369347],[-90.621931,39.369271],[-90.621934,39.369257],[-90.621939,39.369232],[-90.622139,39.368277],[-90.622267,39.366936],[-90.62229,39.365089],[-90.621765,39.362115],[-90.621091,39.358308],[-90.620479,39.35521],[-90.619638,39.349096],[-90.618145,39.343005],[-90.616764,39.337584],[-90.616477,39.336696],[-90.614085,39.330321],[-90.612892,39.324538],[-90.612425,39.320206],[-90.612424,39.320195],[-90.612349,39.319521],[-90.612182,39.316884],[-90.611303,39.311494],[-90.611258,39.311213],[-90.610087,39.307644],[-90.609918,39.307249],[-90.608391,39.303808],[-90.608272,39.303596],[-90.608088,39.303267],[-90.608079,39.30325],[-90.607209,39.301693],[-90.606843,39.301035],[-90.606233,39.300116],[-90.605868,39.299564],[-90.605343,39.298771],[-90.605138,39.29846],[-90.604489,39.297349],[-90.604392,39.297183],[-90.604385,39.297171],[-90.604375,39.297153],[-90.604366,39.297138],[-90.603563,39.295762],[-90.603452,39.295461],[-90.603448,39.295449],[-90.603439,39.295426],[-90.603432,39.295408],[-90.60243,39.292693],[-90.602254,39.290862],[-90.602351,39.288511],[-90.602393,39.28748],[-90.604133,39.284184],[-90.604694,39.283123],[-90.605995,39.280738],[-90.606329,39.279771],[-90.606883,39.274708],[-90.607279,39.270839],[-90.607386,39.269662],[-90.608379,39.266527],[-90.609313,39.263977],[-90.609338,39.263908],[-90.609696,39.262151],[-90.609825,39.260571],[-90.609796,39.259812],[-90.60948,39.258368],[-90.608762,39.256609],[-90.607519,39.254042],[-90.605904,39.251362],[-90.60478,39.250047],[-90.603823,39.249167],[-90.602767,39.248236],[-90.601089,39.246887],[-90.599753,39.24551],[-90.59859,39.244263],[-90.597989,39.24333],[-90.597464,39.241277],[-90.597295,39.239938],[-90.597322,39.238625],[-90.597354,39.237078],[-90.597229,39.235127],[-90.596308,39.231708],[-90.595483,39.228629],[-90.593801,39.223066],[-90.593069,39.220877],[-90.592987,39.22056],[-90.592984,39.220549],[-90.592976,39.220516],[-90.592289,39.21823],[-90.592099,39.216439],[-90.592224,39.214427],[-90.592699,39.211959],[-90.593009,39.209956],[-90.592814,39.207424],[-90.591907,39.203812],[-90.591219,39.201129],[-90.59123,39.198624],[-90.592095,39.19579],[-90.593513,39.19318],[-90.596689,39.188931],[-90.597482,39.187531],[-90.597896,39.186005],[-90.598075,39.183856],[-90.598887,39.181513],[-90.599456,39.180496],[-90.600094,39.179756],[-90.600144,39.179698],[-90.600838,39.179102],[-90.602805,39.177836],[-90.604061,39.177013],[-90.605783,39.175673],[-90.607139,39.174504],[-90.608234,39.173445],[-90.608396,39.173225],[-90.608404,39.173215],[-90.609221,39.172168],[-90.610672,39.169888],[-90.611479,39.168242],[-90.611651,39.167864],[-90.611897,39.167566],[-90.61205,39.167275],[-90.612102,39.167164],[-90.612275,39.166563],[-90.612535,39.165664],[-90.612667,39.165177],[-90.612793,39.16471],[-90.613133,39.163454],[-90.613326,39.162742],[-90.613446,39.161959],[-90.613588,39.161029],[-90.613649,39.16063],[-90.613718,39.160177],[-90.613748,39.159971],[-90.613937,39.158669],[-90.613996,39.158266],[-90.614168,39.157082],[-90.61419,39.156929],[-90.614334,39.15594],[-90.614397,39.155502],[-90.614518,39.15467],[-90.614577,39.154262],[-90.614646,39.153789],[-90.615071,39.14813],[-90.615012,39.145599],[-90.615009,39.145544],[-90.614996,39.145268],[-90.61454,39.14229],[-90.613027,39.137535],[-90.611206,39.133212],[-90.608957,39.129141],[-90.60752,39.126772],[-90.606398,39.125048],[-90.605177,39.12294],[-90.604234,39.120099],[-90.603569,39.117592],[-90.602115,39.119294],[-90.60097,39.120691],[-90.600752,39.120955],[-90.600222,39.121598],[-90.5991,39.123121],[-90.599032,39.12339],[-90.598118,39.125044],[-90.597688,39.125702],[-90.597248,39.126755],[-90.597072,39.127327],[-90.596985,39.128677],[-90.597102,39.129157],[-90.597455,39.12982],[-90.598131,39.130804],[-90.59819,39.131032],[-90.598309,39.131078],[-90.598897,39.132496],[-90.599044,39.133274],[-90.599053,39.134475],[-90.598839,39.135127],[-90.59834,39.136088],[-90.597959,39.136752],[-90.597195,39.137415],[-90.596931,39.137644],[-90.596608,39.137873],[-90.596167,39.137988],[-90.595227,39.137988],[-90.59508,39.137919],[-90.592936,39.137966],[-90.591908,39.138172],[-90.591526,39.138332],[-90.591027,39.138721],[-90.590204,39.139773],[-90.589382,39.141169],[-90.589001,39.141421],[-90.588531,39.141604],[-90.586151,39.141696],[-90.584654,39.142165],[-90.584565,39.14236],[-90.58342,39.143252],[-90.583185,39.143549],[-90.582979,39.143893],[-90.582803,39.144327],[-90.582833,39.146112],[-90.583069,39.148445],[-90.583186,39.148765],[-90.583187,39.149154],[-90.583304,39.1492],[-90.583334,39.149406],[-90.583657,39.149909],[-90.584127,39.150824],[-90.584539,39.151373],[-90.585303,39.151991],[-90.585979,39.152402],[-90.586537,39.153043],[-90.58686,39.153729],[-90.58686,39.153866],[-90.586978,39.154026],[-90.587096,39.154278],[-90.587213,39.154873],[-90.587114,39.154977],[-90.58706,39.155258],[-90.58705,39.155281],[-90.586123,39.157714],[-90.586067,39.157972],[-90.585834,39.158991],[-90.585775,39.159563],[-90.585628,39.159951],[-90.58557,39.160661],[-90.585364,39.161553],[-90.585276,39.161667],[-90.585099,39.162035],[-90.584449,39.162974],[-90.583741,39.163641],[-90.582531,39.164537],[-90.581753,39.164845],[-90.581016,39.164961],[-90.580253,39.164917],[-90.57943,39.164804],[-90.577638,39.164434],[-90.576876,39.164526],[-90.576524,39.164708],[-90.576321,39.164881],[-90.575995,39.165167],[-90.575581,39.165829],[-90.575432,39.166269],[-90.575257,39.167203],[-90.575199,39.167836],[-90.575199,39.16945],[-90.575341,39.171133],[-90.575376,39.171549],[-90.575552,39.172251],[-90.575757,39.172692],[-90.575827,39.172871],[-90.575904,39.173084],[-90.576286,39.173539],[-90.576758,39.173929],[-90.577349,39.174183],[-90.579255,39.174731],[-90.57964,39.174932],[-90.579963,39.175099],[-90.580901,39.175599],[-90.581581,39.176195],[-90.582106,39.176927],[-90.582196,39.177517],[-90.582077,39.177863],[-90.581991,39.177886],[-90.581753,39.178162],[-90.580725,39.178549],[-90.579964,39.17871],[-90.57935,39.179025],[-90.578872,39.179398],[-90.578699,39.179897],[-90.578726,39.180445],[-90.578814,39.180517],[-90.578843,39.180696],[-90.578994,39.180929],[-90.578993,39.181],[-90.579516,39.181747],[-90.57999,39.182321],[-90.580259,39.182695],[-90.580548,39.183448],[-90.580583,39.183737],[-90.580581,39.184144],[-90.580587,39.184895],[-90.578464,39.185001],[-90.576994,39.184956],[-90.57573,39.184704],[-90.573614,39.184178],[-90.57334,39.184097],[-90.573175,39.183778],[-90.573247,39.183299],[-90.573453,39.182815],[-90.574172,39.181534],[-90.574575,39.180548],[-90.574699,39.179075],[-90.574615,39.178623],[-90.574022,39.177858],[-90.573452,39.177489],[-90.572906,39.177394],[-90.572422,39.177332],[-90.571551,39.17749],[-90.570442,39.177785],[-90.569,39.178507],[-90.567274,39.179542],[-90.566406,39.180031],[-90.56611,39.180382],[-90.566059,39.180824],[-90.566141,39.181268],[-90.566396,39.181521],[-90.566723,39.181646],[-90.567229,39.181693],[-90.567879,39.181725],[-90.568652,39.18179],[-90.569568,39.181938],[-90.570296,39.182181],[-90.570421,39.182625],[-90.570395,39.182755],[-90.570301,39.183045],[-90.570114,39.183372],[-90.569146,39.18324],[-90.56797,39.183286],[-90.567272,39.183395],[-90.567254,39.183816],[-90.567232,39.184403],[-90.567216,39.185095],[-90.567412,39.185391],[-90.567382,39.185482],[-90.5675,39.185597],[-90.567529,39.185734],[-90.567676,39.185986],[-90.567676,39.187198],[-90.567294,39.188227],[-90.567206,39.188959],[-90.567265,39.189463],[-90.567441,39.190057],[-90.567588,39.190309],[-90.567765,39.190835],[-90.567853,39.190881],[-90.567823,39.191636],[-90.567647,39.192139],[-90.566853,39.1931],[-90.566324,39.193466],[-90.565678,39.193741],[-90.565296,39.193798],[-90.564735,39.193793],[-90.564085,39.193631],[-90.563716,39.193404],[-90.562883,39.192288],[-90.562048,39.191293],[-90.561892,39.190653],[-90.562028,39.190245],[-90.562456,39.189603],[-90.563401,39.18893],[-90.565163,39.18782],[-90.565377,39.187435],[-90.565338,39.18702],[-90.564643,39.185492],[-90.56409,39.184293],[-90.563233,39.18491],[-90.562347,39.185529],[-90.560071,39.18743],[-90.558978,39.188002],[-90.557767,39.188482],[-90.556173,39.188872],[-90.555465,39.188986],[-90.553429,39.189215],[-90.551777,39.189422],[-90.551371,39.189463],[-90.550215,39.18958],[-90.549804,39.189622],[-90.547776,39.19001],[-90.547089,39.190064],[-90.545806,39.19017],[-90.545483,39.190079],[-90.545511,39.189893],[-90.545395,39.189575],[-90.545366,39.189301],[-90.545278,39.189209],[-90.545278,39.187562],[-90.545572,39.186579],[-90.545808,39.185801],[-90.546131,39.185],[-90.546249,39.184611],[-90.546248,39.184242],[-90.546102,39.183934],[-90.545717,39.183599],[-90.545308,39.183401],[-90.544733,39.183233],[-90.54396,39.183183],[-90.543389,39.183297],[-90.542806,39.18354],[-90.542447,39.18389],[-90.542362,39.184485],[-90.542283,39.185274],[-90.542228,39.186409],[-90.541943,39.187614],[-90.541608,39.188311],[-90.540927,39.189391],[-90.540927,39.189529],[-90.540839,39.189597],[-90.540574,39.189917],[-90.540074,39.190352],[-90.539545,39.190649],[-90.539189,39.190771],[-90.538048,39.191759],[-90.537622,39.192277],[-90.537604,39.192685],[-90.537281,39.192959],[-90.536991,39.193002],[-90.536575,39.192822],[-90.536454,39.192857],[-90.536165,39.192331],[-90.536125,39.191758],[-90.536028,39.190902],[-90.535653,39.190042],[-90.534937,39.189186],[-90.533615,39.188136],[-90.532737,39.187489],[-90.53155,39.187376],[-90.53054,39.187343],[-90.529051,39.18793],[-90.528473,39.188366],[-90.528426,39.188648],[-90.528559,39.18919],[-90.529031,39.189857],[-90.52939,39.190459],[-90.529418,39.191105],[-90.529221,39.191626],[-90.528714,39.192144],[-90.528047,39.192425],[-90.527426,39.192465],[-90.526816,39.192449],[-90.525989,39.191954],[-90.525243,39.191049],[-90.524666,39.189969],[-90.523992,39.188613],[-90.52301,39.187053],[-90.522358,39.187053],[-90.522118,39.187241],[-90.521655,39.187622],[-90.520935,39.187959],[-90.520365,39.188024],[-90.519242,39.187856],[-90.518442,39.187571],[-90.517566,39.187017],[-90.515827,39.187005],[-90.515513,39.186725],[-90.514889,39.186418],[-90.51421,39.186296],[-90.513578,39.186344],[-90.512974,39.186546],[-90.512681,39.186854],[-90.511945,39.186797],[-90.510917,39.186567],[-90.508977,39.185857],[-90.507508,39.185193],[-90.506686,39.184712],[-90.506392,39.184392],[-90.505276,39.183568],[-90.5046,39.182973],[-90.504248,39.182515],[-90.50416,39.182309],[-90.504072,39.182172],[-90.503236,39.181705],[-90.50286,39.180941],[-90.502809,39.180384],[-90.502797,39.180005],[-90.502979,39.179709],[-90.503522,39.179251],[-90.503956,39.178948],[-90.504695,39.177724],[-90.505674,39.175447],[-90.505822,39.173828],[-90.505821,39.172916],[-90.505544,39.1723],[-90.504774,39.171579],[-90.503963,39.170907],[-90.50396,39.170771],[-90.503693,39.168915],[-90.503578,39.168464],[-90.503477,39.167682],[-90.503265,39.166067],[-90.503243,39.16571],[-90.503232,39.165516],[-90.502799,39.164259],[-90.502458,39.163745],[-90.502177,39.163526],[-90.502032,39.163234],[-90.501202,39.162608],[-90.500224,39.161985],[-90.49885,39.161105],[-90.497971,39.160696],[-90.497786,39.160642],[-90.497107,39.160459],[-90.495793,39.160235],[-90.49377,39.160518],[-90.492365,39.160907],[-90.491195,39.16141],[-90.490377,39.161866],[-90.489178,39.162575],[-90.488652,39.16301],[-90.488156,39.163695],[-90.487923,39.164016],[-90.487879,39.164074],[-90.487838,39.164265],[-90.487668,39.164607],[-90.487245,39.165606],[-90.487106,39.166129],[-90.486999,39.166898],[-90.486641,39.168394],[-90.486429,39.170002],[-90.486473,39.171154],[-90.486592,39.171629],[-90.486687,39.17201],[-90.486807,39.172303],[-90.486839,39.172642],[-90.487624,39.175005],[-90.484433,39.175006],[-90.484255,39.175006],[-90.477595,39.174965],[-90.470413,39.174927],[-90.467527,39.174906],[-90.456765,39.174843],[-90.456463,39.174902],[-90.456369,39.174901],[-90.456151,39.174881],[-90.455429,39.174862],[-90.454706,39.174857],[-90.453983,39.174858],[-90.452899,39.174847],[-90.451918,39.174822],[-90.451878,39.174816],[-90.451854,39.174828],[-90.451826,39.174825],[-90.451792,39.174827],[-90.448626,39.174786],[-90.448614,39.174783],[-90.448569,39.174793],[-90.448497,39.174798],[-90.448275,39.174793],[-90.44805,39.174791],[-90.446673,39.174783],[-90.445212,39.174768],[-90.44505,39.174765],[-90.444323,39.174763],[-90.44203,39.174735],[-90.441812,39.174721],[-90.44113,39.174727],[-90.438312,39.174719],[-90.437949,39.174707],[-90.437948,39.174686],[-90.437432,39.17469],[-90.43633,39.174679],[-90.433054,39.174669],[-90.432409,39.174661],[-90.432322,39.174666],[-90.431631,39.174664],[-90.431199,39.174663],[-90.428277,39.174641],[-90.42798,39.174631],[-90.427835,39.174632],[-90.427749,39.174639],[-90.427677,39.174654],[-90.427662,39.174659],[-90.427422,39.174658],[-90.419411,39.174617],[-90.418857,39.174611],[-90.413488,39.174564],[-90.413271,39.174528],[-90.400028,39.174452],[-90.399954,39.174444],[-90.399797,39.174441],[-90.399732,39.174441],[-90.39833,39.174434],[-90.396361,39.174423],[-90.395404,39.174418],[-90.390115,39.174391],[-90.379787,39.174336],[-90.375631,39.174314],[-90.370774,39.174274],[-90.363319,39.174277],[-90.345528,39.174283],[-90.332021,39.174287],[-90.331633,39.174287],[-90.329954,39.174289],[-90.328937,39.174288],[-90.327581,39.174284],[-90.326971,39.174283],[-90.325805,39.174273],[-90.325428,39.174279],[-90.317205,39.174311],[-90.313289,39.174289],[-90.313472,39.188799],[-90.313525,39.193022],[-90.31359,39.198147],[-90.313605,39.199381],[-90.313646,39.199677],[-90.313634,39.199755],[-90.31363,39.199828],[-90.313637,39.200033],[-90.31365,39.200571],[-90.313666,39.203177],[-90.313666,39.20319],[-90.313667,39.203283],[-90.313667,39.203346],[-90.31369,39.20559],[-90.31371,39.206687],[-90.313728,39.207995],[-90.31375,39.20961],[-90.313778,39.211787],[-90.313778,39.211805],[-90.313816,39.213623],[-90.313818,39.213723],[-90.313811,39.214355],[-90.313814,39.215439],[-90.313822,39.215804],[-90.313838,39.217602],[-90.313851,39.217875],[-90.31384,39.217981],[-90.313893,39.22214],[-90.31393,39.225128],[-90.307571,39.225083],[-90.300704,39.225051],[-90.295498,39.225013],[-90.285938,39.224907],[-90.276446,39.224672],[-90.258148,39.225282],[-90.258078,39.225284],[-90.25799,39.225287],[-90.257875,39.225288],[-90.24419,39.225485],[-90.23905,39.225556],[-90.235633,39.225604],[-90.229608,39.225682],[-90.223461,39.225641],[-90.22077,39.225625],[-90.220307,39.225621],[-90.218557,39.225609],[-90.21066,39.225555],[-90.201769,39.225497],[-90.202023,39.232779],[-90.202083,39.235155],[-90.202119,39.236507],[-90.202163,39.238221],[-90.202218,39.240207],[-90.202225,39.240611],[-90.202512,39.251672],[-90.202681,39.258192],[-90.194938,39.25823],[-90.193699,39.258235],[-90.193851,39.261501],[-90.193872,39.26196],[-90.186295,39.261963],[-90.15755,39.261975],[-90.157184,39.262009],[-90.148121,39.261947],[-90.148069,39.261947],[-90.148164,39.265221],[-90.148212,39.268535],[-90.148281,39.269268],[-90.14828,39.269474],[-90.148298,39.270548],[-90.148298,39.271335],[-90.148292,39.271713],[-90.148304,39.272028],[-90.148299,39.272264],[-90.148281,39.273178],[-90.148351,39.277819],[-90.148443,39.283762],[-90.148549,39.29098],[-90.148697,39.298229],[-90.148813,39.305496],[-90.148857,39.308269],[-90.148913,39.311868],[-90.148928,39.312737],[-90.149043,39.319978],[-90.149111,39.324217],[-90.149277,39.334598],[-90.149462,39.346302],[-90.149809,39.3463],[-90.150641,39.346315],[-90.150703,39.350965],[-90.150704,39.351011],[-90.150977,39.366935],[-90.151102,39.374177],[-90.151122,39.375329],[-90.151123,39.375458],[-90.151112,39.375512],[-90.151138,39.376921],[-90.151165,39.378523],[-90.151172,39.379114],[-90.151173,39.379166],[-90.151186,39.380185],[-90.151219,39.381818],[-90.151229,39.38255],[-90.15124,39.382676],[-90.151244,39.382811],[-90.151248,39.382957],[-90.151272,39.383565],[-90.151303,39.385218],[-90.151332,39.387896],[-90.151376,39.393274],[-90.151379,39.393344],[-90.15137,39.393362],[-90.151356,39.393375],[-90.151617,39.405011],[-90.151656,39.408346],[-90.15188,39.418758],[-90.151893,39.419182],[-90.151924,39.419998],[-90.151951,39.420753],[-90.151995,39.421263],[-90.151983,39.42137],[-90.151984,39.421431],[-90.152026,39.423936],[-90.152058,39.424639],[-90.152057,39.425051],[-90.15206,39.425172],[-90.15208,39.425249],[-90.152104,39.42662],[-90.152117,39.427058],[-90.15213,39.427998],[-90.152135,39.428288],[-90.152144,39.428767],[-90.152155,39.429127],[-90.152171,39.429692],[-90.152174,39.430037],[-90.152175,39.430195],[-90.152195,39.430604],[-90.152275,39.433827],[-90.152359,39.437445],[-90.152392,39.439561],[-90.152496,39.444726],[-90.15257,39.448269],[-90.152663,39.453037],[-90.152851,39.462653],[-90.152921,39.465801],[-90.15296,39.467584],[-90.153029,39.467697],[-90.15304,39.468159],[-90.153066,39.468863],[-90.153129,39.47164],[-90.153147,39.472701],[-90.153168,39.473584],[-90.153182,39.474466],[-90.15321,39.475678],[-90.153224,39.476658],[-90.153211,39.477183],[-90.1532,39.477514],[-90.153207,39.477731],[-90.153209,39.478169],[-90.153246,39.479473],[-90.153289,39.480783],[-90.153308,39.481657],[-90.153376,39.482968],[-90.153395,39.484279],[-90.153428,39.484509],[-90.153394,39.484566],[-90.153393,39.484717],[-90.153382,39.485154],[-90.153382,39.485593],[-90.153389,39.485875],[-90.153393,39.486031],[-90.153401,39.486907],[-90.153418,39.487781],[-90.153445,39.488652],[-90.153484,39.491462],[-90.153491,39.49192],[-90.1535,39.492588],[-90.153512,39.493023],[-90.153516,39.493459],[-90.153526,39.493896],[-90.15353,39.495645],[-90.153541,39.496084],[-90.153574,39.496521],[-90.153582,39.496956],[-90.153563,39.497389],[-90.153569,39.497597],[-90.153585,39.498697],[-90.153588,39.498835],[-90.153591,39.499025],[-90.153595,39.499207],[-90.153598,39.500081],[-90.15363,39.500952],[-90.153659,39.501386],[-90.153667,39.502043],[-90.153669,39.502257],[-90.153682,39.502694],[-90.153683,39.502927],[-90.153683,39.50313],[-90.153665,39.504006],[-90.153649,39.505539],[-90.153659,39.505937],[-90.153665,39.506268],[-90.153646,39.50714],[-90.153643,39.507576],[-90.153648,39.508014],[-90.153661,39.508451],[-90.153657,39.508888],[-90.153646,39.509544],[-90.153628,39.50976],[-90.153615,39.509833],[-90.153611,39.509905],[-90.153593,39.510414],[-90.153612,39.510853],[-90.1536,39.513039],[-90.153607,39.513475],[-90.153641,39.514783],[-90.153676,39.516087],[-90.153692,39.516515],[-90.153709,39.517668],[-90.153782,39.520315],[-90.158854,39.520317],[-90.163223,39.520265],[-90.163252,39.520265],[-90.16416,39.52026],[-90.164298,39.520259],[-90.164363,39.520259],[-90.170635,39.520226],[-90.170801,39.520225],[-90.172202,39.520218],[-90.172544,39.520216],[-90.176364,39.520236],[-90.176828,39.520239],[-90.177048,39.520225],[-90.177266,39.520184],[-90.177639,39.520198],[-90.178373,39.520195],[-90.178481,39.520194],[-90.178679,39.520193],[-90.182165,39.520177],[-90.182323,39.520159],[-90.18243,39.520148],[-90.183523,39.520126],[-90.184837,39.520114],[-90.185495,39.520084],[-90.185933,39.520056],[-90.186449,39.520028],[-90.186587,39.520021],[-90.186808,39.520026],[-90.187025,39.520036],[-90.187462,39.520067],[-90.188199,39.520128],[-90.188977,39.520184],[-90.189669,39.520178],[-90.189839,39.520177],[-90.191144,39.520166],[-90.191263,39.520155],[-90.191445,39.520139],[-90.19164,39.520122],[-90.192074,39.520112],[-90.192385,39.520106],[-90.192527,39.520105],[-90.192726,39.520103],[-90.192954,39.5201],[-90.193183,39.520099],[-90.193495,39.520093],[-90.193767,39.520091],[-90.194109,39.520092],[-90.194552,39.520098],[-90.194864,39.520098],[-90.195288,39.520103],[-90.19538,39.520105],[-90.195586,39.520108],[-90.196068,39.520122],[-90.196659,39.52014],[-90.200579,39.520121],[-90.203478,39.520107],[-90.207479,39.520087],[-90.210093,39.520032],[-90.21163,39.520029],[-90.211702,39.520029],[-90.21369,39.520026],[-90.213711,39.520026],[-90.214012,39.520026],[-90.21453,39.520025],[-90.215941,39.519994],[-90.216082,39.519993],[-90.218211,39.51997],[-90.219037,39.519952],[-90.219622,39.519954],[-90.219959,39.519954],[-90.220122,39.519955],[-90.222518,39.519969],[-90.222853,39.519971],[-90.223337,39.519975],[-90.22723,39.520005],[-90.227326,39.520008],[-90.228103,39.520007],[-90.228512,39.520052],[-90.229396,39.52022],[-90.229555,39.520242],[-90.229835,39.520269],[-90.22987,39.520267],[-90.229964,39.520261],[-90.230656,39.52],[-90.230796,39.519999],[-90.2309,39.519999],[-90.233606,39.519989],[-90.233893,39.519988],[-90.245842,39.519945],[-90.245879,39.519945],[-90.246613,39.519953],[-90.246777,39.519949],[-90.247322,39.519961],[-90.24818,39.519981],[-90.251733,39.519971],[-90.251804,39.519971],[-90.251996,39.519972],[-90.252388,39.519973],[-90.252512,39.519973],[-90.25325,39.519975],[-90.2534,39.519975],[-90.258544,39.519989],[-90.258561,39.519989],[-90.263599,39.520003],[-90.264488,39.520005],[-90.265578,39.519989],[-90.269246,39.520028],[-90.269637,39.520034],[-90.269696,39.520039],[-90.269867,39.520054],[-90.270256,39.520084],[-90.270596,39.520114],[-90.274877,39.520145],[-90.275563,39.520149],[-90.277019,39.520161],[-90.290273,39.520259],[-90.293124,39.52028],[-90.301831,39.520344],[-90.308259,39.520269],[-90.321127,39.520387],[-90.321153,39.520392],[-90.321172,39.52039],[-90.332928,39.520463],[-90.340589,39.520529],[-90.342214,39.520529],[-90.344031,39.52053],[-90.344073,39.52053],[-90.344881,39.520536],[-90.345032,39.520537],[-90.345786,39.520542],[-90.345964,39.520544],[-90.346098,39.520544],[-90.346198,39.520544],[-90.347671,39.520555],[-90.349294,39.520558],[-90.349336,39.520558],[-90.353459,39.520566],[-90.358065,39.520576],[-90.362852,39.520608],[-90.373728,39.520671],[-90.374552,39.520694],[-90.374614,39.520687],[-90.377288,39.520722],[-90.379482,39.520733],[-90.38167,39.520755],[-90.382294,39.520752],[-90.382511,39.520747],[-90.383635,39.520753],[-90.383655,39.520753],[-90.384189,39.520747],[-90.386062,39.52075],[-90.392473,39.520793],[-90.393121,39.520791],[-90.393206,39.520791],[-90.396599,39.520806],[-90.397845,39.520815],[-90.402015,39.520823],[-90.403794,39.520823],[-90.404947,39.520825],[-90.405048,39.520825],[-90.405187,39.520825],[-90.406045,39.520827],[-90.40641,39.520824],[-90.406862,39.520823],[-90.406874,39.520823],[-90.406917,39.520823],[-90.407098,39.520821],[-90.407153,39.520821],[-90.407183,39.520821],[-90.407197,39.520821],[-90.407215,39.520821],[-90.407237,39.520821],[-90.407265,39.520821],[-90.407302,39.520821],[-90.407354,39.520821],[-90.40743,39.520821],[-90.407868,39.52082],[-90.408129,39.520823],[-90.408804,39.52083],[-90.408836,39.52083],[-90.408851,39.52083],[-90.408959,39.520832],[-90.411217,39.520845],[-90.411795,39.520845],[-90.411856,39.520845],[-90.413718,39.520846],[-90.413785,39.520843],[-90.413832,39.520843],[-90.413937,39.520841],[-90.415779,39.520858],[-90.416649,39.520851],[-90.418123,39.520875],[-90.418486,39.520874],[-90.419943,39.520884],[-90.420664,39.520893],[-90.421394,39.520896],[-90.422347,39.520908],[-90.422479,39.520908],[-90.42321,39.520907],[-90.423386,39.520907],[-90.423502,39.520911],[-90.423531,39.520911],[-90.424098,39.520915],[-90.424115,39.520915],[-90.424184,39.520915],[-90.424677,39.520919],[-90.430434,39.520961],[-90.430533,39.520962],[-90.432617,39.520951],[-90.432778,39.520951],[-90.433332,39.520952],[-90.436739,39.520958],[-90.439782,39.520964],[-90.440711,39.520968],[-90.446116,39.520982],[-90.448991,39.520992],[-90.45563,39.521012],[-90.463158,39.521034],[-90.465606,39.521043],[-90.469795,39.521058],[-90.482528,39.521103],[-90.486427,39.521117],[-90.491537,39.521134],[-90.49354,39.521141],[-90.496588,39.52115],[-90.49814,39.521152],[-90.500192,39.521155],[-90.500247,39.52116],[-90.500461,39.521176],[-90.501192,39.521172],[-90.501261,39.521172],[-90.502547,39.521187],[-90.502687,39.521187],[-90.502705,39.521187],[-90.502758,39.521188],[-90.502808,39.521188],[-90.502864,39.521188],[-90.502911,39.521188],[-90.502942,39.521188],[-90.503776,39.521191],[-90.504855,39.521204],[-90.505741,39.521203],[-90.508181,39.521213],[-90.508491,39.52121],[-90.508647,39.521214],[-90.508965,39.521222],[-90.509781,39.521233],[-90.510823,39.521221],[-90.511286,39.521223],[-90.511746,39.521218],[-90.512448,39.521224],[-90.512718,39.521224],[-90.51311,39.521246],[-90.519978,39.521301],[-90.520068,39.521315],[-90.520422,39.521321],[-90.52164,39.521329],[-90.524506,39.521357],[-90.527445,39.521379],[-90.528242,39.521385],[-90.528987,39.521381],[-90.529092,39.521378],[-90.529485,39.521367],[-90.531185,39.521374],[-90.531238,39.521375],[-90.53219,39.521391],[-90.534056,39.521423],[-90.535501,39.521454],[-90.53751,39.521484],[-90.537942,39.521494],[-90.538031,39.521496],[-90.53811,39.521501],[-90.538182,39.521505],[-90.538271,39.52152],[-90.538324,39.521529],[-90.538456,39.521569],[-90.538652,39.521628],[-90.538832,39.521682],[-90.539668,39.521689],[-90.542765,39.521759],[-90.543138,39.521713],[-90.54334,39.52168],[-90.54362,39.521685],[-90.549155,39.521748],[-90.55199,39.521794],[-90.552313,39.521799],[-90.552828,39.521769],[-90.553117,39.521769],[-90.557128,39.521803],[-90.560404,39.521795],[-90.561041,39.521796],[-90.561568,39.521797],[-90.561711,39.521795],[-90.562121,39.521788],[-90.562324,39.521783],[-90.562444,39.521784],[-90.562552,39.52178],[-90.563006,39.521783],[-90.563561,39.521794],[-90.563621,39.521793],[-90.563633,39.521793],[-90.564178,39.521788],[-90.56423,39.521788],[-90.564243,39.521788],[-90.564613,39.52179],[-90.564836,39.521791],[-90.5655,39.521789],[-90.566808,39.521796],[-90.566909,39.521796],[-90.567831,39.521795],[-90.567875,39.521795],[-90.568542,39.521794],[-90.568602,39.521794],[-90.569526,39.521792],[-90.570836,39.521797],[-90.571588,39.521794],[-90.571664,39.521794],[-90.572137,39.521792],[-90.572814,39.521787],[-90.572827,39.521787],[-90.573042,39.521786],[-90.573353,39.521782],[-90.573378,39.521781],[-90.573396,39.52178],[-90.573539,39.521772],[-90.573613,39.521768],[-90.573752,39.521767],[-90.573765,39.521767],[-90.574564,39.521764],[-90.574596,39.521763],[-90.574625,39.521763],[-90.574663,39.521763],[-90.574699,39.521763],[-90.579665,39.521741],[-90.581055,39.521728]]]},"properties":{"ID":5,"DISTRICT":"5","DISTRICTN":5}},
{"type":"Feature","geometry":{"type":"Polygon","coordinates":[[[-90.153782,39.520315],[-90.153709,39.517668],[-90.153692,39.516515],[-90.153676,39.516087],[-90.153641,39.514783],[-90.153607,39.513475],[-90.1536,39.513039],[-90.153612,39.510853],[-90.153593,39.510414],[-90.153611,39.509905],[-90.153615,39.509833],[-90.153628,39.50976],[-90.153646,39.509544],[-90.153657,39.508888],[-90.153661,39.508451],[-90.153648,39.508014],[-90.153643,39.507576],[-90.153646,39.50714],[-90.153665,39.506268],[-90.153659,39.505937],[-90.153649,39.505539],[-90.153665,39.504006],[-90.153683,39.50313],[-90.153683,39.502927],[-90.153682,39.502694],[-90.153669,39.502257],[-90.153667,39.502043],[-90.153659,39.501386],[-90.15363,39.500952],[-90.153598,39.500081],[-90.153595,39.499207],[-90.153591,39.499025],[-90.153588,39.498835],[-90.153585,39.498697],[-90.153569,39.497597],[-90.153563,39.497389],[-90.153582,39.496956],[-90.153574,39.496521],[-90.153541,39.496084],[-90.15353,39.495645],[-90.153526,39.493896],[-90.153516,39.493459],[-90.153512,39.493023],[-90.1535,39.492588],[-90.153491,39.49192],[-90.153484,39.491462],[-90.153445,39.488652],[-90.153418,39.487781],[-90.153401,39.486907],[-90.153393,39.486031],[-90.153389,39.485875],[-90.153382,39.485593],[-90.153382,39.485154],[-90.153393,39.484717],[-90.153394,39.484566],[-90.153428,39.484509],[-90.153395,39.484279],[-90.153376,39.482968],[-90.153308,39.481657],[-90.153289,39.480783],[-90.153246,39.479473],[-90.153209,39.478169],[-90.153207,39.477731],[-90.1532,39.477514],[-90.153211,39.477183],[-90.153224,39.476658],[-90.15321,39.475678],[-90.153182,39.474466],[-90.153168,39.473584],[-90.153147,39.472701],[-90.153129,39.47164],[-90.153066,39.468863],[-90.15304,39.468159],[-90.153029,39.467697],[-90.15296,39.467584],[-90.152921,39.465801],[-90.152851,39.462653],[-90.152663,39.453037],[-90.15257,39.448269],[-90.152496,39.444726],[-90.152392,39.439561],[-90.152359,39.437445],[-90.152275,39.433827],[-90.152195,39.430604],[-90.152175,39.430195],[-90.152174,39.430037],[-90.152171,39.429692],[-90.152155,39.429127],[-90.152144,39.428767],[-90.152135,39.428288],[-90.15213,39.427998],[-90.152117,39.427058],[-90.152104,39.42662],[-90.15208,39.425249],[-90.15206,39.425172],[-90.152057,39.425051],[-90.152058,39.424639],[-90.152026,39.423936],[-90.151984,39.421431],[-90.151983,39.42137],[-90.151995,39.421263],[-90.151951,39.420753],[-90.151924,39.419998],[-90.151893,39.419182],[-90.15188,39.418758],[-90.151656,39.408346],[-90.151617,39.405011],[-90.151356,39.393375],[-90.15137,39.393362],[-90.151379,39.393344],[-90.151376,39.393274],[-90.151332,39.387896],[-90.151303,39.385218],[-90.151272,39.383565],[-90.151248,39.382957],[-90.151244,39.382811],[-90.15124,39.382676],[-90.151229,39.38255],[-90.151219,39.381818],[-90.151186,39.380185],[-90.151173,39.379166],[-90.151172,39.379114],[-90.151165,39.378523],[-90.151138,39.376921],[-90.151112,39.375512],[-90.151123,39.375458],[-90.151122,39.375329],[-90.151102,39.374177],[-90.150977,39.366935],[-90.150704,39.351011],[-90.150703,39.350965],[-90.150641,39.346315],[-90.149809,39.3463],[-90.149462,39.346302],[-90.149277,39.334598],[-90.149111,39.324217],[-90.149043,39.319978],[-90.148928,39.312737],[-90.148913,39.311868],[-90.148857,39.308269],[-90.148813,39.305496],[-90.148697,39.298229],[-90.148549,39.29098],[-90.148443,39.283762],[-90.148351,39.277819],[-90.148281,39.273178],[-90.148299,39.272264],[-90.148304,39.272028],[-90.148292,39.271713],[-90.148298,39.271335],[-90.148298,39.270548],[-90.14828,39.269474],[-90.148281,39.269268],[-90.148212,39.268535],[-90.148164,39.265221],[-90.148069,39.261947],[-90.148121,39.261947],[-90.148116,39.261656],[-90.147987,39.254498],[-90.147858,39.247461],[-90.147738,39.240886],[-90.147706,39.239126],[-90.147671,39.237418],[-90.147325,39.218156],[-90.147094,39.207662],[-90.147006,39.203592],[-90.146686,39.188893],[-90.146676,39.18842],[-90.146649,39.187246],[-90.146519,39.181328],[-90.14649,39.180218],[-90.146484,39.180036],[-90.146476,39.179695],[-90.14645,39.178709],[-90.146439,39.178382],[-90.146424,39.177939],[-90.146345,39.174668],[-90.146334,39.174276],[-90.146334,39.174063],[-90.146325,39.173023],[-90.146317,39.171852],[-90.146307,39.170569],[-90.146286,39.1677],[-90.146264,39.164633],[-90.146247,39.162408],[-90.146227,39.15964],[-90.146173,39.152273],[-90.146169,39.151143],[-90.146158,39.147784],[-90.146153,39.146684],[-90.146154,39.146335],[-90.146151,39.145346],[-90.146149,39.145008],[-90.146145,39.143539],[-90.146138,39.14184],[-90.146131,39.139137],[-90.146126,39.137718],[-90.146126,39.137673],[-90.146118,39.135192],[-90.146093,39.133799],[-90.146102,39.130253],[-90.146085,39.125034],[-90.146059,39.116885],[-90.146055,39.115851],[-90.146043,39.111404],[-90.146032,39.108434],[-90.146021,39.105306],[-90.146021,39.10519],[-90.145991,39.100033],[-90.145976,39.097729],[-90.145956,39.093811],[-90.145915,39.088605],[-90.145899,39.086714],[-90.145892,39.081869],[-90.145891,39.080783],[-90.145892,39.07943],[-90.145888,39.079094],[-90.145887,39.077776],[-90.145885,39.076648],[-90.145881,39.073263],[-90.145879,39.072129],[-90.145882,39.070037],[-90.145889,39.064534],[-90.145896,39.059055],[-90.145898,39.057907],[-90.145908,39.050209],[-90.145908,39.050163],[-90.145908,39.050063],[-90.145914,39.045727],[-90.14593,39.042161],[-90.145939,39.041491],[-90.145932,39.039648],[-90.145856,39.039286],[-90.14585,39.03906],[-90.145835,39.038384],[-90.14583,39.038159],[-90.145829,39.037898],[-90.145828,39.037428],[-90.145834,39.037116],[-90.14584,39.036856],[-90.145843,39.03675],[-90.145853,39.036433],[-90.145854,39.036413],[-90.14586,39.036328],[-90.145862,39.036284],[-90.145871,39.036152],[-90.145872,39.036141],[-90.145869,39.036109],[-90.145868,39.036096],[-90.145865,39.036058],[-90.145864,39.036046],[-90.145876,39.035982],[-90.145914,39.035792],[-90.145927,39.035729],[-90.145927,39.035708],[-90.145927,39.035652],[-90.145929,39.035486],[-90.14593,39.035431],[-90.14593,39.035404],[-90.14593,39.035322],[-90.145931,39.035296],[-90.145931,39.035268],[-90.145932,39.035185],[-90.145933,39.035158],[-90.145915,39.035069],[-90.145863,39.034803],[-90.145846,39.034715],[-90.145853,39.034685],[-90.145862,39.034466],[-90.145862,39.034321],[-90.145867,39.033138],[-90.145869,39.032744],[-90.145902,39.0321],[-90.145926,39.031642],[-90.145928,39.031593],[-90.14593,39.031555],[-90.145937,39.031433],[-90.145936,39.030679],[-90.145944,39.030214],[-90.145944,39.030181],[-90.145944,39.029852],[-90.145948,39.028865],[-90.145949,39.028537],[-90.145942,39.02658],[-90.145949,39.025644],[-90.145952,39.02528],[-90.145965,39.024633],[-90.145975,39.024094],[-90.145962,39.022972],[-90.145988,39.02159],[-90.145999,39.021002],[-90.146002,39.020597],[-90.146014,39.018615],[-90.146014,39.018384],[-90.146016,39.017695],[-90.146017,39.017465],[-90.146017,39.017382],[-90.146017,39.017134],[-90.146018,39.017052],[-90.146019,39.016456],[-90.14602,39.016383],[-90.146024,39.015809],[-90.146022,39.015561],[-90.14602,39.014779],[-90.146042,39.014018],[-90.146038,39.01381],[-90.146024,39.010718],[-90.146011,39.010063],[-90.146045,39.009456],[-90.146069,39.008983],[-90.146064,39.008041],[-90.146035,39.007544],[-90.14602,39.006614],[-90.146057,39.005668],[-90.146062,39.005362],[-90.146059,39.005177],[-90.146041,39.004585],[-90.146045,39.004445],[-90.145991,39.000046],[-90.145984,38.999303],[-90.143981,38.999293],[-90.143808,38.999146],[-90.143223,38.999088],[-90.137245,38.999103],[-90.136468,38.999103],[-90.130753,38.999079],[-90.128773,38.999072],[-90.120385,38.999037],[-90.118014,38.999027],[-90.111233,38.999044],[-90.107823,38.999038],[-90.099735,38.998901],[-90.099596,38.998898],[-90.097655,38.998873],[-90.084533,38.998666],[-90.081096,38.998576],[-90.079041,38.998574],[-90.079022,38.998581],[-90.078939,38.998595],[-90.078789,38.998602],[-90.077923,38.998613],[-90.076317,38.998569],[-90.074186,38.998521],[-90.073838,38.998459],[-90.073419,38.998477],[-90.072313,38.998526],[-90.072267,38.998528],[-90.071247,38.998534],[-90.07116,38.998573],[-90.068731,38.998564],[-90.065828,38.998577],[-90.063845,38.998592],[-90.062962,38.9986],[-90.061554,38.998614],[-90.060765,38.998621],[-90.058342,38.99863],[-90.056351,38.998634],[-90.054563,38.998639],[-90.052841,38.998643],[-90.052718,38.998643],[-90.048025,38.998632],[-90.041967,38.998617],[-90.041938,38.998617],[-90.041555,38.998624],[-90.040882,38.998631],[-90.040798,38.99863],[-90.039404,38.998645],[-90.039013,38.998649],[-90.035771,38.998683],[-90.034559,38.998695],[-90.034143,38.998699],[-90.031712,38.998735],[-90.031017,38.998744],[-90.030453,38.998754],[-90.029919,38.998759],[-90.0211,38.998875],[-90.02081,38.998871],[-90.014289,38.998787],[-90.013839,38.998784],[-90.011084,38.998778],[-90.006428,38.998768],[-89.996598,38.99878],[-89.991282,38.998738],[-89.988162,38.998712],[-89.987936,38.998711],[-89.987922,38.998748],[-89.98444,38.998754],[-89.984327,38.99874],[-89.984264,38.99872],[-89.984209,38.998691],[-89.984201,38.99868],[-89.983968,38.998678],[-89.978657,38.99867],[-89.973507,38.998691],[-89.969119,38.998708],[-89.967437,38.998717],[-89.965887,38.998722],[-89.964565,38.998727],[-89.960315,38.998696],[-89.95968,38.998692],[-89.956158,38.998713],[-89.950666,38.998746],[-89.948688,38.998757],[-89.947969,38.998751],[-89.947471,38.998765],[-89.945676,38.998775],[-89.945635,38.998776],[-89.945138,38.998779],[-89.944459,38.998767],[-89.940426,38.998709],[-89.940242,38.998702],[-89.940224,38.998698],[-89.93835,38.998711],[-89.935468,38.998725],[-89.930695,38.998748],[-89.92746,38.998764],[-89.92698,38.998766],[-89.926539,38.998768],[-89.922652,38.998749],[-89.922521,38.998748],[-89.915022,38.99871],[-89.906402,38.998661],[-89.903805,38.998722],[-89.903665,38.998722],[-89.903396,38.998698],[-89.902155,38.998682],[-89.902105,38.998681],[-89.897746,38.998686],[-89.889957,38.998638],[-89.889073,38.998634],[-89.885323,38.998646],[-89.880475,38.998627],[-89.875975,38.998617],[-89.869214,38.998593],[-89.866219,38.998581],[-89.864668,38.998571],[-89.864043,38.998568],[-89.863902,38.998567],[-89.861218,38.99854],[-89.860054,38.998542],[-89.858359,38.998546],[-89.857982,38.998547],[-89.857495,38.998538],[-89.855279,38.998497],[-89.855234,38.998507],[-89.855221,38.998508],[-89.855125,38.998513],[-89.854702,38.998516],[-89.853072,38.998499],[-89.852671,38.998502],[-89.852647,38.998504],[-89.85256,38.998504],[-89.852544,38.998504],[-89.852522,38.998504],[-89.85249,38.998504],[-89.852326,38.998505],[-89.851723,38.998502],[-89.851668,38.998502],[-89.85165,38.998502],[-89.851636,38.998501],[-89.851593,38.998501],[-89.851513,38.998501],[-89.85147,38.998501],[-89.851449,38.998501],[-89.851432,38.998501],[-89.849299,38.998493],[-89.848579,38.99849],[-89.845835,38.998479],[-89.845688,38.998478],[-89.844625,38.998467],[-89.843874,38.998459],[-89.842503,38.998461],[-89.840772,38.998463],[-89.840352,38.998464],[-89.84026,38.998464],[-89.839822,38.998463],[-89.836749,38.998455],[-89.83665,38.998455],[-89.836184,38.998454],[-89.836171,38.998454],[-89.836153,38.998454],[-89.836127,38.998454],[-89.836091,38.998453],[-89.834756,38.998433],[-89.833808,38.998429],[-89.833022,38.998439],[-89.833002,38.998439],[-89.832935,38.998439],[-89.832904,38.998441],[-89.832643,38.99844],[-89.832625,38.99844],[-89.830648,38.998434],[-89.829526,38.998422],[-89.827759,38.998421],[-89.826391,38.998417],[-89.826341,38.998417],[-89.825154,38.998413],[-89.825135,38.998413],[-89.824902,38.998412],[-89.824791,38.998409],[-89.824779,38.998409],[-89.824017,38.99839],[-89.822772,38.998386],[-89.821992,38.998395],[-89.821376,38.998398],[-89.819868,38.99838],[-89.817722,38.998364],[-89.817595,38.998362],[-89.814651,38.998341],[-89.812963,38.99833],[-89.811125,38.998356],[-89.810472,38.998363],[-89.807818,38.998396],[-89.802362,38.998418],[-89.801195,38.998436],[-89.801068,38.998437],[-89.799966,38.998467],[-89.79129,38.998499],[-89.791113,38.998493],[-89.787248,38.998487],[-89.782792,38.998476],[-89.780041,38.998484],[-89.773966,38.99847],[-89.773774,38.998472],[-89.764621,38.998633],[-89.764005,38.998644],[-89.758322,38.998701],[-89.755507,38.998741],[-89.755098,38.998757],[-89.750288,38.998776],[-89.749971,38.998779],[-89.749582,38.998784],[-89.745534,38.998813],[-89.74402,38.998825],[-89.740703,38.998838],[-89.736061,38.998858],[-89.733057,38.998873],[-89.731253,38.998881],[-89.726632,38.9989],[-89.72092,38.998927],[-89.717434,38.998942],[-89.714511,38.998945],[-89.714422,38.998944],[-89.709241,38.998948],[-89.707911,38.998949],[-89.705292,38.998956],[-89.705067,38.99892],[-89.699167,38.998977],[-89.698555,38.998979],[-89.698608,39.005959],[-89.698613,39.006497],[-89.698612,39.006833],[-89.69865,39.011583],[-89.698684,39.016013],[-89.698689,39.01671],[-89.698726,39.020075],[-89.698726,39.020107],[-89.698736,39.020985],[-89.698801,39.028275],[-89.698813,39.029688],[-89.698819,39.032785],[-89.698722,39.036099],[-89.698763,39.03616],[-89.69878,39.036231],[-89.69878,39.036241],[-89.698783,39.036463],[-89.698774,39.036786],[-89.698766,39.037071],[-89.698764,39.037449],[-89.698774,39.037765],[-89.698776,39.037833],[-89.698792,39.03875],[-89.698785,39.039521],[-89.698787,39.040831],[-89.698805,39.041879],[-89.698808,39.042062],[-89.698805,39.042448],[-89.698808,39.042828],[-89.698807,39.042894],[-89.698806,39.042963],[-89.698802,39.043213],[-89.698814,39.044208],[-89.69882,39.044749],[-89.69883,39.045132],[-89.698836,39.046278],[-89.698833,39.046632],[-89.698826,39.047503],[-89.698828,39.047758],[-89.698838,39.049109],[-89.698856,39.050178],[-89.698869,39.050632],[-89.698867,39.050938],[-89.69888,39.051245],[-89.698892,39.054147],[-89.698908,39.056456],[-89.698906,39.057537],[-89.69891,39.057612],[-89.698924,39.057675],[-89.698945,39.05774],[-89.698969,39.057764],[-89.699013,39.05948],[-89.699089,39.069502],[-89.699093,39.069747],[-89.699198,39.069808],[-89.699258,39.069851],[-89.699173,39.06993],[-89.69911,39.070002],[-89.699077,39.070072],[-89.699057,39.070149],[-89.69905,39.070227],[-89.699066,39.071228],[-89.69907,39.071713],[-89.699074,39.072166],[-89.699081,39.072991],[-89.699078,39.073833],[-89.699107,39.076773],[-89.699108,39.076863],[-89.699113,39.077046],[-89.699113,39.078201],[-89.699134,39.079661],[-89.699144,39.080737],[-89.699152,39.081103],[-89.699161,39.081505],[-89.69919,39.083653],[-89.699225,39.087328],[-89.699226,39.087489],[-89.699227,39.087569],[-89.699235,39.089869],[-89.699262,39.092251],[-89.699261,39.092942],[-89.699268,39.093631],[-89.699267,39.09416],[-89.699262,39.094467],[-89.699258,39.094679],[-89.699268,39.094796],[-89.699271,39.094826],[-89.699273,39.094849],[-89.699278,39.094906],[-89.699298,39.09602],[-89.6996,39.098433],[-89.699606,39.102077],[-89.699607,39.103034],[-89.699616,39.109108],[-89.699621,39.111764],[-89.699629,39.117258],[-89.699642,39.124696],[-89.699643,39.125222],[-89.69974,39.130232],[-89.699766,39.131577],[-89.699768,39.131666],[-89.699772,39.131876],[-89.699773,39.13192],[-89.699773,39.131936],[-89.699777,39.132141],[-89.699741,39.132152],[-89.699664,39.132198],[-89.699627,39.132264],[-89.699614,39.13243],[-89.699656,39.133756],[-89.699724,39.136835],[-89.69976,39.138743],[-89.69977,39.13904],[-89.699774,39.139144],[-89.699778,39.139267],[-89.699784,39.139455],[-89.69979,39.139494],[-89.699794,39.139518],[-89.699807,39.139602],[-89.699838,39.139819],[-89.699746,39.140325],[-89.699853,39.146742],[-89.69987,39.147765],[-89.69988,39.148373],[-89.699946,39.152321],[-89.699965,39.153458],[-89.70014,39.153983],[-89.700151,39.155696],[-89.700207,39.161147],[-89.700224,39.162722],[-89.70015,39.164243],[-89.700149,39.164264],[-89.70016,39.16496],[-89.700218,39.167499],[-89.700214,39.167691],[-89.700213,39.167724],[-89.700203,39.167798],[-89.700206,39.168076],[-89.700179,39.168416],[-89.700167,39.168575],[-89.700164,39.168611],[-89.700159,39.168658],[-89.700158,39.169134],[-89.700165,39.170065],[-89.700181,39.170531],[-89.700188,39.17107],[-89.700207,39.171973],[-89.700234,39.173224],[-89.700257,39.1746],[-89.70027,39.174833],[-89.700278,39.174976],[-89.70029,39.175067],[-89.700292,39.175082],[-89.700293,39.175093],[-89.70031,39.175223],[-89.700338,39.17544],[-89.700353,39.175581],[-89.700364,39.17576],[-89.700401,39.178164],[-89.70042,39.178934],[-89.700448,39.181162],[-89.70045,39.18193],[-89.700474,39.183268],[-89.700474,39.183286],[-89.700485,39.183932],[-89.700489,39.184348],[-89.700491,39.184546],[-89.700512,39.18547],[-89.70051,39.186045],[-89.700509,39.186163],[-89.700555,39.188312],[-89.700556,39.189467],[-89.700581,39.190316],[-89.700594,39.190757],[-89.700609,39.191082],[-89.700648,39.192618],[-89.700681,39.19431],[-89.700689,39.195157],[-89.700715,39.195927],[-89.700724,39.19662],[-89.70076,39.198312],[-89.700785,39.200079],[-89.700818,39.201542],[-89.700819,39.202694],[-89.700825,39.203071],[-89.700832,39.203463],[-89.700833,39.204155],[-89.700842,39.205241],[-89.700842,39.205286],[-89.700846,39.205672],[-89.700847,39.205735],[-89.700854,39.206617],[-89.700882,39.207617],[-89.701046,39.21492],[-89.701061,39.215228],[-89.701082,39.215998],[-89.701088,39.216538],[-89.701161,39.220199],[-89.701163,39.220275],[-89.701161,39.220464],[-89.701163,39.220557],[-89.701163,39.220578],[-89.701224,39.223232],[-89.701266,39.225849],[-89.701292,39.228001],[-89.701373,39.231525],[-89.701403,39.232845],[-89.70143,39.234449],[-89.701441,39.234674],[-89.701455,39.235322],[-89.701452,39.235381],[-89.701453,39.235518],[-89.70147,39.237852],[-89.701483,39.241778],[-89.701499,39.242627],[-89.701516,39.243242],[-89.701568,39.244164],[-89.701617,39.244963],[-89.701704,39.246389],[-89.701772,39.247229],[-89.701838,39.248537],[-89.701865,39.249609],[-89.701866,39.249638],[-89.70188,39.250235],[-89.701886,39.250459],[-89.701887,39.250498],[-89.701888,39.250534],[-89.701896,39.250796],[-89.701897,39.250831],[-89.701986,39.253937],[-89.702063,39.256316],[-89.702093,39.256887],[-89.702097,39.256969],[-89.702121,39.257432],[-89.702121,39.257457],[-89.702146,39.257561],[-89.702299,39.262899],[-89.702358,39.265017],[-89.702384,39.265387],[-89.702396,39.26558],[-89.702394,39.266221],[-89.702409,39.267035],[-89.702411,39.267144],[-89.702439,39.268671],[-89.702478,39.270203],[-89.702511,39.271693],[-89.702541,39.273048],[-89.702565,39.275206],[-89.702571,39.275434],[-89.702589,39.277277],[-89.702592,39.278888],[-89.7026,39.279505],[-89.702606,39.280008],[-89.7026,39.280079],[-89.702602,39.28014],[-89.702611,39.280426],[-89.702637,39.282209],[-89.702643,39.283206],[-89.702651,39.284421],[-89.702677,39.285886],[-89.702688,39.287574],[-89.702752,39.291112],[-89.702777,39.29311],[-89.702795,39.295204],[-89.702795,39.295256],[-89.702794,39.2953],[-89.702793,39.295393],[-89.702787,39.295701],[-89.702783,39.295949],[-89.702789,39.296186],[-89.702796,39.296486],[-89.702813,39.297767],[-89.702813,39.297788],[-89.702823,39.298565],[-89.702826,39.298704],[-89.702885,39.301643],[-89.702891,39.302125],[-89.70294,39.306341],[-89.702995,39.3095],[-89.703001,39.310322],[-89.703001,39.310372],[-89.703002,39.310481],[-89.703002,39.310521],[-89.703042,39.312422],[-89.703091,39.314118],[-89.703117,39.315193],[-89.703162,39.316649],[-89.703168,39.317271],[-89.70317,39.317462],[-89.703161,39.317535],[-89.703138,39.317604],[-89.703206,39.321172],[-89.703222,39.321572],[-89.703296,39.32571],[-89.703326,39.325734],[-89.70336,39.325796],[-89.703372,39.325872],[-89.703369,39.326031],[-89.703365,39.326191],[-89.703365,39.326734],[-89.703411,39.329589],[-89.703436,39.33161],[-89.703437,39.331651],[-89.703448,39.332571],[-89.70347,39.332764],[-89.703482,39.332864],[-89.703482,39.3329],[-89.703482,39.332938],[-89.703471,39.333008],[-89.703441,39.333076],[-89.703441,39.333093],[-89.703551,39.340205],[-89.703555,39.340478],[-89.703692,39.34803],[-89.699276,39.348048],[-89.699368,39.355264],[-89.699317,39.355577],[-89.699311,39.355948],[-89.699314,39.356785],[-89.699326,39.35801],[-89.699327,39.358077],[-89.699342,39.359081],[-89.699351,39.359235],[-89.699361,39.359391],[-89.699373,39.35963],[-89.699393,39.359857],[-89.699428,39.360151],[-89.699502,39.360589],[-89.69959,39.36102],[-89.699656,39.361384],[-89.699712,39.36175],[-89.699724,39.362121],[-89.699704,39.362418],[-89.699455,39.36415],[-89.699456,39.364242],[-89.69945,39.364427],[-89.699449,39.364471],[-89.699457,39.364742],[-89.699464,39.365005],[-89.699479,39.365323],[-89.699479,39.365333],[-89.699485,39.365464],[-89.699503,39.366232],[-89.699515,39.367308],[-89.699517,39.368534],[-89.699524,39.369906],[-89.699524,39.369974],[-89.699522,39.370508],[-89.699506,39.371506],[-89.699506,39.372125],[-89.69952,39.373047],[-89.699553,39.37451],[-89.699585,39.377029],[-89.699574,39.377321],[-89.69963,39.377378],[-89.699649,39.379011],[-89.699612,39.379043],[-89.699616,39.379066],[-89.699625,39.379422],[-89.699633,39.379747],[-89.699633,39.37976],[-89.699637,39.37991],[-89.699644,39.380189],[-89.699645,39.380217],[-89.699656,39.381292],[-89.699666,39.381683],[-89.699697,39.382825],[-89.699703,39.383892],[-89.69972,39.384507],[-89.699775,39.388959],[-89.69978,39.390264],[-89.699798,39.390952],[-89.699798,39.390974],[-89.699791,39.391014],[-89.699797,39.391276],[-89.699794,39.391851],[-89.699795,39.391976],[-89.699798,39.392127],[-89.699843,39.392826],[-89.699846,39.392874],[-89.699843,39.393401],[-89.699882,39.394995],[-89.699896,39.395377],[-89.699895,39.395552],[-89.699895,39.395568],[-89.699901,39.395679],[-89.699917,39.397744],[-89.699955,39.399657],[-89.69997,39.400188],[-89.700039,39.406461],[-89.70004,39.406546],[-89.700045,39.407415],[-89.700124,39.413619],[-89.700216,39.421157],[-89.70026,39.424789],[-89.700395,39.435752],[-89.700396,39.435828],[-89.700494,39.442264],[-89.700497,39.442437],[-89.700498,39.442483],[-89.700499,39.442555],[-89.700499,39.442582],[-89.700499,39.44261],[-89.700501,39.442718],[-89.700506,39.443026],[-89.700507,39.443075],[-89.700601,39.450355],[-89.700698,39.457624],[-89.700715,39.457739],[-89.700725,39.458395],[-89.700766,39.464435],[-89.700771,39.464799],[-89.700812,39.468038],[-89.70082,39.469185],[-89.700841,39.470259],[-89.700861,39.472479],[-89.700863,39.472601],[-89.700869,39.472983],[-89.700871,39.4731],[-89.700871,39.473128],[-89.700873,39.473271],[-89.700887,39.474166],[-89.700896,39.474709],[-89.700907,39.475375],[-89.700913,39.47616],[-89.700926,39.477671],[-89.700945,39.47932],[-89.700948,39.479586],[-89.700961,39.480654],[-89.700982,39.482502],[-89.700985,39.483575],[-89.700999,39.484265],[-89.701022,39.486483],[-89.70104,39.487395],[-89.701045,39.487632],[-89.70105,39.488171],[-89.701062,39.488825],[-89.701068,39.48915],[-89.701073,39.48941],[-89.701079,39.489733],[-89.701081,39.489843],[-89.701081,39.48987],[-89.701081,39.489893],[-89.701093,39.490547],[-89.701128,39.493229],[-89.701132,39.494071],[-89.701137,39.494135],[-89.701138,39.494149],[-89.701149,39.495381],[-89.701205,39.499427],[-89.701216,39.50004],[-89.701216,39.500059],[-89.701237,39.501314],[-89.701239,39.501434],[-89.701242,39.50159],[-89.701244,39.501704],[-89.701245,39.50175],[-89.701245,39.501769],[-89.701245,39.501793],[-89.701246,39.501845],[-89.701251,39.502098],[-89.701268,39.503017],[-89.701304,39.50498],[-89.701314,39.505528],[-89.701441,39.512446],[-89.701448,39.512753],[-89.701547,39.517207],[-89.701589,39.519582],[-89.701598,39.520436],[-89.701599,39.520504],[-89.701599,39.52052],[-89.701599,39.520543],[-89.7016,39.520637],[-89.701602,39.520774],[-89.701647,39.523218],[-89.701661,39.523316],[-89.711097,39.523289],[-89.715359,39.523237],[-89.71567,39.523222],[-89.715803,39.523209],[-89.715855,39.523203],[-89.720537,39.523118],[-89.720618,39.523118],[-89.724166,39.52311],[-89.724259,39.523109],[-89.724538,39.523109],[-89.724632,39.523109],[-89.724754,39.523108],[-89.725123,39.523108],[-89.725246,39.523108],[-89.727097,39.523104],[-89.729934,39.523099],[-89.732652,39.523083],[-89.734504,39.523073],[-89.734654,39.523072],[-89.736418,39.523061],[-89.739373,39.523044],[-89.742163,39.523022],[-89.744078,39.523008],[-89.745284,39.523002],[-89.748799,39.522985],[-89.748902,39.522984],[-89.750109,39.52298],[-89.751263,39.522975],[-89.753514,39.522966],[-89.754726,39.522961],[-89.755881,39.522958],[-89.756612,39.522955],[-89.758228,39.522951],[-89.758805,39.52295],[-89.75944,39.52295],[-89.759537,39.52295],[-89.759677,39.522949],[-89.760125,39.522948],[-89.760631,39.522948],[-89.761891,39.522945],[-89.76248,39.522945],[-89.762514,39.522945],[-89.762616,39.522945],[-89.76265,39.522945],[-89.762724,39.522945],[-89.762813,39.522945],[-89.762919,39.522945],[-89.76295,39.522945],[-89.763025,39.522945],[-89.763064,39.522945],[-89.763181,39.522945],[-89.763221,39.522945],[-89.763306,39.522944],[-89.76356,39.522944],[-89.763646,39.522944],[-89.764421,39.522947],[-89.765532,39.522951],[-89.766747,39.522953],[-89.767311,39.522956],[-89.767523,39.522957],[-89.768199,39.522964],[-89.770227,39.522989],[-89.770904,39.522997],[-89.770924,39.522997],[-89.770987,39.522997],[-89.771008,39.522998],[-89.771067,39.522997],[-89.771135,39.522997],[-89.772161,39.522972],[-89.775621,39.522887],[-89.776775,39.52286],[-89.777054,39.522891],[-89.777821,39.522977],[-89.778258,39.522974],[-89.782728,39.522949],[-89.784219,39.522941],[-89.784788,39.522937],[-89.786343,39.522929],[-89.786497,39.522914],[-89.787065,39.522861],[-89.78728,39.52284],[-89.788714,39.522857],[-89.792043,39.522897],[-89.793665,39.522917],[-89.795316,39.522939],[-89.795464,39.52294],[-89.79591,39.522946],[-89.796059,39.522948],[-89.796934,39.522963],[-89.799559,39.52301],[-89.800366,39.523025],[-89.800434,39.523023],[-89.800476,39.523021],[-89.800605,39.523017],[-89.800648,39.523017],[-89.801735,39.522976],[-89.804458,39.522876],[-89.804997,39.522877],[-89.806085,39.522882],[-89.806232,39.522883],[-89.806376,39.522884],[-89.806673,39.522863],[-89.80682,39.522854],[-89.807849,39.522851],[-89.809254,39.522848],[-89.810043,39.522846],[-89.810936,39.522843],[-89.811966,39.522841],[-89.812202,39.52284],[-89.81291,39.522838],[-89.813147,39.522838],[-89.81414,39.522839],[-89.816988,39.52284],[-89.819269,39.522841],[-89.822509,39.522843],[-89.827215,39.522798],[-89.828511,39.522785],[-89.831918,39.522753],[-89.832009,39.522752],[-89.832353,39.522749],[-89.834138,39.522734],[-89.839497,39.52269],[-89.841283,39.522676],[-89.842791,39.522663],[-89.84345,39.522658],[-89.845075,39.522644],[-89.845993,39.522637],[-89.850703,39.522597],[-89.850937,39.522596],[-89.856454,39.522565],[-89.856961,39.522563],[-89.859997,39.522547],[-89.860248,39.522546],[-89.861861,39.52254],[-89.863567,39.522535],[-89.864502,39.522532],[-89.864703,39.522532],[-89.865493,39.522533],[-89.866701,39.522535],[-89.868315,39.522538],[-89.869406,39.52254],[-89.869483,39.522539],[-89.870409,39.522535],[-89.874096,39.522524],[-89.876692,39.522514],[-89.878787,39.522507],[-89.878813,39.522506],[-89.878894,39.522506],[-89.878921,39.522506],[-89.882375,39.522477],[-89.88817,39.522431],[-89.888402,39.522428],[-89.892739,39.522383],[-89.896194,39.522348],[-89.896507,39.522344],[-89.897446,39.522335],[-89.89755,39.522334],[-89.89776,39.522332],[-89.899591,39.522316],[-89.902162,39.522295],[-89.905086,39.52227],[-89.906918,39.522255],[-89.907038,39.522254],[-89.907398,39.52225],[-89.907519,39.52225],[-89.909376,39.522235],[-89.914948,39.522191],[-89.916328,39.522181],[-89.916806,39.522177],[-89.918626,39.522162],[-89.921007,39.522144],[-89.924086,39.522119],[-89.925907,39.522105],[-89.925932,39.522104],[-89.926011,39.522104],[-89.926037,39.522104],[-89.926107,39.522073],[-89.926188,39.522057],[-89.926245,39.522057],[-89.929885,39.52203],[-89.935907,39.522014],[-89.937826,39.521995],[-89.937939,39.521993],[-89.939752,39.521965],[-89.93978,39.521965],[-89.939873,39.521964],[-89.940607,39.52196],[-89.958969,39.521842],[-89.97018,39.521769],[-89.974968,39.521737],[-89.98246,39.521689],[-89.986614,39.521664],[-89.988398,39.521654],[-89.991589,39.521636],[-89.996373,39.521608],[-89.996935,39.521605],[-89.997186,39.521603],[-89.998552,39.521595],[-89.998767,39.521596],[-89.999678,39.521589],[-90.005317,39.521555],[-90.005894,39.521552],[-90.006347,39.521549],[-90.009396,39.521533],[-90.010341,39.521528],[-90.015076,39.521503],[-90.022259,39.521464],[-90.022721,39.521462],[-90.024609,39.521451],[-90.024733,39.521443],[-90.027043,39.521418],[-90.029284,39.521417],[-90.03161,39.521401],[-90.03379,39.521418],[-90.038838,39.521417],[-90.038933,39.521413],[-90.039122,39.521405],[-90.039953,39.521402],[-90.048623,39.521374],[-90.052932,39.521325],[-90.053117,39.521323],[-90.059938,39.521254],[-90.061374,39.521239],[-90.066813,39.521184],[-90.07451,39.521104],[-90.080487,39.521042],[-90.087592,39.520968],[-90.090191,39.52091],[-90.097993,39.520803],[-90.098717,39.520793],[-90.098761,39.520792],[-90.098849,39.520791],[-90.09896,39.52079],[-90.099384,39.520766],[-90.099524,39.520764],[-90.099669,39.520762],[-90.099857,39.52076],[-90.10386,39.520713],[-90.10391,39.520712],[-90.104188,39.520709],[-90.104961,39.5207],[-90.104986,39.5207],[-90.106594,39.52068],[-90.10676,39.520678],[-90.108653,39.520656],[-90.108856,39.520653],[-90.109185,39.52065],[-90.109681,39.520644],[-90.113401,39.520626],[-90.11345,39.520626],[-90.11439,39.520627],[-90.117424,39.520593],[-90.118688,39.520582],[-90.118915,39.52058],[-90.120418,39.520555],[-90.121461,39.520546],[-90.122526,39.520533],[-90.123139,39.520532],[-90.125,39.520532],[-90.125999,39.520513],[-90.127008,39.520506],[-90.128134,39.520511],[-90.128389,39.520488],[-90.128639,39.520442],[-90.128734,39.520424],[-90.129044,39.52035],[-90.129205,39.520324],[-90.129365,39.520313],[-90.129529,39.520328],[-90.129689,39.520365],[-90.129903,39.520448],[-90.13002,39.520507],[-90.131089,39.520499],[-90.132153,39.520492],[-90.132238,39.520495],[-90.132397,39.520494],[-90.135236,39.52047],[-90.136568,39.520459],[-90.136613,39.520459],[-90.136757,39.520458],[-90.136782,39.520458],[-90.136826,39.520457],[-90.136882,39.520457],[-90.136982,39.520459],[-90.137255,39.520455],[-90.147581,39.52038],[-90.149623,39.520365],[-90.150515,39.520359],[-90.150843,39.520356],[-90.150904,39.520356],[-90.152733,39.520343],[-90.153317,39.520338],[-90.15375,39.520315],[-90.153782,39.520315]]]},"properties":{"ID":6,"DISTRICT":"6","DISTRICTN":6}},
{"type":"Feature","geometry":{"type":"Polygon","coordinates":[[[-90.603569,39.117592],[-90.603539,39.117477],[-90.603393,39.114679],[-90.603299,39.111945],[-90.603261,39.110695],[-90.602994,39.110025],[-90.601835,39.107111],[-90.599656,39.10276],[-90.598267,39.100377],[-90.596581,39.097269],[-90.595072,39.093935],[-90.593615,39.090641],[-90.592358,39.087372],[-90.592303,39.087227],[-90.592165,39.086765],[-90.59128,39.083798],[-90.591048,39.082201],[-90.590099,39.078538],[-90.58927,39.076036],[-90.588139,39.074162],[-90.586482,39.071917],[-90.58443,39.070103],[-90.583967,39.069694],[-90.582557,39.067771],[-90.581406,39.06568],[-90.581194,39.064414],[-90.581323,39.063075],[-90.582062,39.061626],[-90.584068,39.058712],[-90.585285,39.057959],[-90.586716,39.056996],[-90.587537,39.056398],[-90.588303,39.055614],[-90.589031,39.054643],[-90.58923,39.054337],[-90.589769,39.052568],[-90.58985,39.05221],[-90.59001,39.050679],[-90.589849,39.049501],[-90.589318,39.047532],[-90.588725,39.046667],[-90.588094,39.045747],[-90.586359,39.044361],[-90.585017,39.043234],[-90.582459,39.041628],[-90.58094,39.040664],[-90.578977,39.038918],[-90.578092,39.0377],[-90.57681,39.035938],[-90.575404,39.033032],[-90.574321,39.029788],[-90.573796,39.026392],[-90.573724,39.02344],[-90.574167,39.021159],[-90.575007,39.01943],[-90.575177,39.019081],[-90.575916,39.017616],[-90.576316,39.012811],[-90.57623,39.011432],[-90.576101,39.009383],[-90.575684,39.007592],[-90.575062,39.005179],[-90.574429,39.003138],[-90.573734,39.001265],[-90.573191,39.000048],[-90.573164,39],[-90.572846,38.999436],[-90.572527,38.998872],[-90.571561,38.996096],[-90.570169,38.99329],[-90.567587,38.989727],[-90.564634,38.986513],[-90.560938,38.983114],[-90.559952,38.982219],[-90.55665,38.979224],[-90.553316,38.975857],[-90.550582,38.97273],[-90.548939,38.971106],[-90.543172,38.964698],[-90.538914,38.961412],[-90.534657,38.958499],[-90.529877,38.956333],[-90.523678,38.95454],[-90.519644,38.953943],[-90.515163,38.954615],[-90.510084,38.956781],[-90.506175,38.959428],[-90.500117,38.963064],[-90.497238,38.964262],[-90.494785,38.965374],[-90.493894,38.965779],[-90.491802,38.966614],[-90.489586,38.967151],[-90.487225,38.967729],[-90.484874,38.968072],[-90.481599,38.968534],[-90.481218,38.968588],[-90.479479,38.968591],[-90.476651,38.968741],[-90.474104,38.968818],[-90.470779,38.969049],[-90.468509,38.969168],[-90.467766,38.969208],[-90.464879,38.969137],[-90.4647,38.969132],[-90.462815,38.969094],[-90.460827,38.969017],[-90.457503,38.968828],[-90.456571,38.968797],[-90.456328,38.968775],[-90.456055,38.96875],[-90.455359,38.968686],[-90.454199,38.968542],[-90.453122,38.968277],[-90.452179,38.96809],[-90.451745,38.968004],[-90.450813,38.967769],[-90.450703,38.967746],[-90.450023,38.967604],[-90.449646,38.967526],[-90.448272,38.967185],[-90.447949,38.967105],[-90.447666,38.967076],[-90.446864,38.966994],[-90.446701,38.966978],[-90.446671,38.966975],[-90.445987,38.9669],[-90.445303,38.966826],[-90.444102,38.966796],[-90.443367,38.966965],[-90.443293,38.966983],[-90.442796,38.967137],[-90.442515,38.967182],[-90.442269,38.967221],[-90.44203,38.967259],[-90.441524,38.967265],[-90.441357,38.967268],[-90.441276,38.96727],[-90.441169,38.967272],[-90.441062,38.967275],[-90.441035,38.967275],[-90.440673,38.967285],[-90.440316,38.967332],[-90.440078,38.967364],[-90.439938,38.967383],[-90.439811,38.967366],[-90.439203,38.967287],[-90.439018,38.967232],[-90.438761,38.967156],[-90.438498,38.967078],[-90.437971,38.966938],[-90.437567,38.966831],[-90.437287,38.966757],[-90.437261,38.966751],[-90.43651,38.966572],[-90.43584,38.966318],[-90.43564,38.966242],[-90.435622,38.966234],[-90.435002,38.965979],[-90.434934,38.965951],[-90.434865,38.965923],[-90.434851,38.965917],[-90.434809,38.9659],[-90.434796,38.965895],[-90.434543,38.965791],[-90.434405,38.965745],[-90.433745,38.965526],[-90.43343,38.965392],[-90.432306,38.964914],[-90.431364,38.964576],[-90.431054,38.964451],[-90.430535,38.964246],[-90.430142,38.96398],[-90.42978,38.963778],[-90.429438,38.963738],[-90.429418,38.963738],[-90.428463,38.963748],[-90.428433,38.963748],[-90.427967,38.963813],[-90.427243,38.963806],[-90.427138,38.963802],[-90.426166,38.963775],[-90.424726,38.963785],[-90.424651,38.963779],[-90.423825,38.963721],[-90.423028,38.963714],[-90.421899,38.963683],[-90.421433,38.963684],[-90.420243,38.963604],[-90.419269,38.963654],[-90.418379,38.96355],[-90.417592,38.963519],[-90.416598,38.963455],[-90.416017,38.963443],[-90.415396,38.963432],[-90.414392,38.963328],[-90.413108,38.96333],[-90.411161,38.963154],[-90.40967,38.962914],[-90.407537,38.962706],[-90.406367,38.962554],[-90.405218,38.962273],[-90.404369,38.962144],[-90.403292,38.961814],[-90.401967,38.961541],[-90.400756,38.96134],[-90.399482,38.961051],[-90.39825,38.9606],[-90.397246,38.960383],[-90.396698,38.96025],[-90.395816,38.960037],[-90.394874,38.959642],[-90.394305,38.959497],[-90.393063,38.959163],[-90.392721,38.959071],[-90.391479,38.958434],[-90.391158,38.958337],[-90.390816,38.958249],[-90.390123,38.958026],[-90.389315,38.957766],[-90.387804,38.957081],[-90.386593,38.956718],[-90.386026,38.956529],[-90.385757,38.956439],[-90.38531,38.95626],[-90.384864,38.956082],[-90.384523,38.955945],[-90.383613,38.955624],[-90.383126,38.955453],[-90.38178,38.954817],[-90.380921,38.954422],[-90.380042,38.953946],[-90.379245,38.95364],[-90.378096,38.953245],[-90.378008,38.953201],[-90.377325,38.952864],[-90.377247,38.952826],[-90.376399,38.952624],[-90.375964,38.952471],[-90.375114,38.952275],[-90.374385,38.951983],[-90.373657,38.951691],[-90.373069,38.951455],[-90.369273,38.949935],[-90.366934,38.948998],[-90.36489,38.948179],[-90.36424,38.947918],[-90.362292,38.947138],[-90.361643,38.946878],[-90.360728,38.946512],[-90.359812,38.946145],[-90.355638,38.944473],[-90.346442,38.94079],[-90.343901,38.939377],[-90.343108,38.938936],[-90.342315,38.938495],[-90.340613,38.937548],[-90.339514,38.936793],[-90.338706,38.936182],[-90.33831,38.935906],[-90.338202,38.935831],[-90.335963,38.93466],[-90.335898,38.934626],[-90.333533,38.933489],[-90.332513,38.933048],[-90.331558,38.932624],[-90.330634,38.932215],[-90.328659,38.931441],[-90.327688,38.931061],[-90.327597,38.931025],[-90.326869,38.930769],[-90.325446,38.93027],[-90.32441,38.929907],[-90.324179,38.929827],[-90.32358,38.929653],[-90.322653,38.929385],[-90.321127,38.929087],[-90.320471,38.929003],[-90.319617,38.928873],[-90.319052,38.928667],[-90.318764,38.92852],[-90.317837,38.928047],[-90.317572,38.927912],[-90.314124,38.92631],[-90.31301,38.925852],[-90.31182,38.925234],[-90.311179,38.92486],[-90.310416,38.924471],[-90.309454,38.92412],[-90.308613,38.923948],[-90.307761,38.923801],[-90.306113,38.923525],[-90.305258,38.923556],[-90.304129,38.923563],[-90.303214,38.923601],[-90.303052,38.923592],[-90.302466,38.923594],[-90.30129,38.923457],[-90.300756,38.923444],[-90.298711,38.923395],[-90.295721,38.923411],[-90.294748,38.923429],[-90.2945,38.923434],[-90.294061,38.923455],[-90.291768,38.923563],[-90.290957,38.923611],[-90.289052,38.923724],[-90.286535,38.923861],[-90.285634,38.92393],[-90.284704,38.923968],[-90.283712,38.924048],[-90.280752,38.923952],[-90.279592,38.923868],[-90.277471,38.923716],[-90.275702,38.923529],[-90.275563,38.928377],[-90.275536,38.930344],[-90.275518,38.930742],[-90.275481,38.932669],[-90.275439,38.934823],[-90.275434,38.935076],[-90.27543,38.935306],[-90.275422,38.935877],[-90.2754,38.936836],[-90.275387,38.937415],[-90.275356,38.93889],[-90.275343,38.9395],[-90.27531,38.941075],[-90.275146,38.945534],[-90.275089,38.947095],[-90.275028,38.948876],[-90.275017,38.949066],[-90.274875,38.9553],[-90.274788,38.958923],[-90.274758,38.960268],[-90.274721,38.961846],[-90.274672,38.963928],[-90.274667,38.964181],[-90.274625,38.966244],[-90.274624,38.966347],[-90.274621,38.96652],[-90.27457,38.969907],[-90.274321,38.979667],[-90.274211,38.982055],[-90.2742,38.98229],[-90.274184,38.982622],[-90.274088,38.98462],[-90.274047,38.988398],[-90.274019,38.99193],[-90.273963,38.994221],[-90.273962,38.995418],[-90.273961,38.997126],[-90.27396,38.998186],[-90.273959,38.999036],[-90.272086,38.999049],[-90.269261,38.999069],[-90.267282,38.999082],[-90.26624,38.999089],[-90.265257,38.999096],[-90.264353,38.999102],[-90.260971,38.999126],[-90.259396,38.999136],[-90.258298,38.999144],[-90.257344,38.999151],[-90.255339,38.999172],[-90.248216,38.999156],[-90.244194,38.99916],[-90.239455,38.999166],[-90.234744,38.99913],[-90.23203,38.999107],[-90.231728,38.999107],[-90.229816,38.999084],[-90.226317,38.999063],[-90.225742,38.999056],[-90.224428,38.999049],[-90.220709,38.999018],[-90.216245,38.998981],[-90.215659,38.998976],[-90.211998,38.998981],[-90.20869,38.998998],[-90.195028,38.999064],[-90.192628,38.999064],[-90.190586,38.999062],[-90.180632,38.999049],[-90.175671,38.999043],[-90.169558,38.999046],[-90.168926,38.999049],[-90.168741,38.999372],[-90.168725,38.9994],[-90.168415,38.999398],[-90.168168,38.999388],[-90.165436,38.999371],[-90.163427,38.99937],[-90.162028,38.999372],[-90.157204,38.999368],[-90.157167,38.999368],[-90.156142,38.999354],[-90.155917,38.999353],[-90.155778,38.999354],[-90.155552,38.999352],[-90.153238,38.999382],[-90.147168,38.99934],[-90.145984,38.999303],[-90.145991,39.000046],[-90.146045,39.004445],[-90.146041,39.004585],[-90.146059,39.005177],[-90.146062,39.005362],[-90.146057,39.005668],[-90.14602,39.006614],[-90.146035,39.007544],[-90.146064,39.008041],[-90.146069,39.008983],[-90.146045,39.009456],[-90.146011,39.010063],[-90.146024,39.010718],[-90.146038,39.01381],[-90.146042,39.014018],[-90.14602,39.014779],[-90.146022,39.015561],[-90.146024,39.015809],[-90.14602,39.016383],[-90.146019,39.016456],[-90.146018,39.017052],[-90.146017,39.017134],[-90.146017,39.017382],[-90.146017,39.017465],[-90.146016,39.017695],[-90.146014,39.018384],[-90.146014,39.018615],[-90.146002,39.020597],[-90.145999,39.021002],[-90.145988,39.02159],[-90.145962,39.022972],[-90.145975,39.024094],[-90.145965,39.024633],[-90.145952,39.02528],[-90.145949,39.025644],[-90.145942,39.02658],[-90.145949,39.028537],[-90.145948,39.028865],[-90.145944,39.029852],[-90.145944,39.030181],[-90.145944,39.030214],[-90.145936,39.030679],[-90.145937,39.031433],[-90.14593,39.031555],[-90.145928,39.031593],[-90.145926,39.031642],[-90.145902,39.0321],[-90.145869,39.032744],[-90.145867,39.033138],[-90.145862,39.034321],[-90.145862,39.034466],[-90.145853,39.034685],[-90.145846,39.034715],[-90.145863,39.034803],[-90.145915,39.035069],[-90.145933,39.035158],[-90.145932,39.035185],[-90.145931,39.035268],[-90.145931,39.035296],[-90.14593,39.035322],[-90.14593,39.035404],[-90.14593,39.035431],[-90.145929,39.035486],[-90.145927,39.035652],[-90.145927,39.035708],[-90.145927,39.035729],[-90.145914,39.035792],[-90.145876,39.035982],[-90.145864,39.036046],[-90.145865,39.036058],[-90.145868,39.036096],[-90.145869,39.036109],[-90.145872,39.036141],[-90.145871,39.036152],[-90.145862,39.036284],[-90.14586,39.036328],[-90.145854,39.036413],[-90.145853,39.036433],[-90.145843,39.03675],[-90.14584,39.036856],[-90.145834,39.037116],[-90.145828,39.037428],[-90.145829,39.037898],[-90.14583,39.038159],[-90.145835,39.038384],[-90.14585,39.03906],[-90.145856,39.039286],[-90.145932,39.039648],[-90.145939,39.041491],[-90.14593,39.042161],[-90.145914,39.045727],[-90.145908,39.050063],[-90.145908,39.050163],[-90.145908,39.050209],[-90.145898,39.057907],[-90.145896,39.059055],[-90.145889,39.064534],[-90.145882,39.070037],[-90.145879,39.072129],[-90.145881,39.073263],[-90.145885,39.076648],[-90.145887,39.077776],[-90.145888,39.079094],[-90.145892,39.07943],[-90.145891,39.080783],[-90.145892,39.081869],[-90.145899,39.086714],[-90.145915,39.088605],[-90.145956,39.093811],[-90.145976,39.097729],[-90.145991,39.100033],[-90.146021,39.10519],[-90.146021,39.105306],[-90.146032,39.108434],[-90.146043,39.111404],[-90.146055,39.115851],[-90.146059,39.116885],[-90.146085,39.125034],[-90.146102,39.130253],[-90.146093,39.133799],[-90.146118,39.135192],[-90.146126,39.137673],[-90.146126,39.137718],[-90.146131,39.139137],[-90.146138,39.14184],[-90.146145,39.143539],[-90.146149,39.145008],[-90.146151,39.145346],[-90.146154,39.146335],[-90.146153,39.146684],[-90.146158,39.147784],[-90.146169,39.151143],[-90.146173,39.152273],[-90.146227,39.15964],[-90.146247,39.162408],[-90.146264,39.164633],[-90.146286,39.1677],[-90.146307,39.170569],[-90.146317,39.171852],[-90.146325,39.173023],[-90.146334,39.174063],[-90.146334,39.174276],[-90.146345,39.174668],[-90.146424,39.177939],[-90.146439,39.178382],[-90.14645,39.178709],[-90.146476,39.179695],[-90.146484,39.180036],[-90.14649,39.180218],[-90.146519,39.181328],[-90.146649,39.187246],[-90.146676,39.18842],[-90.146686,39.188893],[-90.147006,39.203592],[-90.147094,39.207662],[-90.147325,39.218156],[-90.147671,39.237418],[-90.147706,39.239126],[-90.147738,39.240886],[-90.147858,39.247461],[-90.147987,39.254498],[-90.148116,39.261656],[-90.148121,39.261947],[-90.157184,39.262009],[-90.15755,39.261975],[-90.186295,39.261963],[-90.193872,39.26196],[-90.193851,39.261501],[-90.193699,39.258235],[-90.194938,39.25823],[-90.202681,39.258192],[-90.202512,39.251672],[-90.202225,39.240611],[-90.202218,39.240207],[-90.202163,39.238221],[-90.202119,39.236507],[-90.202083,39.235155],[-90.202023,39.232779],[-90.201769,39.225497],[-90.21066,39.225555],[-90.218557,39.225609],[-90.220307,39.225621],[-90.22077,39.225625],[-90.223461,39.225641],[-90.229608,39.225682],[-90.235633,39.225604],[-90.23905,39.225556],[-90.24419,39.225485],[-90.257875,39.225288],[-90.25799,39.225287],[-90.258078,39.225284],[-90.258148,39.225282],[-90.276446,39.224672],[-90.285938,39.224907],[-90.295498,39.225013],[-90.300704,39.225051],[-90.307571,39.225083],[-90.31393,39.225128],[-90.313893,39.22214],[-90.31384,39.217981],[-90.313851,39.217875],[-90.313838,39.217602],[-90.313822,39.215804],[-90.313814,39.215439],[-90.313811,39.214355],[-90.313818,39.213723],[-90.313816,39.213623],[-90.313778,39.211805],[-90.313778,39.211787],[-90.31375,39.20961],[-90.313728,39.207995],[-90.31371,39.206687],[-90.31369,39.20559],[-90.313667,39.203346],[-90.313667,39.203283],[-90.313666,39.20319],[-90.313666,39.203177],[-90.31365,39.200571],[-90.313637,39.200033],[-90.31363,39.199828],[-90.313634,39.199755],[-90.313646,39.199677],[-90.313605,39.199381],[-90.31359,39.198147],[-90.313525,39.193022],[-90.313472,39.188799],[-90.313289,39.174289],[-90.317205,39.174311],[-90.325428,39.174279],[-90.325805,39.174273],[-90.326971,39.174283],[-90.327581,39.174284],[-90.328937,39.174288],[-90.329954,39.174289],[-90.331633,39.174287],[-90.332021,39.174287],[-90.345528,39.174283],[-90.363319,39.174277],[-90.370774,39.174274],[-90.375631,39.174314],[-90.379787,39.174336],[-90.390115,39.174391],[-90.395404,39.174418],[-90.396361,39.174423],[-90.39833,39.174434],[-90.399732,39.174441],[-90.399797,39.174441],[-90.399954,39.174444],[-90.400028,39.174452],[-90.413271,39.174528],[-90.413488,39.174564],[-90.418857,39.174611],[-90.419411,39.174617],[-90.427422,39.174658],[-90.427662,39.174659],[-90.427677,39.174654],[-90.427749,39.174639],[-90.427835,39.174632],[-90.42798,39.174631],[-90.428277,39.174641],[-90.431199,39.174663],[-90.431631,39.174664],[-90.432322,39.174666],[-90.432409,39.174661],[-90.433054,39.174669],[-90.43633,39.174679],[-90.437432,39.17469],[-90.437948,39.174686],[-90.437949,39.174707],[-90.438312,39.174719],[-90.44113,39.174727],[-90.441812,39.174721],[-90.44203,39.174735],[-90.444323,39.174763],[-90.44505,39.174765],[-90.445212,39.174768],[-90.446673,39.174783],[-90.44805,39.174791],[-90.448275,39.174793],[-90.448497,39.174798],[-90.448569,39.174793],[-90.448614,39.174783],[-90.448626,39.174786],[-90.451792,39.174827],[-90.451826,39.174825],[-90.451854,39.174828],[-90.451878,39.174816],[-90.451918,39.174822],[-90.452899,39.174847],[-90.453983,39.174858],[-90.454706,39.174857],[-90.455429,39.174862],[-90.456151,39.174881],[-90.456369,39.174901],[-90.456463,39.174902],[-90.456765,39.174843],[-90.467527,39.174906],[-90.470413,39.174927],[-90.477595,39.174965],[-90.484255,39.175006],[-90.484433,39.175006],[-90.487624,39.175005],[-90.486839,39.172642],[-90.486807,39.172303],[-90.486687,39.17201],[-90.486592,39.171629],[-90.486473,39.171154],[-90.486429,39.170002],[-90.486641,39.168394],[-90.486999,39.166898],[-90.487106,39.166129],[-90.487245,39.165606],[-90.487668,39.164607],[-90.487838,39.164265],[-90.487879,39.164074],[-90.487923,39.164016],[-90.488156,39.163695],[-90.488652,39.16301],[-90.489178,39.162575],[-90.490377,39.161866],[-90.491195,39.16141],[-90.492365,39.160907],[-90.49377,39.160518],[-90.495793,39.160235],[-90.497107,39.160459],[-90.497786,39.160642],[-90.497971,39.160696],[-90.49885,39.161105],[-90.500224,39.161985],[-90.501202,39.162608],[-90.502032,39.163234],[-90.502177,39.163526],[-90.502458,39.163745],[-90.502799,39.164259],[-90.503232,39.165516],[-90.503243,39.16571],[-90.503265,39.166067],[-90.503477,39.167682],[-90.503578,39.168464],[-90.503693,39.168915],[-90.50396,39.170771],[-90.503963,39.170907],[-90.504774,39.171579],[-90.505544,39.1723],[-90.505821,39.172916],[-90.505822,39.173828],[-90.505674,39.175447],[-90.504695,39.177724],[-90.503956,39.178948],[-90.503522,39.179251],[-90.502979,39.179709],[-90.502797,39.180005],[-90.502809,39.180384],[-90.50286,39.180941],[-90.503236,39.181705],[-90.504072,39.182172],[-90.50416,39.182309],[-90.504248,39.182515],[-90.5046,39.182973],[-90.505276,39.183568],[-90.506392,39.184392],[-90.506686,39.184712],[-90.507508,39.185193],[-90.508977,39.185857],[-90.510917,39.186567],[-90.511945,39.186797],[-90.512681,39.186854],[-90.512974,39.186546],[-90.513578,39.186344],[-90.51421,39.186296],[-90.514889,39.186418],[-90.515513,39.186725],[-90.515827,39.187005],[-90.517566,39.187017],[-90.518442,39.187571],[-90.519242,39.187856],[-90.520365,39.188024],[-90.520935,39.187959],[-90.521655,39.187622],[-90.522118,39.187241],[-90.522358,39.187053],[-90.52301,39.187053],[-90.523992,39.188613],[-90.524666,39.189969],[-90.525243,39.191049],[-90.525989,39.191954],[-90.526816,39.192449],[-90.527426,39.192465],[-90.528047,39.192425],[-90.528714,39.192144],[-90.529221,39.191626],[-90.529418,39.191105],[-90.52939,39.190459],[-90.529031,39.189857],[-90.528559,39.18919],[-90.528426,39.188648],[-90.528473,39.188366],[-90.529051,39.18793],[-90.53054,39.187343],[-90.53155,39.187376],[-90.532737,39.187489],[-90.533615,39.188136],[-90.534937,39.189186],[-90.535653,39.190042],[-90.536028,39.190902],[-90.536125,39.191758],[-90.536165,39.192331],[-90.536454,39.192857],[-90.536575,39.192822],[-90.536991,39.193002],[-90.537281,39.192959],[-90.537604,39.192685],[-90.537622,39.192277],[-90.538048,39.191759],[-90.539189,39.190771],[-90.539545,39.190649],[-90.540074,39.190352],[-90.540574,39.189917],[-90.540839,39.189597],[-90.540927,39.189529],[-90.540927,39.189391],[-90.541608,39.188311],[-90.541943,39.187614],[-90.542228,39.186409],[-90.542283,39.185274],[-90.542362,39.184485],[-90.542447,39.18389],[-90.542806,39.18354],[-90.543389,39.183297],[-90.54396,39.183183],[-90.544733,39.183233],[-90.545308,39.183401],[-90.545717,39.183599],[-90.546102,39.183934],[-90.546248,39.184242],[-90.546249,39.184611],[-90.546131,39.185],[-90.545808,39.185801],[-90.545572,39.186579],[-90.545278,39.187562],[-90.545278,39.189209],[-90.545366,39.189301],[-90.545395,39.189575],[-90.545511,39.189893],[-90.545483,39.190079],[-90.545806,39.19017],[-90.547089,39.190064],[-90.547776,39.19001],[-90.549804,39.189622],[-90.550215,39.18958],[-90.551371,39.189463],[-90.551777,39.189422],[-90.553429,39.189215],[-90.555465,39.188986],[-90.556173,39.188872],[-90.557767,39.188482],[-90.558978,39.188002],[-90.560071,39.18743],[-90.562347,39.185529],[-90.563233,39.18491],[-90.56409,39.184293],[-90.564643,39.185492],[-90.565338,39.18702],[-90.565377,39.187435],[-90.565163,39.18782],[-90.563401,39.18893],[-90.562456,39.189603],[-90.562028,39.190245],[-90.561892,39.190653],[-90.562048,39.191293],[-90.562883,39.192288],[-90.563716,39.193404],[-90.564085,39.193631],[-90.564735,39.193793],[-90.565296,39.193798],[-90.565678,39.193741],[-90.566324,39.193466],[-90.566853,39.1931],[-90.567647,39.192139],[-90.567823,39.191636],[-90.567853,39.190881],[-90.567765,39.190835],[-90.567588,39.190309],[-90.567441,39.190057],[-90.567265,39.189463],[-90.567206,39.188959],[-90.567294,39.188227],[-90.567676,39.187198],[-90.567676,39.185986],[-90.567529,39.185734],[-90.5675,39.185597],[-90.567382,39.185482],[-90.567412,39.185391],[-90.567216,39.185095],[-90.567232,39.184403],[-90.567254,39.183816],[-90.567272,39.183395],[-90.56797,39.183286],[-90.569146,39.18324],[-90.570114,39.183372],[-90.570301,39.183045],[-90.570395,39.182755],[-90.570421,39.182625],[-90.570296,39.182181],[-90.569568,39.181938],[-90.568652,39.18179],[-90.567879,39.181725],[-90.567229,39.181693],[-90.566723,39.181646],[-90.566396,39.181521],[-90.566141,39.181268],[-90.566059,39.180824],[-90.56611,39.180382],[-90.566406,39.180031],[-90.567274,39.179542],[-90.569,39.178507],[-90.570442,39.177785],[-90.571551,39.17749],[-90.572422,39.177332],[-90.572906,39.177394],[-90.573452,39.177489],[-90.574022,39.177858],[-90.574615,39.178623],[-90.574699,39.179075],[-90.574575,39.180548],[-90.574172,39.181534],[-90.573453,39.182815],[-90.573247,39.183299],[-90.573175,39.183778],[-90.57334,39.184097],[-90.573614,39.184178],[-90.57573,39.184704],[-90.576994,39.184956],[-90.578464,39.185001],[-90.580587,39.184895],[-90.580581,39.184144],[-90.580583,39.183737],[-90.580548,39.183448],[-90.580259,39.182695],[-90.57999,39.182321],[-90.579516,39.181747],[-90.578993,39.181],[-90.578994,39.180929],[-90.578843,39.180696],[-90.578814,39.180517],[-90.578726,39.180445],[-90.578699,39.179897],[-90.578872,39.179398],[-90.57935,39.179025],[-90.579964,39.17871],[-90.580725,39.178549],[-90.581753,39.178162],[-90.581991,39.177886],[-90.582077,39.177863],[-90.582196,39.177517],[-90.582106,39.176927],[-90.581581,39.176195],[-90.580901,39.175599],[-90.579963,39.175099],[-90.57964,39.174932],[-90.579255,39.174731],[-90.577349,39.174183],[-90.576758,39.173929],[-90.576286,39.173539],[-90.575904,39.173084],[-90.575827,39.172871],[-90.575757,39.172692],[-90.575552,39.172251],[-90.575376,39.171549],[-90.575341,39.171133],[-90.575199,39.16945],[-90.575199,39.167836],[-90.575257,39.167203],[-90.575432,39.166269],[-90.575581,39.165829],[-90.575995,39.165167],[-90.576321,39.164881],[-90.576524,39.164708],[-90.576876,39.164526],[-90.577638,39.164434],[-90.57943,39.164804],[-90.580253,39.164917],[-90.581016,39.164961],[-90.581753,39.164845],[-90.582531,39.164537],[-90.583741,39.163641],[-90.584449,39.162974],[-90.585099,39.162035],[-90.585276,39.161667],[-90.585364,39.161553],[-90.58557,39.160661],[-90.585628,39.159951],[-90.585775,39.159563],[-90.585834,39.158991],[-90.586067,39.157972],[-90.586123,39.157714],[-90.58705,39.155281],[-90.58706,39.155258],[-90.587114,39.154977],[-90.587213,39.154873],[-90.587096,39.154278],[-90.586978,39.154026],[-90.58686,39.153866],[-90.58686,39.153729],[-90.586537,39.153043],[-90.585979,39.152402],[-90.585303,39.151991],[-90.584539,39.151373],[-90.584127,39.150824],[-90.583657,39.149909],[-90.583334,39.149406],[-90.583304,39.1492],[-90.583187,39.149154],[-90.583186,39.148765],[-90.583069,39.148445],[-90.582833,39.146112],[-90.582803,39.144327],[-90.582979,39.143893],[-90.583185,39.143549],[-90.58342,39.143252],[-90.584565,39.14236],[-90.584654,39.142165],[-90.586151,39.141696],[-90.588531,39.141604],[-90.589001,39.141421],[-90.589382,39.141169],[-90.590204,39.139773],[-90.591027,39.138721],[-90.591526,39.138332],[-90.591908,39.138172],[-90.592936,39.137966],[-90.59508,39.137919],[-90.595227,39.137988],[-90.596167,39.137988],[-90.596608,39.137873],[-90.596931,39.137644],[-90.597195,39.137415],[-90.597959,39.136752],[-90.59834,39.136088],[-90.598839,39.135127],[-90.599053,39.134475],[-90.599044,39.133274],[-90.598897,39.132496],[-90.598309,39.131078],[-90.59819,39.131032],[-90.598131,39.130804],[-90.597455,39.12982],[-90.597102,39.129157],[-90.596985,39.128677],[-90.597072,39.127327],[-90.597248,39.126755],[-90.597688,39.125702],[-90.598118,39.125044],[-90.599032,39.12339],[-90.5991,39.123121],[-90.600222,39.121598],[-90.600752,39.120955],[-90.60097,39.120691],[-90.602115,39.119294],[-90.603569,39.117592]]]},"properties":{"ID":7,"DISTRICT":"7","DISTRICTN":7}}
]}