{"type":"FeatureCollection", "features": [
{"type":"Feature","geometry":{"type":"Polygon","coordinates":[[[-90.216979,38.903076],[-90.216586,38.902788],[-90.215195,38.90173],[-90.21392,38.900759],[-90.213519,38.900454],[-90.211292,38.898653],[-90.210213,38.897705],[-90.209312,38.896913],[-90.20901,38.896648],[-90.208768,38.896456],[-90.208042,38.895883],[-90.2078,38.895692],[-90.206956,38.895026],[-90.204427,38.893029],[-90.203584,38.892364],[-90.202292,38.891344],[-90.201584,38.890785],[-90.201,38.890324],[-90.19761,38.887648],[-90.19521,38.886748],[-90.195196,38.886746],[-90.192663,38.886488],[-90.191474,38.886366],[-90.190309,38.886248],[-90.190243,38.886225],[-90.188576,38.885637],[-90.188035,38.885445],[-90.186909,38.885048],[-90.186109,38.884708],[-90.183709,38.883688],[-90.182909,38.883348],[-90.182409,38.883148],[-90.1822,38.883059],[-90.180338,38.882278],[-90.180088,38.882172],[-90.179544,38.881944],[-90.179464,38.88191],[-90.179384,38.881877],[-90.17936,38.881867],[-90.178583,38.88154],[-90.174818,38.879958],[-90.17455,38.879846],[-90.174281,38.879733],[-90.170509,38.878148],[-90.166479,38.876379],[-90.166409,38.876348],[-90.166097,38.876187],[-90.163309,38.874748],[-90.161567,38.873598],[-90.157708,38.871048],[-90.155708,38.869748],[-90.154645,38.86909],[-90.153901,38.868629],[-90.153582,38.868432],[-90.153518,38.868392],[-90.151508,38.867148],[-90.150632,38.866761],[-90.150035,38.866497],[-90.149438,38.866233],[-90.148251,38.865707],[-90.147873,38.86554],[-90.146308,38.864848],[-90.14589,38.864681],[-90.144808,38.864248],[-90.144634,38.86419],[-90.144208,38.864048],[-90.143788,38.863915],[-90.142528,38.863516],[-90.142109,38.863383],[-90.140272,38.8628],[-90.140108,38.862748],[-90.138783,38.861958],[-90.136846,38.860803],[-90.136265,38.860456],[-90.134908,38.859648],[-90.134307,38.859308],[-90.132507,38.858288],[-90.131907,38.857948],[-90.129727,38.856942],[-90.127579,38.855951],[-90.126786,38.855585],[-90.126469,38.85544],[-90.12319,38.853928],[-90.121031,38.852933],[-90.121011,38.852924],[-90.12011,38.852508],[-90.117407,38.851263],[-90.116507,38.850848],[-90.114875,38.850056],[-90.113327,38.849306],[-90.111786,38.846796],[-90.111314,38.846183],[-90.111208,38.846046],[-90.110555,38.845199],[-90.110381,38.844974],[-90.110331,38.84491],[-90.110207,38.844748],[-90.110047,38.844508],[-90.109567,38.843788],[-90.109407,38.843548],[-90.109307,38.841528],[-90.109107,38.837448],[-90.109552,38.835518],[-90.110007,38.833548],[-90.110069,38.833304],[-90.110131,38.83306],[-90.111428,38.827953],[-90.112327,38.824417],[-90.114523,38.815774],[-90.114707,38.815048],[-90.115935,38.811241],[-90.117707,38.805748],[-90.11773,38.805715],[-90.119632,38.803002],[-90.121535,38.800289],[-90.121682,38.800078],[-90.123107,38.798048],[-90.126223,38.796073],[-90.12872,38.79449],[-90.131217,38.792908],[-90.132554,38.792061],[-90.133891,38.791214],[-90.138559,38.788256],[-90.13915,38.787882],[-90.144408,38.784549],[-90.144728,38.78434],[-90.145047,38.784132],[-90.146708,38.783049],[-90.148726,38.782032],[-90.154405,38.779172],[-90.160408,38.776149],[-90.162084,38.775171],[-90.164453,38.77379],[-90.166271,38.772729],[-90.166364,38.772675],[-90.166574,38.772448],[-90.168384,38.770209],[-90.169674,38.768602],[-90.171301,38.766578],[-90.172537,38.764531],[-90.172589,38.764442],[-90.172861,38.763991],[-90.173908,38.762256],[-90.174773,38.760821],[-90.175101,38.760278],[-90.175121,38.760179],[-90.175362,38.759018],[-90.176301,38.754478],[-90.183282,38.747005],[-90.183609,38.746749],[-90.187559,38.744799],[-90.191301,38.742978],[-90.205177,38.7322],[-90.20521,38.73215],[-90.20534,38.732],[-90.209741,38.726289],[-90.209766,38.726236],[-90.20991,38.72605],[-90.210152,38.725289],[-90.21017,38.725229],[-90.211095,38.722334],[-90.211178,38.722074],[-90.21141,38.72135],[-90.21191,38.71795],[-90.211937,38.716222],[-90.212002,38.711779],[-90.209202,38.702779],[-90.202202,38.693479],[-90.197344,38.689382],[-90.195928,38.68819],[-90.195202,38.687579],[-90.192853,38.684162],[-90.192816,38.684108],[-90.191925,38.682813],[-90.190044,38.680076],[-90.18849,38.677815],[-90.187036,38.675701],[-90.186402,38.674779],[-90.186375,38.674702],[-90.185581,38.672747],[-90.185437,38.672393],[-90.182602,38.665379],[-90.182537,38.66512],[-90.181228,38.660066],[-90.179484,38.66009],[-90.177756,38.660113],[-90.177486,38.660119],[-90.1756,38.660142],[-90.17341,38.660171],[-90.172766,38.660181],[-90.172731,38.660181],[-90.172439,38.660185],[-90.169505,38.660224],[-90.168721,38.660235],[-90.168327,38.66024],[-90.16819,38.660242],[-90.167904,38.660246],[-90.167004,38.660258],[-90.165337,38.66028],[-90.159785,38.660265],[-90.159367,38.660269],[-90.159329,38.66027],[-90.159113,38.660268],[-90.159084,38.660266],[-90.158979,38.660265],[-90.15737,38.660263],[-90.157162,38.660261],[-90.156688,38.660259],[-90.152906,38.66025],[-90.152588,38.66025],[-90.152381,38.66025],[-90.15206,38.66025],[-90.151811,38.66025],[-90.15174,38.66025],[-90.151031,38.660246],[-90.150745,38.660245],[-90.150589,38.660245],[-90.147376,38.660237],[-90.147326,38.660238],[-90.147339,38.660341],[-90.147407,38.66088],[-90.14742,38.661063],[-90.147416,38.661222],[-90.147407,38.661298],[-90.14737,38.661449],[-90.147308,38.661601],[-90.147231,38.66174],[-90.147136,38.661868],[-90.14707,38.661941],[-90.147097,38.662268],[-90.147091,38.663612],[-90.14707,38.664524],[-90.14705,38.665437],[-90.147026,38.666549],[-90.147009,38.667307],[-90.147008,38.667532],[-90.147008,38.667594],[-90.147012,38.667891],[-90.14702,38.668396],[-90.147002,38.668702],[-90.147018,38.669906],[-90.147008,38.67105],[-90.147028,38.671134],[-90.147089,38.671379],[-90.147111,38.671465],[-90.147308,38.67245],[-90.14734,38.673252],[-90.147345,38.673371],[-90.147346,38.673397],[-90.147374,38.674089],[-90.147389,38.674469],[-90.147439,38.67545],[-90.147409,38.675473],[-90.147422,38.675507],[-90.147635,38.67608],[-90.147766,38.676484],[-90.147879,38.67689],[-90.147944,38.677168],[-90.148036,38.677637],[-90.148114,38.67813],[-90.148148,38.67839],[-90.148182,38.678905],[-90.148186,38.679055],[-90.147726,38.679061],[-90.146179,38.679117],[-90.146157,38.679118],[-90.146185,38.679167],[-90.146197,38.679311],[-90.146225,38.680079],[-90.144917,38.680098],[-90.144244,38.680112],[-90.144198,38.680122],[-90.144164,38.680139],[-90.14413,38.680174],[-90.144115,38.68021],[-90.144112,38.680228],[-90.144152,38.681081],[-90.144184,38.682035],[-90.144212,38.682891],[-90.144243,38.683761],[-90.144271,38.684606],[-90.144298,38.685443],[-90.144313,38.685843],[-90.144327,38.68606],[-90.144341,38.686187],[-90.144367,38.686327],[-90.144397,38.686628],[-90.144412,38.686848],[-90.143884,38.687217],[-90.143844,38.687245],[-90.143664,38.687371],[-90.143384,38.687566],[-90.143182,38.687707],[-90.142435,38.687772],[-90.141987,38.687767],[-90.141527,38.687763],[-90.141203,38.687974],[-90.14088,38.688204],[-90.140855,38.688242],[-90.140849,38.688264],[-90.14085,38.688291],[-90.140867,38.688332],[-90.140966,38.688426],[-90.141481,38.688891],[-90.141669,38.689055],[-90.142213,38.689516],[-90.14094,38.690386],[-90.140858,38.690438],[-90.140761,38.690503],[-90.140684,38.690551],[-90.140556,38.690634],[-90.140299,38.690791],[-90.140094,38.690911],[-90.140054,38.690934],[-90.139936,38.691001],[-90.1399,38.69102],[-90.139864,38.69104],[-90.139595,38.691187],[-90.137997,38.691193],[-90.133996,38.691254],[-90.133808,38.69133],[-90.13369,38.691378],[-90.133575,38.691424],[-90.133226,38.691563],[-90.133005,38.691653],[-90.131942,38.692084],[-90.129266,38.69256],[-90.129325,38.696018],[-90.129408,38.699973],[-90.129414,38.700257],[-90.129419,38.700518],[-90.129423,38.70072],[-90.129429,38.70105],[-90.129434,38.701315],[-90.129436,38.701383],[-90.129447,38.702004],[-90.129451,38.702161],[-90.127136,38.702177],[-90.127156,38.703188],[-90.127171,38.704084],[-90.127186,38.704971],[-90.127209,38.70585],[-90.127218,38.706717],[-90.127222,38.707583],[-90.127228,38.70845],[-90.127237,38.709325],[-90.125829,38.709352],[-90.125766,38.709357],[-90.125748,38.709354],[-90.125536,38.709397],[-90.125329,38.709453],[-90.125155,38.709481],[-90.125033,38.709491],[-90.122369,38.709517],[-90.122367,38.70934],[-90.121246,38.709359],[-90.120141,38.709367],[-90.119029,38.709377],[-90.118527,38.709383],[-90.117913,38.709391],[-90.117769,38.709393],[-90.115644,38.709423],[-90.11544,38.709437],[-90.115265,38.709463],[-90.114946,38.709532],[-90.114754,38.709558],[-90.114686,38.709564],[-90.113532,38.709576],[-90.113559,38.709674],[-90.113549,38.71019],[-90.113556,38.711131],[-90.113604,38.713507],[-90.11362,38.714289],[-90.113664,38.716626],[-90.113712,38.716839],[-90.113762,38.716932],[-90.113406,38.716925],[-90.112968,38.716923],[-90.1123,38.71692],[-90.111531,38.716919],[-90.111275,38.716918],[-90.109799,38.716917],[-90.109159,38.71692],[-90.1081,38.716926],[-90.106681,38.716931],[-90.105557,38.716936],[-90.104278,38.716937],[-90.103635,38.716932],[-90.103637,38.717161],[-90.103673,38.718689],[-90.10368,38.718977],[-90.099777,38.718977],[-90.097318,38.718981],[-90.095872,38.718986],[-90.095783,38.718998],[-90.095699,38.719023],[-90.095624,38.719061],[-90.095559,38.719111],[-90.095509,38.719169],[-90.095475,38.719234],[-90.095457,38.719303],[-90.09546,38.719843],[-90.095464,38.720591],[-90.095204,38.720591],[-90.094614,38.720592],[-90.094423,38.720592],[-90.09442,38.720308],[-90.093604,38.720306],[-90.093322,38.720305],[-90.092741,38.720308],[-90.092341,38.72031],[-90.090307,38.720306],[-90.090233,38.720319],[-90.090156,38.720347],[-90.090103,38.720379],[-90.090067,38.720437],[-90.09005,38.7205],[-90.090064,38.721382],[-90.090065,38.721869],[-90.090066,38.721971],[-90.089795,38.721971],[-90.089798,38.721842],[-90.089813,38.721114],[-90.089842,38.719805],[-90.089862,38.718954],[-90.089894,38.717521],[-90.089918,38.717254],[-90.089962,38.716988],[-90.089695,38.717116],[-90.088542,38.717112],[-90.088213,38.71711],[-90.087454,38.717107],[-90.081626,38.720086],[-90.081323,38.720238],[-90.081079,38.720358],[-90.079988,38.720913],[-90.075875,38.722313],[-90.075874,38.722918],[-90.07588,38.724222],[-90.075759,38.724221],[-90.075759,38.724296],[-90.075758,38.724718],[-90.075751,38.72616],[-90.075749,38.726794],[-90.075748,38.726895],[-90.075743,38.727311],[-90.075738,38.727795],[-90.075736,38.72852],[-90.075752,38.728667],[-90.07578,38.728788],[-90.075892,38.729089],[-90.076029,38.72944],[-90.076118,38.729704],[-90.076154,38.729842],[-90.076202,38.730082],[-90.076233,38.730328],[-90.076268,38.730791],[-90.076309,38.731562],[-90.076794,38.73156],[-90.07819,38.731566],[-90.078944,38.731568],[-90.079692,38.731575],[-90.080468,38.731583],[-90.080908,38.731586],[-90.080972,38.731586],[-90.082925,38.731598],[-90.083462,38.731602],[-90.085223,38.731616],[-90.086328,38.731623],[-90.086858,38.731626],[-90.087563,38.731631],[-90.088755,38.731641],[-90.089472,38.731656],[-90.089597,38.731661],[-90.089761,38.731661],[-90.089844,38.731661],[-90.089858,38.733624],[-90.089868,38.735012],[-90.089894,38.737269],[-90.089939,38.738287],[-90.089953,38.73963],[-90.089881,38.73963],[-90.089883,38.739736],[-90.08999,38.746808],[-90.08994,38.746807],[-90.089993,38.750244],[-90.089986,38.750398],[-90.08998,38.750468],[-90.089968,38.750625],[-90.089949,38.750858],[-90.089951,38.751165],[-90.08996,38.752221],[-90.09002,38.755377],[-90.090026,38.756041],[-90.090026,38.756256],[-90.089928,38.756119],[-90.089899,38.755977],[-90.089899,38.755886],[-90.089865,38.755802],[-90.089865,38.757203],[-90.089883,38.75732],[-90.089847,38.757996],[-90.08984,38.758139],[-90.089832,38.758295],[-90.089814,38.758629],[-90.089663,38.758619],[-90.089636,38.758833],[-90.08961,38.75904],[-90.089588,38.759381],[-90.089585,38.759677],[-90.08958,38.760168],[-90.089565,38.760281],[-90.089527,38.760412],[-90.089496,38.760475],[-90.089424,38.760567],[-90.089344,38.76064],[-90.089188,38.760745],[-90.08912,38.760809],[-90.089066,38.76088],[-90.089021,38.76097],[-90.088997,38.761063],[-90.088965,38.761665],[-90.08782,38.761649],[-90.086651,38.761631],[-90.085405,38.76161],[-90.085306,38.761609],[-90.085199,38.761607],[-90.082932,38.761572],[-90.082166,38.761557],[-90.080013,38.761514],[-90.079001,38.761494],[-90.078879,38.761491],[-90.077892,38.76147],[-90.077675,38.761465],[-90.077042,38.761448],[-90.076645,38.761438],[-90.07651,38.761435],[-90.076486,38.761434],[-90.076017,38.761422],[-90.075852,38.761418],[-90.07483,38.761391],[-90.0744,38.761379],[-90.071421,38.761286],[-90.069736,38.761237],[-90.066684,38.76115],[-90.06649,38.761143],[-90.066503,38.761866],[-90.066533,38.762415],[-90.06669,38.764067],[-90.066704,38.76412],[-90.066727,38.764434],[-90.066734,38.765242],[-90.066734,38.765297],[-90.06674,38.765926],[-90.066741,38.76598],[-90.066751,38.767027],[-90.066715,38.769191],[-90.066639,38.77249],[-90.066644,38.773562],[-90.06665,38.77414],[-90.066653,38.774413],[-90.06666,38.775023],[-90.066662,38.775162],[-90.066662,38.775228],[-90.066663,38.775317],[-90.066664,38.775397],[-90.066665,38.77547],[-90.066704,38.778467],[-90.06671,38.778866],[-90.066711,38.778913],[-90.066716,38.779314],[-90.066725,38.780117],[-90.066726,38.78018],[-90.06674,38.78131],[-90.066743,38.781555],[-90.066765,38.783283],[-90.06677,38.783666],[-90.066773,38.783942],[-90.066786,38.785067],[-90.066799,38.786073],[-90.066811,38.787065],[-90.066832,38.788801],[-90.066846,38.789202],[-90.066846,38.789529],[-90.066846,38.790078],[-90.066874,38.791571],[-90.066896,38.793234],[-90.066894,38.793426],[-90.066899,38.793737],[-90.066901,38.793856],[-90.066914,38.795001],[-90.06687,38.795901],[-90.066858,38.796403],[-90.066867,38.797142],[-90.066878,38.7981],[-90.066891,38.799004],[-90.066901,38.799608],[-90.066933,38.800301],[-90.066941,38.800433],[-90.066978,38.800988],[-90.067012,38.80134],[-90.067006,38.802012],[-90.067015,38.802885],[-90.067021,38.803434],[-90.067024,38.80367],[-90.067039,38.804559],[-90.067039,38.804624],[-90.067042,38.804768],[-90.067049,38.805185],[-90.06705,38.805402],[-90.06705,38.805562],[-90.067052,38.805787],[-90.067062,38.806446],[-90.067063,38.806555],[-90.067073,38.807246],[-90.067077,38.807502],[-90.067088,38.808326],[-90.067145,38.812838],[-90.067246,38.820728],[-90.067288,38.823939],[-90.067291,38.824138],[-90.06731,38.825486],[-90.067317,38.826213],[-90.067332,38.826497],[-90.067363,38.826806],[-90.067412,38.827142],[-90.067438,38.827283],[-90.067474,38.827474],[-90.067512,38.827634],[-90.067541,38.827757],[-90.067605,38.827989],[-90.067676,38.828216],[-90.06775,38.828425],[-90.067917,38.82884],[-90.06806,38.829154],[-90.068189,38.829402],[-90.068298,38.829593],[-90.068416,38.829785],[-90.068662,38.830155],[-90.068874,38.830442],[-90.068963,38.830554],[-90.069112,38.830742],[-90.069502,38.831199],[-90.07018,38.831945],[-90.070821,38.83265],[-90.071113,38.832958],[-90.071261,38.833124],[-90.07145,38.833336],[-90.069495,38.833327],[-90.069337,38.833326],[-90.069303,38.833326],[-90.068561,38.833323],[-90.067506,38.833314],[-90.066383,38.833305],[-90.065272,38.833301],[-90.064175,38.833293],[-90.063042,38.833289],[-90.061911,38.833276],[-90.060829,38.833273],[-90.059762,38.833265],[-90.058645,38.833259],[-90.057681,38.833249],[-90.056627,38.833239],[-90.055804,38.833234],[-90.055593,38.833233],[-90.05423,38.833231],[-90.053347,38.833225],[-90.053121,38.833224],[-90.052009,38.83322],[-90.05091,38.833207],[-90.05041,38.833205],[-90.049383,38.833202],[-90.048226,38.833196],[-90.047831,38.833249],[-90.047463,38.833263],[-90.046342,38.833259],[-90.046258,38.833258],[-90.046173,38.833258],[-90.045751,38.833257],[-90.04419,38.83325],[-90.043724,38.833253],[-90.043441,38.833251],[-90.043441,38.833157],[-90.042387,38.833153],[-90.041835,38.833138],[-90.041612,38.83313],[-90.041389,38.833116],[-90.041005,38.833091],[-90.040861,38.833079],[-90.040862,38.833161],[-90.040862,38.833177],[-90.040027,38.833153],[-90.03927,38.833163],[-90.03891,38.833163],[-90.038262,38.833159],[-90.03585,38.833108],[-90.035072,38.833096],[-90.034813,38.83314],[-90.034261,38.833139],[-90.032391,38.833137],[-90.032159,38.833133],[-90.031199,38.833117],[-90.031144,38.833081],[-90.031114,38.833071],[-90.031046,38.83306],[-90.030149,38.83307],[-90.030047,38.833067],[-90.029998,38.833057],[-90.029745,38.833112],[-90.028274,38.833104],[-90.02816,38.833104],[-90.027983,38.833103],[-90.027685,38.833153],[-90.027577,38.833142],[-90.02745,38.833165],[-90.027162,38.833207],[-90.026862,38.833235],[-90.026644,38.833236],[-90.02638,38.833226],[-90.026046,38.833197],[-90.025609,38.833149],[-90.025248,38.83312],[-90.024733,38.833093],[-90.022995,38.833088],[-90.02261,38.833087],[-90.021921,38.833082],[-90.021026,38.83308],[-90.020453,38.833079],[-90.020379,38.833079],[-90.018457,38.83307],[-90.017486,38.833065],[-90.014563,38.833052],[-90.012449,38.833037],[-90.012028,38.833028],[-90.011921,38.833023],[-90.011741,38.833014],[-90.00372,38.832968],[-90.003598,38.832967],[-90.003008,38.832964],[-89.999822,38.832951],[-89.999461,38.832947],[-89.998078,38.832934],[-89.994545,38.832916],[-89.993608,38.832908],[-89.993381,38.832914],[-89.991449,38.832896],[-89.990962,38.832894],[-89.990361,38.832642],[-89.990005,38.832487],[-89.989293,38.832141],[-89.988777,38.831873],[-89.988334,38.831627],[-89.987901,38.831371],[-89.987448,38.831086],[-89.986855,38.830678],[-89.986202,38.830209],[-89.985905,38.829988],[-89.985393,38.82957],[-89.984797,38.829054],[-89.984335,38.828639],[-89.983518,38.827936],[-89.983298,38.827742],[-89.982923,38.827465],[-89.982534,38.827199],[-89.982057,38.8269],[-89.982093,38.826723],[-89.981761,38.826548],[-89.98144,38.826393],[-89.980898,38.826154],[-89.980747,38.826095],[-89.980544,38.826015],[-89.980182,38.825889],[-89.979813,38.825777],[-89.979411,38.825672],[-89.97786,38.825312],[-89.977672,38.825264],[-89.976966,38.825083],[-89.975969,38.824816],[-89.975482,38.82468],[-89.974978,38.824539],[-89.974882,38.824509],[-89.974615,38.824439],[-89.974454,38.824397],[-89.974196,38.82433],[-89.973861,38.824213],[-89.972884,38.823901],[-89.972312,38.823717],[-89.972288,38.823761],[-89.971921,38.824138],[-89.97179,38.824053],[-89.971595,38.823923],[-89.971567,38.823948],[-89.97153,38.823983],[-89.971504,38.823977],[-89.971485,38.823977],[-89.971446,38.82398],[-89.971429,38.823983],[-89.971401,38.82399],[-89.971386,38.823992],[-89.971364,38.823992],[-89.971331,38.823988],[-89.971289,38.823993],[-89.971258,38.823989],[-89.971232,38.823992],[-89.971198,38.823996],[-89.971167,38.823999],[-89.971116,38.823999],[-89.971051,38.824004],[-89.970998,38.824006],[-89.970962,38.824015],[-89.970947,38.824031],[-89.97092,38.824055],[-89.970876,38.82408],[-89.970847,38.824087],[-89.970698,38.824106],[-89.970543,38.824121],[-89.970306,38.824232],[-89.970249,38.824253],[-89.970203,38.824261],[-89.970164,38.824249],[-89.970139,38.824242],[-89.970086,38.824222],[-89.97007,38.824208],[-89.970053,38.824193],[-89.970017,38.824156],[-89.969999,38.824136],[-89.969959,38.8241],[-89.969913,38.824059],[-89.969875,38.824019],[-89.969828,38.823976],[-89.969787,38.823946],[-89.969773,38.823936],[-89.969726,38.823899],[-89.969689,38.823875],[-89.969678,38.823868],[-89.96966,38.823851],[-89.969647,38.823838],[-89.969627,38.823823],[-89.969624,38.823786],[-89.968379,38.823368],[-89.966777,38.82283],[-89.966625,38.82278],[-89.966551,38.822803],[-89.966508,38.822871],[-89.966467,38.822917],[-89.966465,38.822979],[-89.96648,38.822981],[-89.966545,38.823088],[-89.966586,38.823309],[-89.966584,38.82339],[-89.966547,38.823458],[-89.966556,38.823516],[-89.966543,38.82356],[-89.96646,38.823692],[-89.96643,38.823723],[-89.966358,38.823734],[-89.966276,38.823822],[-89.96625,38.823863],[-89.966161,38.823901],[-89.966151,38.823923],[-89.965129,38.823407],[-89.964989,38.823023],[-89.964882,38.822756],[-89.964695,38.822216],[-89.964508,38.82162],[-89.964447,38.821397],[-89.964436,38.821301],[-89.963713,38.821059],[-89.963521,38.820995],[-89.963464,38.820964],[-89.963245,38.820885],[-89.962496,38.820631],[-89.962365,38.820578],[-89.962259,38.820518],[-89.962127,38.820425],[-89.96196,38.820281],[-89.961771,38.820095],[-89.961627,38.819933],[-89.961595,38.819893],[-89.961564,38.819858],[-89.961378,38.819619],[-89.961216,38.819437],[-89.960576,38.818773],[-89.96024,38.818436],[-89.9601,38.818309],[-89.959981,38.818219],[-89.95986,38.818149],[-89.959786,38.818115],[-89.959707,38.818079],[-89.959099,38.817825],[-89.956108,38.816586],[-89.955929,38.816517],[-89.955791,38.816477],[-89.955667,38.816459],[-89.955457,38.816443],[-89.954498,38.816411],[-89.954254,38.816408],[-89.954235,38.816257],[-89.954167,38.815822],[-89.954089,38.815467],[-89.953965,38.814998],[-89.952766,38.815177],[-89.952621,38.815207],[-89.952539,38.815237],[-89.952472,38.81528],[-89.952401,38.815345],[-89.95232,38.815432],[-89.952214,38.815558],[-89.95192,38.81592],[-89.951832,38.816015],[-89.951742,38.816092],[-89.951635,38.81616],[-89.9515,38.816228],[-89.95135,38.816293],[-89.951148,38.816371],[-89.95084,38.816478],[-89.95073,38.816478],[-89.950394,38.81645],[-89.950262,38.81645],[-89.950109,38.816459],[-89.94998,38.816482],[-89.949915,38.8165],[-89.949848,38.816524],[-89.949754,38.816567],[-89.949546,38.816687],[-89.9489,38.817097],[-89.948619,38.817265],[-89.948398,38.817386],[-89.948223,38.817463],[-89.94816,38.817484],[-89.948173,38.817999],[-89.948174,38.818191],[-89.948175,38.818343],[-89.948179,38.818934],[-89.948191,38.819646],[-89.948195,38.819811],[-89.948261,38.819811],[-89.948361,38.819811],[-89.948788,38.819815],[-89.94877,38.820149],[-89.948833,38.820215],[-89.948676,38.82021],[-89.948319,38.8202],[-89.948198,38.820196],[-89.947968,38.820187],[-89.947911,38.820185],[-89.947857,38.820183],[-89.94775,38.820179],[-89.947581,38.820173],[-89.94748,38.820169],[-89.947483,38.820285],[-89.947488,38.820385],[-89.947502,38.820525],[-89.947508,38.820665],[-89.947525,38.821273],[-89.947578,38.82313],[-89.947483,38.823914],[-89.947472,38.824009],[-89.947466,38.824057],[-89.94746,38.824103],[-89.94746,38.824374],[-89.94746,38.824534],[-89.947464,38.824856],[-89.94747,38.825345],[-89.947475,38.825844],[-89.947488,38.826892],[-89.947554,38.832357],[-89.947556,38.832401],[-89.938187,38.832284],[-89.936083,38.832257],[-89.935351,38.83225],[-89.932834,38.832259],[-89.929908,38.832147],[-89.928031,38.832077],[-89.927916,38.83532],[-89.9279,38.835764],[-89.927779,38.839132],[-89.927768,38.839633],[-89.927745,38.840431],[-89.92772,38.841622],[-89.927682,38.843446],[-89.927594,38.84735],[-89.927545,38.849168],[-89.927533,38.850159],[-89.92753,38.851351],[-89.927511,38.851568],[-89.927495,38.851662],[-89.927471,38.851741],[-89.927459,38.851782],[-89.927382,38.851976],[-89.927354,38.852072],[-89.927339,38.852195],[-89.92734,38.852272],[-89.927363,38.852399],[-89.927444,38.852521],[-89.927539,38.8527],[-89.927562,38.852775],[-89.927577,38.853019],[-89.927578,38.853046],[-89.927587,38.853395],[-89.927602,38.85395],[-89.927602,38.853985],[-89.927608,38.854595],[-89.927589,38.855893],[-89.927594,38.856634],[-89.927593,38.857998],[-89.927599,38.86133],[-89.927694,38.861337],[-89.928477,38.861383],[-89.929113,38.861411],[-89.92996,38.861458],[-89.931223,38.861536],[-89.931781,38.86156],[-89.93234,38.86157],[-89.932701,38.861595],[-89.933232,38.861614],[-89.934153,38.861662],[-89.935023,38.861702],[-89.935475,38.861741],[-89.935533,38.861758],[-89.935593,38.86178],[-89.935618,38.861789],[-89.935664,38.861793],[-89.935687,38.861788],[-89.935812,38.861722],[-89.935881,38.861697],[-89.936153,38.861613],[-89.93619,38.861609],[-89.936225,38.861612],[-89.936319,38.861635],[-89.936348,38.861637],[-89.936376,38.861634],[-89.936453,38.861607],[-89.936491,38.861607],[-89.936528,38.861627],[-89.936583,38.861648],[-89.93661,38.861649],[-89.936707,38.861619],[-89.936746,38.861616],[-89.936788,38.861621],[-89.93683,38.861635],[-89.936949,38.861697],[-89.936988,38.861705],[-89.937069,38.861711],[-89.937116,38.861721],[-89.937208,38.861756],[-89.937321,38.861817],[-89.937364,38.861831],[-89.937413,38.86184],[-89.937525,38.861849],[-89.937657,38.861841],[-89.937801,38.861811],[-89.937868,38.86179],[-89.937925,38.861766],[-89.937975,38.86174],[-89.938063,38.861684],[-89.938146,38.861638],[-89.938188,38.861624],[-89.938284,38.861606],[-89.938717,38.861545],[-89.938834,38.861539],[-89.939062,38.861551],[-89.939238,38.861554],[-89.93949,38.861537],[-89.939571,38.861544],[-89.939696,38.861576],[-89.939811,38.861599],[-89.939939,38.861602],[-89.940085,38.861623],[-89.940174,38.861625],[-89.940419,38.861607],[-89.940518,38.86161],[-89.940569,38.861606],[-89.940674,38.861572],[-89.940728,38.861563],[-89.940783,38.86157],[-89.940871,38.861601],[-89.941113,38.861607],[-89.943119,38.861619],[-89.943308,38.861661],[-89.946235,38.861734],[-89.946286,38.861744],[-89.946362,38.861775],[-89.94646,38.861799],[-89.946564,38.861809],[-89.947021,38.861814],[-89.947665,38.861806],[-89.948395,38.861775],[-89.949493,38.861753],[-89.94975,38.861748],[-89.950184,38.861752],[-89.950373,38.861761],[-89.950692,38.861784],[-89.950817,38.861787],[-89.95149,38.861782],[-89.953524,38.861782],[-89.954484,38.861761],[-89.95567,38.861754],[-89.956345,38.861756],[-89.956691,38.861776],[-89.956794,38.861796],[-89.956821,38.861791],[-89.956871,38.861768],[-89.956923,38.861728],[-89.957081,38.861576],[-89.957123,38.861544],[-89.957165,38.86152],[-89.957208,38.861504],[-89.957289,38.86149],[-89.957541,38.861462],[-89.957637,38.861468],[-89.957951,38.86152],[-89.958125,38.86158],[-89.95818,38.861589],[-89.958238,38.861631],[-89.958316,38.861665],[-89.958518,38.861732],[-89.958769,38.861777],[-89.958843,38.861801],[-89.958942,38.861851],[-89.959671,38.861776],[-89.95967,38.862507],[-89.960969,38.861844],[-89.961727,38.861473],[-89.961803,38.861442],[-89.962654,38.861014],[-89.965819,38.859381],[-89.967886,38.858314],[-89.968906,38.857801],[-89.969233,38.857642],[-89.96985,38.857356],[-89.970449,38.857097],[-89.97109,38.856837],[-89.973826,38.855782],[-89.973826,38.855555],[-89.973826,38.855443],[-89.973825,38.854651],[-89.974876,38.85467],[-89.976363,38.854675],[-89.97667,38.854685],[-89.980759,38.853105],[-89.987751,38.850412],[-89.989295,38.849812],[-89.992897,38.848423],[-89.992866,38.849614],[-89.994226,38.849615],[-89.996776,38.849639],[-89.996867,38.84965],[-89.996965,38.849677],[-89.997595,38.849916],[-89.997766,38.849966],[-89.998041,38.85003],[-89.999255,38.85028],[-89.999853,38.850412],[-90.000066,38.850468],[-90.000403,38.850567],[-90.000778,38.850688],[-90.00112,38.850808],[-90.001558,38.85097],[-90.001608,38.850992],[-90.001826,38.851088],[-90.002119,38.851234],[-90.002752,38.851573],[-90.002949,38.85167],[-90.003183,38.851772],[-90.004083,38.852131],[-90.004515,38.852294],[-90.004725,38.852364],[-90.005111,38.85246],[-90.005253,38.852507],[-90.005446,38.852589],[-90.006004,38.852861],[-90.006301,38.853006],[-90.006474,38.853098],[-90.006567,38.853158],[-90.006626,38.853211],[-90.006683,38.853281],[-90.006719,38.853356],[-90.006732,38.85344],[-90.006741,38.853563],[-90.006759,38.85512],[-90.006764,38.85597],[-90.006741,38.856988],[-90.006748,38.857147],[-90.006767,38.857246],[-90.006784,38.857282],[-90.006805,38.857311],[-90.006831,38.857335],[-90.00686,38.857353],[-90.006891,38.857366],[-90.006927,38.857375],[-90.00703,38.857387],[-90.007221,38.857395],[-90.010156,38.85741],[-90.010325,38.857416],[-90.010371,38.857423],[-90.010414,38.857435],[-90.010456,38.857452],[-90.010495,38.857474],[-90.010532,38.857501],[-90.010564,38.857533],[-90.010608,38.857601],[-90.010619,38.857637],[-90.010631,38.857721],[-90.010613,38.858422],[-90.010623,38.85854],[-90.010657,38.858672],[-90.010698,38.85877],[-90.010903,38.859163],[-90.011208,38.85978],[-90.011266,38.859931],[-90.011289,38.860036],[-90.011301,38.860236],[-90.011305,38.86064],[-90.011292,38.861927],[-90.011301,38.862026],[-90.011321,38.862087],[-90.011348,38.862131],[-90.011381,38.862163],[-90.011434,38.862193],[-90.011512,38.862218],[-90.01162,38.862232],[-90.012447,38.862241],[-90.014565,38.862254],[-90.015829,38.862274],[-90.016784,38.862278],[-90.017605,38.862287],[-90.018778,38.862294],[-90.01969,38.862303],[-90.0201,38.862234],[-90.020452,38.862218],[-90.020622,38.862229],[-90.020788,38.862229],[-90.021201,38.86228],[-90.021602,38.862366],[-90.022794,38.862371],[-90.022828,38.862371],[-90.024196,38.862376],[-90.025124,38.862386],[-90.025387,38.862389],[-90.026461,38.862395],[-90.027851,38.862418],[-90.028814,38.862434],[-90.029242,38.862438],[-90.029632,38.862443],[-90.030041,38.862448],[-90.031343,38.862476],[-90.032736,38.862483],[-90.035287,38.862498],[-90.035674,38.862517],[-90.035961,38.862525],[-90.03666,38.862526],[-90.037546,38.862535],[-90.038145,38.862542],[-90.039437,38.862538],[-90.039567,38.862552],[-90.039569,38.862611],[-90.039657,38.862738],[-90.039663,38.863786],[-90.03968,38.863875],[-90.039708,38.863897],[-90.039727,38.865603],[-90.039741,38.86647],[-90.039748,38.866904],[-90.039863,38.869754],[-90.039904,38.870816],[-90.039917,38.871389],[-90.039922,38.872009],[-90.03996,38.876786],[-90.039961,38.877337],[-90.039999,38.87882],[-90.040188,38.886055],[-90.040237,38.888801],[-90.040254,38.890274],[-90.040257,38.891285],[-90.040262,38.891819],[-90.040264,38.892072],[-90.04028,38.893785],[-90.040317,38.895869],[-90.040436,38.896412],[-90.040454,38.897268],[-90.040465,38.899123],[-90.040468,38.899391],[-90.040479,38.900169],[-90.040491,38.901019],[-90.040499,38.901198],[-90.040928,38.901226],[-90.041457,38.901244],[-90.041678,38.901246],[-90.041975,38.901246],[-90.04249,38.901233],[-90.042888,38.901215],[-90.04308,38.901206],[-90.044688,38.901126],[-90.0453,38.901095],[-90.046728,38.901026],[-90.04844,38.900953],[-90.04929,38.900924],[-90.050106,38.900897],[-90.050706,38.900878],[-90.05224,38.900823],[-90.054975,38.900697],[-90.056175,38.900641],[-90.056636,38.900627],[-90.056974,38.900624],[-90.057211,38.900631],[-90.057447,38.900645],[-90.057685,38.900666],[-90.057928,38.900696],[-90.05805,38.900715],[-90.058177,38.900734],[-90.058434,38.900781],[-90.058698,38.900838],[-90.058969,38.900903],[-90.059244,38.900979],[-90.059408,38.901029],[-90.059392,38.899248],[-90.05934,38.897111],[-90.060882,38.897113],[-90.06215,38.897181],[-90.062378,38.897195],[-90.06327,38.897249],[-90.063289,38.897251],[-90.063829,38.897229],[-90.064083,38.897218],[-90.064128,38.897212],[-90.064448,38.897169],[-90.06466,38.89713],[-90.065167,38.897134],[-90.0654,38.897135],[-90.067813,38.897155],[-90.06814,38.897166],[-90.068451,38.897176],[-90.068953,38.897191],[-90.069245,38.897201],[-90.070099,38.897227],[-90.07252,38.897324],[-90.074214,38.897362],[-90.075027,38.897355],[-90.075351,38.897341],[-90.075924,38.89735],[-90.07636,38.897341],[-90.077358,38.897319],[-90.078837,38.897303],[-90.07954,38.897273],[-90.080169,38.897282],[-90.080208,38.897462],[-90.080281,38.897898],[-90.080333,38.898332],[-90.080342,38.898465],[-90.080365,38.89879],[-90.080371,38.898942],[-90.080378,38.899488],[-90.080372,38.899757],[-90.080342,38.900276],[-90.080298,38.900729],[-90.080251,38.901094],[-90.080235,38.901192],[-90.080186,38.901501],[-90.080167,38.901616],[-90.080085,38.902049],[-90.080049,38.902237],[-90.079903,38.903011],[-90.079877,38.903145],[-90.079741,38.903841],[-90.079622,38.904457],[-90.079512,38.9051],[-90.080323,38.905373],[-90.080363,38.905386],[-90.080816,38.905544],[-90.081595,38.905816],[-90.082409,38.906094],[-90.082526,38.906138],[-90.082553,38.906152],[-90.082709,38.906237],[-90.082725,38.906246],[-90.082742,38.906255],[-90.083018,38.906397],[-90.083535,38.906654],[-90.083924,38.906854],[-90.084131,38.906943],[-90.084353,38.90682],[-90.084467,38.906873],[-90.084234,38.906988],[-90.084474,38.907091],[-90.085316,38.90749],[-90.085864,38.907737],[-90.086138,38.907854],[-90.086415,38.907967],[-90.086695,38.908076],[-90.086976,38.908178],[-90.087519,38.908358],[-90.087929,38.908483],[-90.088087,38.908526],[-90.088302,38.908574],[-90.088315,38.908806],[-90.088322,38.909206],[-90.08833,38.910043],[-90.088344,38.910932],[-90.088352,38.911885],[-90.088369,38.912858],[-90.088387,38.913821],[-90.088412,38.914774],[-90.088428,38.914943],[-90.088448,38.915063],[-90.088473,38.915173],[-90.088536,38.915367],[-90.088683,38.915714],[-90.088795,38.915968],[-90.088837,38.916079],[-90.088858,38.916151],[-90.088899,38.916312],[-90.088942,38.916577],[-90.088954,38.916689],[-90.089038,38.917647],[-90.089116,38.918629],[-90.089196,38.919619],[-90.089248,38.920225],[-90.08927,38.920484],[-90.089282,38.920616],[-90.089366,38.921592],[-90.089443,38.922554],[-90.08948,38.92315],[-90.089486,38.923347],[-90.089484,38.923504],[-90.089684,38.923506],[-90.09011,38.9235],[-90.090368,38.923497],[-90.09054,38.923493],[-90.090857,38.923486],[-90.091004,38.923482],[-90.091128,38.92348],[-90.091687,38.923477],[-90.093359,38.923495],[-90.095112,38.923452],[-90.096415,38.923426],[-90.096768,38.923419],[-90.096875,38.923417],[-90.097103,38.923413],[-90.097806,38.9234],[-90.09851,38.923387],[-90.098622,38.923384],[-90.099275,38.923372],[-90.100361,38.923352],[-90.102072,38.923334],[-90.102352,38.923334],[-90.102631,38.923333],[-90.102835,38.923332],[-90.103061,38.923328],[-90.103576,38.923318],[-90.103985,38.92331],[-90.103981,38.923931],[-90.104211,38.923928],[-90.1047,38.923923],[-90.104699,38.92383],[-90.10553,38.923829],[-90.105311,38.924236],[-90.105207,38.924453],[-90.105142,38.924621],[-90.105105,38.924755],[-90.105092,38.924864],[-90.105092,38.924966],[-90.104928,38.925221],[-90.10428,38.926228],[-90.104191,38.926357],[-90.104085,38.926511],[-90.104252,38.926558],[-90.104469,38.926546],[-90.104687,38.926549],[-90.104683,38.926716],[-90.104675,38.926955],[-90.105094,38.926952],[-90.105323,38.926949],[-90.108112,38.926902],[-90.110189,38.926868],[-90.111361,38.926848],[-90.111912,38.926839],[-90.112321,38.926832],[-90.113504,38.926812],[-90.113577,38.92681],[-90.114421,38.926794],[-90.114563,38.926791],[-90.115069,38.92678],[-90.116393,38.926755],[-90.116469,38.926754],[-90.118137,38.92672],[-90.118314,38.926717],[-90.118316,38.926576],[-90.118314,38.92636],[-90.11833,38.925395],[-90.118352,38.923228],[-90.118356,38.923069],[-90.118009,38.923067],[-90.117875,38.923],[-90.117926,38.923001],[-90.118304,38.923025],[-90.118404,38.923042],[-90.119706,38.923157],[-90.119796,38.923164],[-90.119944,38.923161],[-90.122195,38.923104],[-90.123875,38.923062],[-90.123998,38.923059],[-90.124304,38.923054],[-90.126249,38.92302],[-90.126927,38.92301],[-90.127035,38.923007],[-90.132697,38.922878],[-90.13271,38.923784],[-90.134932,38.923753],[-90.136146,38.923737],[-90.13745,38.923716],[-90.137466,38.925262],[-90.13747,38.925664],[-90.13747,38.926243],[-90.137437,38.928069],[-90.137436,38.929239],[-90.13743,38.930094],[-90.13982,38.930062],[-90.142274,38.929997],[-90.142272,38.929308],[-90.142273,38.929269],[-90.14229,38.928455],[-90.142319,38.928112],[-90.142356,38.927444],[-90.142408,38.926642],[-90.142424,38.926402],[-90.1425,38.926402],[-90.142648,38.926406],[-90.142908,38.926407],[-90.144332,38.926406],[-90.146758,38.926406],[-90.147128,38.926406],[-90.147128,38.926237],[-90.147128,38.925791],[-90.147128,38.925092],[-90.14959,38.925104],[-90.150456,38.926107],[-90.150571,38.92646],[-90.150776,38.926423],[-90.150731,38.926276],[-90.154463,38.926311],[-90.154409,38.929122],[-90.154424,38.929889],[-90.154988,38.929884],[-90.15641,38.929873],[-90.156806,38.929869],[-90.15685,38.92987],[-90.157028,38.92986],[-90.157122,38.929854],[-90.15847,38.929826],[-90.162729,38.929729],[-90.163335,38.929715],[-90.163336,38.929652],[-90.164105,38.929696],[-90.164226,38.929736],[-90.164299,38.92976],[-90.164462,38.929813],[-90.164614,38.92971],[-90.164689,38.929685],[-90.164762,38.929646],[-90.164743,38.929313],[-90.16497,38.929806],[-90.165341,38.930557],[-90.165539,38.930921],[-90.165856,38.931439],[-90.166095,38.931797],[-90.166455,38.932289],[-90.166833,38.932849],[-90.168093,38.934621],[-90.16971,38.936909],[-90.16984,38.936907],[-90.171475,38.936864],[-90.172107,38.936857],[-90.174558,38.936841],[-90.17893,38.9368],[-90.180586,38.936803],[-90.182686,38.936792],[-90.186896,38.936766],[-90.19232,38.936733],[-90.2002,38.936617],[-90.205855,38.936534],[-90.207527,38.936509],[-90.208183,38.936499],[-90.207769,38.936233],[-90.206784,38.935624],[-90.20586,38.935017],[-90.205618,38.934792],[-90.205486,38.934575],[-90.205456,38.934501],[-90.205425,38.934378],[-90.205412,38.934255],[-90.205413,38.93387],[-90.205427,38.933172],[-90.205438,38.932649],[-90.205467,38.931418],[-90.205504,38.929564],[-90.205531,38.928709],[-90.205549,38.927829],[-90.205579,38.927007],[-90.205599,38.926483],[-90.205609,38.926252],[-90.20563,38.925995],[-90.205673,38.925672],[-90.205703,38.921517],[-90.205703,38.919999],[-90.205703,38.919983],[-90.205748,38.919946],[-90.205774,38.9199],[-90.205788,38.919838],[-90.205792,38.918741],[-90.205778,38.918561],[-90.205788,38.918544],[-90.205789,38.918386],[-90.205806,38.918291],[-90.20584,38.918213],[-90.205894,38.918124],[-90.205935,38.918083],[-90.206017,38.918028],[-90.205965,38.915486],[-90.205974,38.915109],[-90.206287,38.915105],[-90.214754,38.914973],[-90.215925,38.91491],[-90.216016,38.914832],[-90.216265,38.914599],[-90.216391,38.911796],[-90.216621,38.908859],[-90.216635,38.908634],[-90.216979,38.903076]]]},"properties":{"ID":1,"DISTRICT":"1","DISTRICTN":1}},
{"type":"Feature","geometry":{"type":"Polygon","coordinates":[[[-89.928876,38.657712],[-89.928879,38.657863],[-89.929045,38.661249],[-89.928694,38.661316],[-89.928694,38.662298],[-89.928694,38.662678],[-89.928694,38.663341],[-89.928695,38.664139],[-89.928689,38.665994],[-89.928695,38.666307],[-89.928699,38.668813],[-89.928696,38.671146],[-89.928696,38.671891],[-89.928697,38.672102],[-89.928696,38.673394],[-89.928697,38.673574],[-89.928696,38.673615],[-89.928699,38.673812],[-89.928696,38.677118],[-89.928698,38.679873],[-89.928703,38.686899],[-89.928699,38.687646],[-89.9287,38.69092],[-89.928702,38.700709],[-89.928703,38.703289],[-89.928703,38.703778],[-89.928703,38.706505],[-89.928701,38.706793],[-89.928772,38.706791],[-89.933534,38.706686],[-89.933507,38.706701],[-89.933464,38.706741],[-89.93339,38.706839],[-89.933356,38.706873],[-89.933318,38.706902],[-89.933231,38.706955],[-89.933187,38.706987],[-89.933105,38.707067],[-89.93301,38.707204],[-89.93297,38.707249],[-89.932928,38.707309],[-89.932882,38.707396],[-89.932873,38.707415],[-89.932765,38.707698],[-89.932748,38.707787],[-89.932747,38.707817],[-89.932753,38.708166],[-89.932764,38.708236],[-89.932778,38.708259],[-89.932798,38.708278],[-89.93292,38.70835],[-89.932983,38.708406],[-89.933044,38.708476],[-89.933102,38.708561],[-89.933181,38.708722],[-89.933245,38.708898],[-89.93326,38.708955],[-89.933274,38.709034],[-89.933279,38.709106],[-89.933268,38.709317],[-89.933277,38.709438],[-89.933324,38.709702],[-89.933362,38.70984],[-89.933387,38.709904],[-89.9335,38.710122],[-89.933612,38.710396],[-89.933686,38.710565],[-89.933739,38.710659],[-89.933936,38.710926],[-89.933956,38.710961],[-89.933958,38.710644],[-89.935238,38.710683],[-89.935239,38.710917],[-89.935225,38.711379],[-89.935234,38.711452],[-89.93526,38.7115],[-89.935347,38.71162],[-89.933949,38.71205],[-89.933953,38.712255],[-89.933957,38.712438],[-89.933967,38.712687],[-89.933947,38.714362],[-89.935147,38.714341],[-89.935136,38.714768],[-89.935111,38.715682],[-89.935108,38.715814],[-89.935099,38.716031],[-89.935071,38.716735],[-89.935066,38.719559],[-89.935065,38.720148],[-89.935062,38.722857],[-89.93514,38.722858],[-89.935663,38.722863],[-89.936904,38.72284],[-89.938518,38.722929],[-89.938412,38.723254],[-89.938362,38.723363],[-89.937679,38.724446],[-89.937662,38.724797],[-89.937667,38.725122],[-89.937675,38.726339],[-89.937673,38.72704],[-89.937638,38.727679],[-89.936302,38.729564],[-89.935307,38.730197],[-89.935156,38.730544],[-89.935152,38.730988],[-89.935153,38.73174],[-89.935154,38.732263],[-89.93516,38.732585],[-89.93516,38.732662],[-89.935162,38.732987],[-89.935161,38.733113],[-89.935159,38.733289],[-89.935134,38.734226],[-89.935171,38.736946],[-89.935161,38.737154],[-89.935139,38.737285],[-89.935093,38.737422],[-89.934911,38.737863],[-89.93724,38.737899],[-89.937555,38.737907],[-89.937828,38.737914],[-89.938651,38.737936],[-89.939969,38.737965],[-89.940324,38.737975],[-89.940498,38.737995],[-89.941605,38.738014],[-89.942031,38.738023],[-89.943026,38.738046],[-89.943058,38.738047],[-89.944242,38.738074],[-89.946212,38.73813],[-89.947129,38.738154],[-89.947137,38.738845],[-89.947138,38.739682],[-89.947139,38.740119],[-89.947139,38.740502],[-89.947138,38.741645],[-89.947139,38.742031],[-89.947069,38.74203],[-89.947072,38.742236],[-89.947082,38.743123],[-89.94714,38.743125],[-89.94714,38.743154],[-89.947141,38.743618],[-89.947142,38.743827],[-89.947142,38.744037],[-89.947142,38.744948],[-89.947137,38.74496],[-89.946409,38.74496],[-89.945418,38.744977],[-89.944755,38.744978],[-89.944238,38.744978],[-89.943609,38.74498],[-89.943092,38.744977],[-89.943052,38.744977],[-89.942683,38.744983],[-89.942029,38.744996],[-89.941976,38.744998],[-89.941588,38.744996],[-89.941024,38.744994],[-89.940457,38.744992],[-89.940119,38.744991],[-89.937899,38.745009],[-89.937686,38.745011],[-89.935552,38.74502],[-89.933602,38.745026],[-89.933257,38.745029],[-89.932878,38.745032],[-89.932625,38.745034],[-89.929236,38.745033],[-89.928711,38.745025],[-89.928688,38.748188],[-89.928669,38.749492],[-89.928686,38.749799],[-89.928686,38.750529],[-89.928678,38.751381],[-89.928675,38.75206],[-89.928672,38.7523],[-89.928656,38.754714],[-89.928637,38.75769],[-89.928616,38.760538],[-89.92857,38.766715],[-89.928567,38.767628],[-89.928567,38.767639],[-89.928566,38.767874],[-89.928565,38.767911],[-89.928565,38.767933],[-89.928564,38.768089],[-89.928554,38.769131],[-89.928552,38.769838],[-89.928544,38.771037],[-89.928546,38.77129],[-89.928526,38.774003],[-89.928505,38.776753],[-89.928504,38.777046],[-89.928501,38.777254],[-89.928476,38.780778],[-89.928476,38.780995],[-89.928478,38.781054],[-89.928478,38.781099],[-89.928406,38.78129],[-89.928398,38.78131],[-89.928372,38.781381],[-89.928379,38.786871],[-89.92838,38.787258],[-89.928381,38.787924],[-89.928382,38.788344],[-89.92838,38.789981],[-89.928389,38.791247],[-89.928383,38.792538],[-89.928384,38.793032],[-89.928119,38.793291],[-89.928257,38.793375],[-89.928538,38.793549],[-89.928464,38.793774],[-89.92839,38.793921],[-89.928337,38.794073],[-89.92831,38.794445],[-89.928304,38.794863],[-89.928303,38.794983],[-89.928277,38.795195],[-89.928251,38.795289],[-89.9282,38.795821],[-89.92853,38.795942],[-89.928448,38.796094],[-89.928356,38.796402],[-89.92835,38.796745],[-89.928335,38.7985],[-89.928328,38.799147],[-89.928326,38.799306],[-89.928288,38.802365],[-89.928293,38.802452],[-89.928434,38.802562],[-89.928275,38.803019],[-89.928213,38.803215],[-89.9282,38.803253],[-89.928133,38.80344],[-89.928358,38.803458],[-89.928356,38.803551],[-89.928347,38.804065],[-89.928343,38.804128],[-89.928415,38.804123],[-89.928444,38.804152],[-89.928448,38.804195],[-89.928436,38.80425],[-89.928449,38.804306],[-89.928467,38.804673],[-89.928517,38.804749],[-89.928566,38.804817],[-89.928339,38.805281],[-89.928155,38.805654],[-89.928063,38.805842],[-89.927941,38.806026],[-89.92845,38.806191],[-89.928578,38.806274],[-89.928516,38.806376],[-89.928475,38.806444],[-89.928298,38.8067],[-89.928125,38.806919],[-89.927926,38.807143],[-89.928485,38.807442],[-89.928568,38.807487],[-89.928417,38.807654],[-89.928367,38.80771],[-89.928172,38.807955],[-89.928217,38.807979],[-89.928279,38.808127],[-89.928265,38.809539],[-89.928259,38.810036],[-89.928255,38.810465],[-89.928241,38.811868],[-89.92824,38.811986],[-89.928239,38.812026],[-89.928233,38.812588],[-89.928233,38.812745],[-89.928213,38.814441],[-89.928213,38.814482],[-89.928213,38.814505],[-89.928132,38.814789],[-89.928115,38.814836],[-89.928134,38.815137],[-89.928053,38.817861],[-89.928174,38.818246],[-89.928172,38.818519],[-89.928165,38.819084],[-89.928137,38.82184],[-89.9281,38.825699],[-89.92807,38.828444],[-89.928058,38.829451],[-89.928041,38.831242],[-89.928037,38.831621],[-89.928031,38.832077],[-89.929908,38.832147],[-89.932834,38.832259],[-89.935351,38.83225],[-89.936083,38.832257],[-89.938187,38.832284],[-89.947556,38.832401],[-89.947554,38.832357],[-89.947488,38.826892],[-89.947475,38.825844],[-89.94747,38.825345],[-89.947464,38.824856],[-89.94746,38.824534],[-89.94746,38.824374],[-89.94746,38.824103],[-89.947466,38.824057],[-89.947472,38.824009],[-89.947483,38.823914],[-89.947578,38.82313],[-89.947525,38.821273],[-89.947508,38.820665],[-89.947502,38.820525],[-89.947488,38.820385],[-89.947483,38.820285],[-89.94748,38.820169],[-89.947581,38.820173],[-89.94775,38.820179],[-89.947857,38.820183],[-89.947911,38.820185],[-89.947968,38.820187],[-89.948198,38.820196],[-89.948319,38.8202],[-89.948676,38.82021],[-89.948833,38.820215],[-89.94877,38.820149],[-89.948788,38.819815],[-89.948361,38.819811],[-89.948261,38.819811],[-89.948195,38.819811],[-89.948191,38.819646],[-89.948179,38.818934],[-89.948175,38.818343],[-89.948174,38.818191],[-89.948173,38.817999],[-89.94816,38.817484],[-89.948223,38.817463],[-89.948398,38.817386],[-89.948619,38.817265],[-89.9489,38.817097],[-89.949546,38.816687],[-89.949754,38.816567],[-89.949848,38.816524],[-89.949915,38.8165],[-89.94998,38.816482],[-89.950109,38.816459],[-89.950262,38.81645],[-89.950394,38.81645],[-89.95073,38.816478],[-89.95084,38.816478],[-89.951148,38.816371],[-89.95135,38.816293],[-89.9515,38.816228],[-89.951635,38.81616],[-89.951742,38.816092],[-89.951832,38.816015],[-89.95192,38.81592],[-89.952214,38.815558],[-89.95232,38.815432],[-89.952401,38.815345],[-89.952472,38.81528],[-89.952539,38.815237],[-89.952621,38.815207],[-89.952766,38.815177],[-89.953965,38.814998],[-89.954089,38.815467],[-89.954167,38.815822],[-89.954235,38.816257],[-89.954254,38.816408],[-89.954498,38.816411],[-89.955457,38.816443],[-89.955667,38.816459],[-89.955791,38.816477],[-89.955929,38.816517],[-89.956108,38.816586],[-89.959099,38.817825],[-89.959707,38.818079],[-89.959786,38.818115],[-89.95986,38.818149],[-89.959981,38.818219],[-89.9601,38.818309],[-89.96024,38.818436],[-89.960576,38.818773],[-89.961216,38.819437],[-89.961378,38.819619],[-89.961564,38.819858],[-89.961595,38.819893],[-89.961627,38.819933],[-89.961771,38.820095],[-89.96196,38.820281],[-89.962127,38.820425],[-89.962259,38.820518],[-89.962365,38.820578],[-89.962496,38.820631],[-89.963245,38.820885],[-89.963464,38.820964],[-89.963521,38.820995],[-89.963713,38.821059],[-89.964436,38.821301],[-89.964447,38.821397],[-89.964508,38.82162],[-89.964695,38.822216],[-89.964882,38.822756],[-89.964989,38.823023],[-89.965129,38.823407],[-89.966151,38.823923],[-89.966161,38.823901],[-89.96625,38.823863],[-89.966276,38.823822],[-89.966358,38.823734],[-89.96643,38.823723],[-89.96646,38.823692],[-89.966543,38.82356],[-89.966556,38.823516],[-89.966547,38.823458],[-89.966584,38.82339],[-89.966586,38.823309],[-89.966545,38.823088],[-89.96648,38.822981],[-89.966465,38.822979],[-89.966467,38.822917],[-89.966508,38.822871],[-89.966551,38.822803],[-89.966625,38.82278],[-89.966777,38.82283],[-89.968379,38.823368],[-89.969624,38.823786],[-89.969627,38.823823],[-89.969647,38.823838],[-89.96966,38.823851],[-89.969678,38.823868],[-89.969689,38.823875],[-89.969726,38.823899],[-89.969773,38.823936],[-89.969787,38.823946],[-89.969828,38.823976],[-89.969875,38.824019],[-89.969913,38.824059],[-89.969959,38.8241],[-89.969999,38.824136],[-89.970017,38.824156],[-89.970053,38.824193],[-89.97007,38.824208],[-89.970086,38.824222],[-89.970139,38.824242],[-89.970164,38.824249],[-89.970203,38.824261],[-89.970249,38.824253],[-89.970306,38.824232],[-89.970543,38.824121],[-89.970698,38.824106],[-89.970847,38.824087],[-89.970876,38.82408],[-89.97092,38.824055],[-89.970947,38.824031],[-89.970962,38.824015],[-89.970998,38.824006],[-89.971051,38.824004],[-89.971116,38.823999],[-89.971167,38.823999],[-89.971198,38.823996],[-89.971232,38.823992],[-89.971258,38.823989],[-89.971289,38.823993],[-89.971331,38.823988],[-89.971364,38.823992],[-89.971386,38.823992],[-89.971401,38.82399],[-89.971429,38.823983],[-89.971446,38.82398],[-89.971485,38.823977],[-89.971504,38.823977],[-89.97153,38.823983],[-89.971567,38.823948],[-89.971595,38.823923],[-89.97179,38.824053],[-89.971921,38.824138],[-89.972288,38.823761],[-89.972312,38.823717],[-89.972884,38.823901],[-89.973861,38.824213],[-89.974196,38.82433],[-89.974454,38.824397],[-89.974615,38.824439],[-89.974882,38.824509],[-89.974978,38.824539],[-89.975482,38.82468],[-89.975969,38.824816],[-89.976966,38.825083],[-89.977672,38.825264],[-89.97786,38.825312],[-89.979411,38.825672],[-89.979813,38.825777],[-89.980182,38.825889],[-89.980544,38.826015],[-89.980747,38.826095],[-89.980898,38.826154],[-89.98144,38.826393],[-89.981761,38.826548],[-89.982093,38.826723],[-89.982057,38.8269],[-89.982534,38.827199],[-89.982923,38.827465],[-89.983298,38.827742],[-89.983518,38.827936],[-89.984335,38.828639],[-89.984797,38.829054],[-89.985393,38.82957],[-89.985905,38.829988],[-89.986202,38.830209],[-89.986855,38.830678],[-89.987448,38.831086],[-89.987901,38.831371],[-89.988334,38.831627],[-89.988777,38.831873],[-89.989293,38.832141],[-89.990005,38.832487],[-89.990361,38.832642],[-89.990962,38.832894],[-89.991449,38.832896],[-89.993381,38.832914],[-89.993608,38.832908],[-89.994545,38.832916],[-89.998078,38.832934],[-89.999461,38.832947],[-89.999822,38.832951],[-90.003008,38.832964],[-90.003598,38.832967],[-90.00372,38.832968],[-90.011741,38.833014],[-90.011921,38.833023],[-90.012028,38.833028],[-90.012449,38.833037],[-90.014563,38.833052],[-90.017486,38.833065],[-90.018457,38.83307],[-90.020379,38.833079],[-90.020453,38.833079],[-90.021026,38.83308],[-90.021921,38.833082],[-90.02261,38.833087],[-90.022995,38.833088],[-90.024733,38.833093],[-90.025248,38.83312],[-90.025609,38.833149],[-90.026046,38.833197],[-90.02638,38.833226],[-90.026644,38.833236],[-90.026862,38.833235],[-90.027162,38.833207],[-90.02745,38.833165],[-90.027577,38.833142],[-90.027685,38.833153],[-90.027983,38.833103],[-90.02816,38.833104],[-90.028274,38.833104],[-90.029745,38.833112],[-90.029998,38.833057],[-90.030047,38.833067],[-90.030149,38.83307],[-90.031046,38.83306],[-90.031114,38.833071],[-90.031144,38.833081],[-90.031199,38.833117],[-90.032159,38.833133],[-90.032391,38.833137],[-90.034261,38.833139],[-90.034813,38.83314],[-90.035072,38.833096],[-90.03585,38.833108],[-90.038262,38.833159],[-90.03891,38.833163],[-90.03927,38.833163],[-90.040027,38.833153],[-90.040862,38.833177],[-90.040862,38.833161],[-90.040861,38.833079],[-90.041005,38.833091],[-90.041389,38.833116],[-90.041612,38.83313],[-90.041835,38.833138],[-90.042387,38.833153],[-90.043441,38.833157],[-90.043441,38.833251],[-90.043724,38.833253],[-90.04419,38.83325],[-90.045751,38.833257],[-90.046173,38.833258],[-90.046258,38.833258],[-90.046342,38.833259],[-90.047463,38.833263],[-90.047831,38.833249],[-90.048226,38.833196],[-90.049383,38.833202],[-90.05041,38.833205],[-90.05091,38.833207],[-90.052009,38.83322],[-90.053121,38.833224],[-90.053347,38.833225],[-90.05423,38.833231],[-90.055593,38.833233],[-90.055804,38.833234],[-90.056627,38.833239],[-90.057681,38.833249],[-90.058645,38.833259],[-90.059762,38.833265],[-90.060829,38.833273],[-90.061911,38.833276],[-90.063042,38.833289],[-90.064175,38.833293],[-90.065272,38.833301],[-90.066383,38.833305],[-90.067506,38.833314],[-90.068561,38.833323],[-90.069303,38.833326],[-90.069337,38.833326],[-90.069495,38.833327],[-90.07145,38.833336],[-90.071261,38.833124],[-90.071113,38.832958],[-90.070821,38.83265],[-90.07018,38.831945],[-90.069502,38.831199],[-90.069112,38.830742],[-90.068963,38.830554],[-90.068874,38.830442],[-90.068662,38.830155],[-90.068416,38.829785],[-90.068298,38.829593],[-90.068189,38.829402],[-90.06806,38.829154],[-90.067917,38.82884],[-90.06775,38.828425],[-90.067676,38.828216],[-90.067605,38.827989],[-90.067541,38.827757],[-90.067512,38.827634],[-90.067474,38.827474],[-90.067438,38.827283],[-90.067412,38.827142],[-90.067363,38.826806],[-90.067332,38.826497],[-90.067317,38.826213],[-90.06731,38.825486],[-90.067291,38.824138],[-90.067288,38.823939],[-90.067246,38.820728],[-90.067145,38.812838],[-90.067088,38.808326],[-90.067077,38.807502],[-90.067073,38.807246],[-90.067063,38.806555],[-90.067062,38.806446],[-90.067052,38.805787],[-90.06705,38.805562],[-90.06705,38.805402],[-90.067049,38.805185],[-90.067042,38.804768],[-90.067039,38.804624],[-90.067039,38.804559],[-90.067024,38.80367],[-90.067021,38.803434],[-90.067015,38.802885],[-90.067006,38.802012],[-90.067012,38.80134],[-90.066978,38.800988],[-90.066941,38.800433],[-90.066933,38.800301],[-90.066901,38.799608],[-90.066891,38.799004],[-90.066878,38.7981],[-90.066867,38.797142],[-90.066858,38.796403],[-90.06687,38.795901],[-90.066914,38.795001],[-90.066901,38.793856],[-90.066899,38.793737],[-90.066894,38.793426],[-90.066896,38.793234],[-90.066874,38.791571],[-90.066846,38.790078],[-90.066846,38.789529],[-90.066846,38.789202],[-90.066832,38.788801],[-90.066811,38.787065],[-90.066799,38.786073],[-90.066786,38.785067],[-90.066773,38.783942],[-90.06677,38.783666],[-90.066765,38.783283],[-90.066743,38.781555],[-90.06674,38.78131],[-90.066726,38.78018],[-90.066725,38.780117],[-90.066716,38.779314],[-90.066711,38.778913],[-90.06671,38.778866],[-90.066704,38.778467],[-90.066665,38.77547],[-90.066664,38.775397],[-90.066663,38.775317],[-90.066662,38.775228],[-90.066662,38.775162],[-90.06666,38.775023],[-90.066653,38.774413],[-90.06665,38.77414],[-90.066644,38.773562],[-90.066639,38.77249],[-90.066715,38.769191],[-90.066751,38.767027],[-90.066741,38.76598],[-90.06674,38.765926],[-90.066734,38.765297],[-90.066734,38.765242],[-90.066727,38.764434],[-90.066704,38.76412],[-90.06669,38.764067],[-90.066533,38.762415],[-90.066503,38.761866],[-90.06649,38.761143],[-90.066684,38.76115],[-90.069736,38.761237],[-90.071421,38.761286],[-90.0744,38.761379],[-90.07483,38.761391],[-90.075852,38.761418],[-90.076017,38.761422],[-90.076486,38.761434],[-90.07651,38.761435],[-90.076645,38.761438],[-90.077042,38.761448],[-90.077675,38.761465],[-90.077892,38.76147],[-90.078879,38.761491],[-90.079001,38.761494],[-90.080013,38.761514],[-90.082166,38.761557],[-90.082932,38.761572],[-90.085199,38.761607],[-90.085306,38.761609],[-90.085405,38.76161],[-90.086651,38.761631],[-90.08782,38.761649],[-90.088965,38.761665],[-90.088997,38.761063],[-90.089021,38.76097],[-90.089066,38.76088],[-90.08912,38.760809],[-90.089188,38.760745],[-90.089344,38.76064],[-90.089424,38.760567],[-90.089496,38.760475],[-90.089527,38.760412],[-90.089565,38.760281],[-90.08958,38.760168],[-90.089585,38.759677],[-90.089588,38.759381],[-90.08961,38.75904],[-90.089636,38.758833],[-90.089663,38.758619],[-90.089814,38.758629],[-90.089832,38.758295],[-90.08984,38.758139],[-90.089847,38.757996],[-90.089883,38.75732],[-90.089865,38.757203],[-90.089865,38.755802],[-90.089899,38.755886],[-90.089899,38.755977],[-90.089928,38.756119],[-90.090026,38.756256],[-90.090026,38.756041],[-90.09002,38.755377],[-90.08996,38.752221],[-90.089951,38.751165],[-90.089949,38.750858],[-90.089968,38.750625],[-90.08998,38.750468],[-90.089986,38.750398],[-90.089993,38.750244],[-90.08994,38.746807],[-90.08999,38.746808],[-90.089883,38.739736],[-90.089881,38.73963],[-90.089953,38.73963],[-90.089939,38.738287],[-90.089894,38.737269],[-90.089868,38.735012],[-90.089858,38.733624],[-90.089844,38.731661],[-90.089761,38.731661],[-90.089597,38.731661],[-90.089472,38.731656],[-90.088755,38.731641],[-90.087563,38.731631],[-90.086858,38.731626],[-90.086328,38.731623],[-90.085223,38.731616],[-90.083462,38.731602],[-90.082925,38.731598],[-90.080972,38.731586],[-90.080908,38.731586],[-90.080468,38.731583],[-90.079692,38.731575],[-90.078944,38.731568],[-90.07819,38.731566],[-90.076794,38.73156],[-90.076309,38.731562],[-90.076268,38.730791],[-90.076233,38.730328],[-90.076202,38.730082],[-90.076154,38.729842],[-90.076118,38.729704],[-90.076029,38.72944],[-90.075892,38.729089],[-90.07578,38.728788],[-90.075752,38.728667],[-90.075736,38.72852],[-90.075738,38.727795],[-90.075743,38.727311],[-90.075748,38.726895],[-90.075749,38.726794],[-90.075751,38.72616],[-90.075758,38.724718],[-90.075759,38.724296],[-90.075759,38.724221],[-90.07588,38.724222],[-90.075874,38.722918],[-90.075875,38.722313],[-90.079988,38.720913],[-90.081079,38.720358],[-90.081323,38.720238],[-90.081626,38.720086],[-90.087454,38.717107],[-90.088213,38.71711],[-90.088542,38.717112],[-90.089695,38.717116],[-90.089962,38.716988],[-90.089918,38.717254],[-90.089894,38.717521],[-90.089862,38.718954],[-90.089842,38.719805],[-90.089813,38.721114],[-90.089798,38.721842],[-90.089795,38.721971],[-90.090066,38.721971],[-90.090065,38.721869],[-90.090064,38.721382],[-90.09005,38.7205],[-90.090067,38.720437],[-90.090103,38.720379],[-90.090156,38.720347],[-90.090233,38.720319],[-90.090307,38.720306],[-90.092341,38.72031],[-90.092741,38.720308],[-90.093322,38.720305],[-90.093604,38.720306],[-90.09442,38.720308],[-90.094423,38.720592],[-90.094614,38.720592],[-90.095204,38.720591],[-90.095464,38.720591],[-90.09546,38.719843],[-90.095457,38.719303],[-90.095475,38.719234],[-90.095509,38.719169],[-90.095559,38.719111],[-90.095624,38.719061],[-90.095699,38.719023],[-90.095783,38.718998],[-90.095872,38.718986],[-90.097318,38.718981],[-90.099777,38.718977],[-90.10368,38.718977],[-90.103673,38.718689],[-90.103637,38.717161],[-90.103635,38.716932],[-90.104278,38.716937],[-90.105557,38.716936],[-90.106681,38.716931],[-90.1081,38.716926],[-90.109159,38.71692],[-90.109799,38.716917],[-90.111275,38.716918],[-90.111531,38.716919],[-90.1123,38.71692],[-90.112968,38.716923],[-90.113406,38.716925],[-90.113762,38.716932],[-90.113712,38.716839],[-90.113664,38.716626],[-90.11362,38.714289],[-90.113604,38.713507],[-90.113556,38.711131],[-90.113549,38.71019],[-90.113559,38.709674],[-90.113532,38.709576],[-90.114686,38.709564],[-90.114754,38.709558],[-90.114946,38.709532],[-90.115265,38.709463],[-90.11544,38.709437],[-90.115644,38.709423],[-90.117769,38.709393],[-90.117913,38.709391],[-90.118527,38.709383],[-90.119029,38.709377],[-90.120141,38.709367],[-90.121246,38.709359],[-90.122367,38.70934],[-90.122369,38.709517],[-90.125033,38.709491],[-90.125155,38.709481],[-90.125329,38.709453],[-90.125536,38.709397],[-90.125748,38.709354],[-90.125766,38.709357],[-90.125829,38.709352],[-90.127237,38.709325],[-90.127228,38.70845],[-90.127222,38.707583],[-90.127218,38.706717],[-90.127209,38.70585],[-90.127186,38.704971],[-90.127171,38.704084],[-90.127156,38.703188],[-90.127136,38.702177],[-90.129451,38.702161],[-90.129447,38.702004],[-90.129436,38.701383],[-90.129434,38.701315],[-90.129429,38.70105],[-90.129423,38.70072],[-90.129419,38.700518],[-90.129414,38.700257],[-90.129408,38.699973],[-90.129325,38.696018],[-90.129266,38.69256],[-90.131942,38.692084],[-90.133005,38.691653],[-90.133226,38.691563],[-90.133575,38.691424],[-90.13369,38.691378],[-90.133808,38.69133],[-90.133996,38.691254],[-90.137997,38.691193],[-90.139595,38.691187],[-90.139864,38.69104],[-90.1399,38.69102],[-90.139936,38.691001],[-90.140054,38.690934],[-90.140094,38.690911],[-90.140299,38.690791],[-90.140556,38.690634],[-90.140684,38.690551],[-90.140761,38.690503],[-90.140858,38.690438],[-90.14094,38.690386],[-90.142213,38.689516],[-90.141669,38.689055],[-90.141481,38.688891],[-90.140966,38.688426],[-90.140867,38.688332],[-90.14085,38.688291],[-90.140849,38.688264],[-90.140855,38.688242],[-90.14088,38.688204],[-90.141203,38.687974],[-90.141527,38.687763],[-90.141987,38.687767],[-90.142435,38.687772],[-90.143182,38.687707],[-90.143384,38.687566],[-90.143664,38.687371],[-90.143844,38.687245],[-90.143884,38.687217],[-90.144412,38.686848],[-90.144397,38.686628],[-90.144367,38.686327],[-90.144341,38.686187],[-90.144327,38.68606],[-90.144313,38.685843],[-90.144298,38.685443],[-90.144271,38.684606],[-90.144243,38.683761],[-90.144212,38.682891],[-90.144184,38.682035],[-90.144152,38.681081],[-90.144112,38.680228],[-90.144115,38.68021],[-90.14413,38.680174],[-90.144164,38.680139],[-90.144198,38.680122],[-90.144244,38.680112],[-90.144917,38.680098],[-90.146225,38.680079],[-90.146197,38.679311],[-90.146185,38.679167],[-90.146157,38.679118],[-90.146179,38.679117],[-90.147726,38.679061],[-90.148186,38.679055],[-90.148182,38.678905],[-90.148148,38.67839],[-90.148114,38.67813],[-90.148036,38.677637],[-90.147944,38.677168],[-90.147879,38.67689],[-90.147766,38.676484],[-90.147635,38.67608],[-90.147422,38.675507],[-90.147409,38.675473],[-90.147439,38.67545],[-90.147389,38.674469],[-90.147374,38.674089],[-90.147346,38.673397],[-90.147345,38.673371],[-90.14734,38.673252],[-90.147308,38.67245],[-90.147111,38.671465],[-90.147089,38.671379],[-90.147028,38.671134],[-90.147008,38.67105],[-90.147018,38.669906],[-90.147002,38.668702],[-90.14702,38.668396],[-90.147012,38.667891],[-90.147008,38.667594],[-90.147008,38.667532],[-90.147009,38.667307],[-90.147026,38.666549],[-90.14705,38.665437],[-90.14707,38.664524],[-90.147091,38.663612],[-90.147097,38.662268],[-90.14707,38.661941],[-90.147136,38.661868],[-90.147231,38.66174],[-90.147308,38.661601],[-90.14737,38.661449],[-90.147407,38.661298],[-90.147416,38.661222],[-90.14742,38.661063],[-90.147407,38.66088],[-90.147339,38.660341],[-90.147326,38.660238],[-90.146387,38.660227],[-90.146127,38.660225],[-90.143257,38.660193],[-90.142103,38.66018],[-90.141445,38.660172],[-90.140689,38.660164],[-90.140383,38.660159],[-90.138986,38.660144],[-90.138303,38.660136],[-90.137942,38.660132],[-90.137638,38.660128],[-90.137332,38.660125],[-90.136706,38.660118],[-90.135625,38.660106],[-90.134921,38.660153],[-90.132224,38.66015],[-90.132155,38.66015],[-90.132075,38.66015],[-90.131988,38.660145],[-90.131921,38.660142],[-90.131806,38.660136],[-90.131589,38.66009],[-90.131474,38.660059],[-90.125102,38.659998],[-90.120967,38.659958],[-90.119517,38.659944],[-90.118277,38.659932],[-90.117643,38.659925],[-90.117511,38.659924],[-90.115488,38.659904],[-90.112861,38.659879],[-90.112754,38.659878],[-90.111781,38.659864],[-90.111433,38.65986],[-90.110518,38.659848],[-90.110149,38.659843],[-90.109332,38.659827],[-90.107663,38.659798],[-90.107271,38.659791],[-90.098142,38.659621],[-90.098052,38.659617],[-90.097988,38.659618],[-90.096492,38.659587],[-90.096481,38.659602],[-90.094819,38.659572],[-90.094611,38.659568],[-90.094166,38.65956],[-90.094013,38.659558],[-90.093648,38.65955],[-90.093126,38.659542],[-90.092881,38.659535],[-90.092368,38.659384],[-90.092321,38.659392],[-90.09227,38.6594],[-90.092158,38.659418],[-90.092113,38.659425],[-90.092003,38.659443],[-90.091873,38.659451],[-90.091339,38.659485],[-90.090706,38.659473],[-90.09021,38.659463],[-90.090004,38.659459],[-90.089888,38.659457],[-90.089851,38.659456],[-90.089736,38.659454],[-90.08921,38.659444],[-90.088931,38.659438],[-90.088918,38.659438],[-90.088819,38.659436],[-90.088587,38.659432],[-90.088541,38.659431],[-90.088323,38.659427],[-90.087997,38.65942],[-90.087903,38.659419],[-90.087174,38.659405],[-90.087155,38.659405],[-90.086927,38.659399],[-90.086532,38.659389],[-90.08644,38.659387],[-90.086156,38.659379],[-90.086082,38.659377],[-90.086013,38.659375],[-90.085913,38.659373],[-90.085586,38.659365],[-90.085569,38.659365],[-90.085394,38.659361],[-90.085363,38.65936],[-90.085342,38.659359],[-90.085011,38.659351],[-90.08468,38.659344],[-90.084253,38.659334],[-90.084015,38.659328],[-90.083719,38.659321],[-90.083701,38.659321],[-90.082985,38.659303],[-90.082704,38.659296],[-90.082603,38.659294],[-90.082569,38.659293],[-90.082437,38.659289],[-90.082223,38.659283],[-90.082128,38.659281],[-90.080481,38.659236],[-90.080196,38.659229],[-90.080108,38.659226],[-90.080059,38.659224],[-90.080021,38.659223],[-90.079353,38.659198],[-90.078033,38.659159],[-90.07706,38.65913],[-90.076044,38.6591],[-90.075103,38.659072],[-90.074149,38.659045],[-90.073192,38.659017],[-90.072878,38.659008],[-90.072444,38.658995],[-90.072151,38.658986],[-90.072105,38.658985],[-90.071714,38.658974],[-90.071102,38.658956],[-90.071088,38.658956],[-90.070967,38.658952],[-90.070647,38.658943],[-90.070626,38.658942],[-90.068633,38.658883],[-90.066778,38.658829],[-90.066534,38.658822],[-90.066466,38.65882],[-90.066332,38.658816],[-90.066009,38.658807],[-90.065447,38.65879],[-90.065313,38.658786],[-90.064581,38.658765],[-90.063378,38.658729],[-90.062833,38.658713],[-90.062218,38.658695],[-90.061612,38.658676],[-90.060516,38.658642],[-90.059932,38.658624],[-90.05991,38.658623],[-90.058944,38.658594],[-90.058662,38.658585],[-90.058401,38.658583],[-90.058198,38.658581],[-90.057613,38.658576],[-90.056578,38.658567],[-90.056406,38.658566],[-90.055957,38.658562],[-90.05542,38.658558],[-90.054874,38.658553],[-90.054815,38.658552],[-90.054049,38.658546],[-90.053926,38.658545],[-90.053505,38.658541],[-90.053195,38.658539],[-90.05318,38.658539],[-90.052778,38.658536],[-90.052695,38.658535],[-90.052462,38.658533],[-90.052307,38.658532],[-90.052205,38.658531],[-90.051992,38.658529],[-90.051951,38.658529],[-90.051811,38.658527],[-90.051634,38.658526],[-90.050533,38.658518],[-90.050206,38.658515],[-90.049497,38.65851],[-90.049404,38.658509],[-90.049233,38.658508],[-90.04886,38.658505],[-90.048836,38.658505],[-90.048823,38.658505],[-90.048773,38.658505],[-90.04832,38.658502],[-90.04776,38.658497],[-90.047341,38.65855],[-90.047199,38.658546],[-90.045586,38.658526],[-90.043951,38.658507],[-90.042295,38.658488],[-90.040844,38.658471],[-90.040658,38.658469],[-90.039602,38.658456],[-90.039024,38.658449],[-90.038073,38.658438],[-90.037572,38.658435],[-90.0371,38.658431],[-90.034491,38.658414],[-90.034216,38.658412],[-90.031877,38.658397],[-90.031656,38.658398],[-90.031312,38.658397],[-90.030214,38.658387],[-90.029872,38.658384],[-90.026517,38.658363],[-90.024363,38.658349],[-90.01843,38.65832],[-90.01738,38.658316],[-90.016085,38.65831],[-90.0135,38.658298],[-90.01131,38.658288],[-90.010216,38.658285],[-90.009592,38.65828],[-90.009279,38.65828],[-90.007971,38.658273],[-90.005479,38.658263],[-90.003604,38.658254],[-90.001958,38.658249],[-90.000615,38.658245],[-89.999765,38.658243],[-89.99966,38.658249],[-89.999586,38.658249],[-89.998838,38.65824],[-89.997932,38.658238],[-89.997692,38.658275],[-89.997276,38.658281],[-89.996834,38.658287],[-89.996712,38.658288],[-89.996064,38.658291],[-89.996033,38.658291],[-89.99453,38.658287],[-89.994396,38.658286],[-89.994384,38.658286],[-89.993126,38.658279],[-89.993001,38.658279],[-89.99222,38.658277],[-89.992184,38.658277],[-89.991936,38.658276],[-89.991345,38.658273],[-89.990505,38.658269],[-89.990482,38.658269],[-89.99047,38.658269],[-89.990452,38.658269],[-89.990424,38.658269],[-89.990158,38.658268],[-89.990086,38.658266],[-89.989772,38.658215],[-89.988772,38.658212],[-89.988417,38.658211],[-89.986668,38.658206],[-89.986092,38.658204],[-89.98589,38.658205],[-89.984612,38.658196],[-89.984554,38.658196],[-89.984228,38.658194],[-89.984157,38.658194],[-89.983178,38.658189],[-89.981159,38.65818],[-89.979904,38.658174],[-89.977836,38.658162],[-89.976691,38.65816],[-89.975419,38.658151],[-89.975177,38.65815],[-89.974262,38.658145],[-89.973651,38.658141],[-89.969666,38.65812],[-89.969324,38.658119],[-89.968784,38.658116],[-89.968291,38.658113],[-89.967508,38.658109],[-89.967087,38.658107],[-89.966948,38.658106],[-89.966563,38.658104],[-89.966045,38.658099],[-89.965309,38.658095],[-89.963008,38.65808],[-89.962179,38.658075],[-89.961697,38.658072],[-89.959226,38.658056],[-89.95715,38.658043],[-89.957014,38.658042],[-89.956812,38.658041],[-89.956547,38.658039],[-89.955056,38.658029],[-89.953311,38.658018],[-89.953198,38.658016],[-89.952384,38.658011],[-89.950261,38.657997],[-89.947293,38.657976],[-89.940154,38.657874],[-89.93952,38.657865],[-89.938663,38.657852],[-89.936062,38.657816],[-89.935776,38.657811],[-89.935428,38.657806],[-89.934811,38.657797],[-89.932931,38.65777],[-89.931397,38.657748],[-89.931027,38.657743],[-89.929058,38.657714],[-89.928876,38.657712]]]},"properties":{"ID":2,"DISTRICT":"2","DISTRICTN":2}},
{"type":"Feature","geometry":{"type":"Polygon","coordinates":[[[-89.928876,38.657712],[-89.9284,38.657707],[-89.925347,38.657651],[-89.924803,38.657647],[-89.924776,38.657647],[-89.924752,38.657647],[-89.91962,38.657613],[-89.914589,38.657503],[-89.914575,38.657503],[-89.914562,38.657503],[-89.914537,38.657502],[-89.913466,38.657478],[-89.913452,38.657478],[-89.91227,38.657497],[-89.911839,38.657504],[-89.910197,38.657489],[-89.909109,38.657452],[-89.909074,38.657451],[-89.908716,38.657438],[-89.908035,38.657415],[-89.907452,38.657405],[-89.90634,38.657386],[-89.906275,38.657385],[-89.906243,38.657384],[-89.90517,38.657365],[-89.904492,38.657354],[-89.904026,38.657346],[-89.903976,38.657345],[-89.903962,38.657345],[-89.903878,38.657343],[-89.903851,38.657343],[-89.90373,38.657341],[-89.903696,38.657341],[-89.903636,38.65734],[-89.903475,38.657337],[-89.901837,38.657309],[-89.901793,38.657308],[-89.901722,38.657307],[-89.898688,38.657256],[-89.897382,38.657233],[-89.897026,38.657227],[-89.896648,38.657226],[-89.89606,38.657224],[-89.89604,38.657224],[-89.895001,38.657221],[-89.894381,38.65722],[-89.894188,38.657219],[-89.893007,38.657057],[-89.892769,38.657024],[-89.892295,38.657084],[-89.892059,38.657114],[-89.891359,38.657102],[-89.891125,38.657098],[-89.891109,38.657098],[-89.891091,38.657098],[-89.891071,38.657098],[-89.891049,38.657098],[-89.891037,38.657098],[-89.89068,38.65709],[-89.890632,38.657089],[-89.890049,38.657079],[-89.888545,38.656903],[-89.887526,38.65688],[-89.885229,38.656828],[-89.884195,38.656805],[-89.883875,38.656798],[-89.878948,38.656692],[-89.876045,38.656849],[-89.875728,38.656842],[-89.875716,38.656841],[-89.875688,38.656841],[-89.875395,38.656835],[-89.874987,38.656826],[-89.874827,38.656823],[-89.873679,38.656798],[-89.872132,38.656735],[-89.870739,38.656679],[-89.870612,38.656674],[-89.870117,38.656654],[-89.869453,38.656648],[-89.864768,38.656601],[-89.862007,38.656574],[-89.861534,38.656569],[-89.858959,38.656544],[-89.85894,38.656544],[-89.856801,38.656493],[-89.856736,38.656491],[-89.856384,38.656478],[-89.856292,38.656474],[-89.856206,38.656463],[-89.853899,38.656418],[-89.848639,38.656316],[-89.84407,38.656243],[-89.843527,38.656232],[-89.843187,38.656226],[-89.828009,38.655969],[-89.824569,38.655909],[-89.823277,38.655895],[-89.818896,38.655827],[-89.818745,38.655825],[-89.80883,38.655726],[-89.797336,38.655618],[-89.790308,38.655568],[-89.787095,38.655548],[-89.785131,38.655532],[-89.783827,38.655523],[-89.77995,38.655503],[-89.777476,38.655474],[-89.777157,38.655472],[-89.776974,38.65547],[-89.776819,38.655468],[-89.774198,38.655448],[-89.771561,38.655365],[-89.764822,38.655318],[-89.764717,38.655317],[-89.762581,38.655303],[-89.760867,38.655291],[-89.760853,38.655291],[-89.759661,38.655283],[-89.7533,38.655239],[-89.753288,38.655239],[-89.751486,38.655227],[-89.751403,38.655226],[-89.749842,38.655184],[-89.74424,38.655111],[-89.743893,38.6551],[-89.743562,38.655077],[-89.734759,38.655024],[-89.725496,38.654966],[-89.725435,38.654966],[-89.721983,38.654993],[-89.718521,38.655001],[-89.707023,38.655021],[-89.706949,38.655019],[-89.702462,38.655048],[-89.70096,38.655053],[-89.693371,38.655095],[-89.687835,38.655127],[-89.683395,38.655155],[-89.671818,38.655237],[-89.660009,38.655302],[-89.659925,38.655297],[-89.646578,38.655442],[-89.645942,38.655443],[-89.645908,38.655449],[-89.642688,38.655474],[-89.641363,38.655494],[-89.639755,38.655518],[-89.639517,38.655524],[-89.639065,38.65553],[-89.638977,38.655531],[-89.636506,38.655566],[-89.636493,38.655567],[-89.635501,38.655581],[-89.633121,38.655608],[-89.632421,38.65561],[-89.632337,38.65561],[-89.631989,38.65561],[-89.631576,38.655613],[-89.626964,38.655642],[-89.62509,38.655667],[-89.625077,38.655668],[-89.624725,38.655672],[-89.623539,38.655688],[-89.623407,38.655689],[-89.622783,38.655696],[-89.618565,38.655741],[-89.61839,38.655743],[-89.618377,38.655743],[-89.615887,38.655765],[-89.615273,38.655771],[-89.611644,38.65581],[-89.611632,38.655811],[-89.609293,38.655836],[-89.604733,38.65588],[-89.599892,38.655917],[-89.597143,38.655929],[-89.595979,38.655944],[-89.595103,38.655948],[-89.595137,38.657494],[-89.595207,38.660123],[-89.595209,38.660256],[-89.59528,38.663179],[-89.595351,38.665722],[-89.595387,38.666821],[-89.595388,38.666865],[-89.595408,38.667684],[-89.595411,38.667833],[-89.595476,38.670526],[-89.595502,38.671619],[-89.595515,38.671733],[-89.595583,38.673821],[-89.595693,38.677795],[-89.595831,38.682748],[-89.595838,38.683021],[-89.59584,38.683074],[-89.595865,38.685062],[-89.595866,38.685133],[-89.595924,38.687337],[-89.595953,38.688227],[-89.595957,38.688351],[-89.595993,38.688938],[-89.595994,38.688959],[-89.595995,38.688975],[-89.596044,38.689437],[-89.596083,38.689899],[-89.596094,38.690231],[-89.596077,38.690611],[-89.59605,38.690844],[-89.596023,38.691259],[-89.596025,38.691277],[-89.59605,38.691538],[-89.596066,38.692024],[-89.596071,38.692466],[-89.596092,38.69383],[-89.596131,38.695449],[-89.596158,38.696381],[-89.596163,38.696519],[-89.596259,38.699669],[-89.596281,38.700499],[-89.596298,38.701828],[-89.59633,38.703208],[-89.596394,38.705213],[-89.596412,38.706509],[-89.59641,38.706942],[-89.596505,38.710244],[-89.596571,38.712623],[-89.596585,38.713095],[-89.596619,38.714363],[-89.596641,38.715128],[-89.596649,38.7154],[-89.596668,38.716068],[-89.596756,38.719185],[-89.596774,38.719821],[-89.596787,38.720274],[-89.596817,38.721343],[-89.596814,38.721539],[-89.596789,38.721591],[-89.596782,38.721663],[-89.596793,38.721833],[-89.596802,38.721968],[-89.596818,38.722201],[-89.596824,38.722388],[-89.596848,38.723121],[-89.5969,38.724725],[-89.596905,38.72489],[-89.596926,38.726078],[-89.59695,38.727336],[-89.596952,38.727439],[-89.596985,38.728738],[-89.59702,38.730093],[-89.59702,38.730221],[-89.59702,38.730775],[-89.597076,38.732381],[-89.597168,38.736153],[-89.597169,38.736193],[-89.597176,38.736479],[-89.597271,38.739792],[-89.597273,38.739978],[-89.597275,38.740048],[-89.597321,38.743236],[-89.597327,38.743645],[-89.597437,38.748185],[-89.597486,38.750199],[-89.597578,38.754748],[-89.597646,38.757802],[-89.597646,38.757818],[-89.597707,38.760572],[-89.597708,38.760606],[-89.597804,38.765023],[-89.597807,38.765134],[-89.597906,38.769633],[-89.597926,38.770952],[-89.597937,38.771413],[-89.597958,38.772317],[-89.597986,38.773482],[-89.597986,38.773499],[-89.597991,38.773717],[-89.597994,38.773852],[-89.597996,38.773923],[-89.598014,38.774853],[-89.598018,38.775076],[-89.598021,38.775234],[-89.598029,38.775634],[-89.598032,38.775766],[-89.598036,38.775957],[-89.59805,38.776618],[-89.598055,38.776864],[-89.598059,38.777009],[-89.598062,38.777119],[-89.598063,38.777139],[-89.598076,38.777603],[-89.598089,38.778059],[-89.598108,38.778722],[-89.598116,38.778983],[-89.598124,38.779724],[-89.598145,38.780733],[-89.598152,38.781093],[-89.598155,38.781219],[-89.598159,38.781233],[-89.598155,38.781251],[-89.598156,38.781292],[-89.598158,38.781359],[-89.598164,38.781684],[-89.598165,38.781765],[-89.598182,38.782727],[-89.598184,38.78287],[-89.598189,38.783153],[-89.598187,38.783309],[-89.598187,38.783332],[-89.598191,38.783507],[-89.598194,38.783625],[-89.598196,38.78371],[-89.598202,38.78395],[-89.598206,38.784096],[-89.598208,38.784173],[-89.598208,38.78419],[-89.59824,38.785859],[-89.59824,38.785874],[-89.598262,38.786965],[-89.598262,38.786977],[-89.59833,38.790439],[-89.598344,38.790997],[-89.598527,38.798449],[-89.59855,38.799709],[-89.59855,38.79973],[-89.598551,38.799759],[-89.598551,38.79977],[-89.598558,38.800137],[-89.59856,38.800239],[-89.598565,38.800791],[-89.598581,38.801888],[-89.598587,38.802178],[-89.598602,38.802857],[-89.59861,38.803227],[-89.59861,38.803245],[-89.598611,38.80329],[-89.598613,38.803363],[-89.598648,38.80482],[-89.598694,38.805989],[-89.598695,38.806013],[-89.598695,38.806023],[-89.598696,38.806048],[-89.598697,38.806062],[-89.598703,38.806357],[-89.598702,38.806645],[-89.598702,38.806685],[-89.598701,38.806858],[-89.598701,38.806869],[-89.5987,38.807462],[-89.598709,38.807877],[-89.598713,38.808081],[-89.598713,38.808094],[-89.598766,38.810505],[-89.59882,38.814058],[-89.59888,38.815802],[-89.598881,38.815822],[-89.598882,38.815838],[-89.598883,38.815857],[-89.598895,38.816186],[-89.598949,38.818104],[-89.598978,38.819627],[-89.59899,38.820294],[-89.59899,38.820308],[-89.59899,38.820324],[-89.59899,38.820342],[-89.598993,38.820447],[-89.599017,38.822922],[-89.599032,38.825159],[-89.599085,38.828552],[-89.599085,38.828562],[-89.599085,38.828574],[-89.599094,38.829127],[-89.599094,38.829149],[-89.599103,38.829747],[-89.599105,38.829866],[-89.599123,38.830529],[-89.599169,38.832174],[-89.599176,38.83287],[-89.599176,38.832904],[-89.599176,38.832921],[-89.599177,38.832941],[-89.599177,38.832971],[-89.599198,38.834965],[-89.599198,38.834979],[-89.599198,38.835006],[-89.599225,38.837605],[-89.599228,38.83788],[-89.599237,38.838773],[-89.599272,38.841771],[-89.599273,38.84187],[-89.599273,38.841883],[-89.599295,38.843837],[-89.599301,38.844669],[-89.599301,38.844692],[-89.599306,38.845217],[-89.599306,38.845246],[-89.599309,38.845725],[-89.599309,38.845744],[-89.599311,38.84612],[-89.599311,38.846146],[-89.599312,38.846176],[-89.599312,38.846224],[-89.599335,38.849986],[-89.599353,38.851201],[-89.59936,38.851714],[-89.599394,38.856058],[-89.5994,38.85685],[-89.5994,38.856882],[-89.5994,38.856914],[-89.599401,38.856987],[-89.599425,38.859915],[-89.599432,38.860588],[-89.599433,38.860708],[-89.599516,38.868649],[-89.599516,38.86868],[-89.599517,38.86879],[-89.599531,38.870583],[-89.599577,38.873355],[-89.599578,38.873397],[-89.599581,38.873584],[-89.599581,38.873605],[-89.599581,38.873626],[-89.599586,38.874076],[-89.599589,38.874419],[-89.599589,38.87443],[-89.59959,38.874502],[-89.599593,38.87453],[-89.602771,38.87451],[-89.604087,38.874498],[-89.604118,38.874498],[-89.604161,38.874498],[-89.604189,38.874497],[-89.604207,38.874497],[-89.604296,38.874496],[-89.604592,38.874493],[-89.604827,38.874491],[-89.608235,38.874458],[-89.608253,38.874458],[-89.608281,38.874458],[-89.608324,38.874458],[-89.610356,38.874454],[-89.610375,38.874454],[-89.610407,38.874454],[-89.610453,38.874454],[-89.610692,38.874453],[-89.610885,38.874452],[-89.610928,38.874452],[-89.61094,38.874452],[-89.611363,38.874451],[-89.612102,38.874445],[-89.61212,38.874445],[-89.612149,38.874445],[-89.612199,38.874445],[-89.612235,38.874445],[-89.612259,38.874445],[-89.614707,38.874429],[-89.617681,38.874421],[-89.617835,38.874421],[-89.621147,38.874421],[-89.62397,38.874405],[-89.627418,38.874399],[-89.627464,38.874383],[-89.627506,38.874349],[-89.627532,38.874311],[-89.627549,38.874241],[-89.627558,38.874137],[-89.627698,38.874146],[-89.627777,38.874155],[-89.627914,38.874179],[-89.628078,38.874217],[-89.628122,38.874227],[-89.628341,38.874293],[-89.628489,38.874338],[-89.628615,38.874368],[-89.628777,38.874391],[-89.628953,38.874397],[-89.631638,38.874349],[-89.633432,38.874327],[-89.635292,38.874299],[-89.636874,38.874278],[-89.636888,38.874329],[-89.636897,38.874362],[-89.636941,38.87452],[-89.636978,38.874668],[-89.636967,38.875049],[-89.636967,38.875059],[-89.636972,38.875146],[-89.636977,38.875391],[-89.636976,38.87556],[-89.637011,38.8776],[-89.637015,38.881537],[-89.637137,38.887263],[-89.63717,38.888814],[-89.637346,38.894755],[-89.637515,38.900426],[-89.637615,38.90375],[-89.637931,38.918352],[-89.637831,38.918353],[-89.637763,38.918354],[-89.637049,38.918364],[-89.637136,38.919907],[-89.637523,38.925873],[-89.637599,38.927053],[-89.637842,38.930551],[-89.637938,38.93182],[-89.637992,38.932707],[-89.637993,38.93272],[-89.638024,38.933231],[-89.638025,38.933242],[-89.638216,38.940769],[-89.638379,38.947126],[-89.638454,38.948494],[-89.638491,38.950216],[-89.638493,38.95031],[-89.638488,38.950426],[-89.638484,38.95044],[-89.638469,38.95049],[-89.638452,38.950518],[-89.638469,38.9514],[-89.638597,38.957917],[-89.638645,38.960385],[-89.638709,38.963144],[-89.638639,38.972765],[-89.638639,38.972778],[-89.638643,38.97386],[-89.638652,38.974133],[-89.638678,38.97434],[-89.6387,38.974429],[-89.63873,38.974514],[-89.638754,38.974568],[-89.638755,38.975046],[-89.638762,38.975358],[-89.638751,38.975384],[-89.638647,38.975805],[-89.638669,38.97615],[-89.638683,38.976647],[-89.638684,38.976691],[-89.638703,38.977372],[-89.638705,38.978416],[-89.63882,38.984952],[-89.638827,38.985126],[-89.638837,38.985245],[-89.638867,38.985428],[-89.638897,38.985559],[-89.638899,38.985569],[-89.638946,38.985799],[-89.638977,38.986011],[-89.638999,38.986264],[-89.639015,38.986779],[-89.639039,38.988096],[-89.639042,38.989257],[-89.639045,38.990239],[-89.639084,38.992016],[-89.639082,38.992501],[-89.639063,38.992781],[-89.63904,38.992925],[-89.639154,38.996608],[-89.639267,38.998987],[-89.639265,38.999129],[-89.639292,38.999129],[-89.639369,38.99913],[-89.642039,38.999131],[-89.642682,38.999132],[-89.643407,38.999158],[-89.643601,38.999154],[-89.643828,38.999134],[-89.644147,38.99909],[-89.644226,38.999089],[-89.644328,38.999103],[-89.644586,38.999138],[-89.64503,38.999138],[-89.64596,38.999128],[-89.647222,38.999141],[-89.647862,38.999156],[-89.648222,38.999156],[-89.648438,38.999156],[-89.648846,38.999167],[-89.64907,38.999183],[-89.649202,38.999161],[-89.651262,38.99917],[-89.651446,38.999171],[-89.652895,38.999175],[-89.653142,38.999177],[-89.653382,38.999178],[-89.653446,38.999191],[-89.653589,38.999179],[-89.654037,38.999169],[-89.654895,38.999164],[-89.656242,38.999165],[-89.656786,38.999154],[-89.657199,38.999138],[-89.65799,38.999121],[-89.65994,38.999114],[-89.659958,38.999114],[-89.660266,38.999113],[-89.661683,38.999085],[-89.662678,38.999073],[-89.66281,38.999071],[-89.662859,38.99907],[-89.664208,38.999045],[-89.665422,38.999045],[-89.665676,38.99905],[-89.666357,38.999062],[-89.66646,38.999063],[-89.666673,38.999066],[-89.667893,38.999071],[-89.66822,38.999072],[-89.668478,38.999073],[-89.67098,38.999065],[-89.673513,38.999074],[-89.674618,38.999089],[-89.674949,38.999099],[-89.675583,38.999119],[-89.676073,38.999126],[-89.678481,38.999116],[-89.679801,38.999102],[-89.6816,38.999082],[-89.683311,38.999067],[-89.683325,38.999067],[-89.684445,38.999057],[-89.684838,38.999054],[-89.685423,38.999044],[-89.685602,38.999042],[-89.687101,38.999029],[-89.691727,38.999003],[-89.692984,38.998999],[-89.695301,38.998993],[-89.698555,38.998979],[-89.699167,38.998977],[-89.705067,38.99892],[-89.705292,38.998956],[-89.707911,38.998949],[-89.709241,38.998948],[-89.714422,38.998944],[-89.714511,38.998945],[-89.717434,38.998942],[-89.72092,38.998927],[-89.726632,38.9989],[-89.731253,38.998881],[-89.733057,38.998873],[-89.736061,38.998858],[-89.740703,38.998838],[-89.74402,38.998825],[-89.745534,38.998813],[-89.749582,38.998784],[-89.749971,38.998779],[-89.750288,38.998776],[-89.755098,38.998757],[-89.755507,38.998741],[-89.758322,38.998701],[-89.764005,38.998644],[-89.764621,38.998633],[-89.773774,38.998472],[-89.773966,38.99847],[-89.780041,38.998484],[-89.782792,38.998476],[-89.787248,38.998487],[-89.791113,38.998493],[-89.79129,38.998499],[-89.799966,38.998467],[-89.801068,38.998437],[-89.801195,38.998436],[-89.802362,38.998418],[-89.807818,38.998396],[-89.810472,38.998363],[-89.811125,38.998356],[-89.812963,38.99833],[-89.814651,38.998341],[-89.817595,38.998362],[-89.817722,38.998364],[-89.819868,38.99838],[-89.821376,38.998398],[-89.821992,38.998395],[-89.822772,38.998386],[-89.824017,38.99839],[-89.824779,38.998409],[-89.824791,38.998409],[-89.824902,38.998412],[-89.825135,38.998413],[-89.825154,38.998413],[-89.826341,38.998417],[-89.826391,38.998417],[-89.827759,38.998421],[-89.829526,38.998422],[-89.830648,38.998434],[-89.832625,38.99844],[-89.832643,38.99844],[-89.832904,38.998441],[-89.832935,38.998439],[-89.833002,38.998439],[-89.833022,38.998439],[-89.833808,38.998429],[-89.834756,38.998433],[-89.836091,38.998453],[-89.836127,38.998454],[-89.836153,38.998454],[-89.836171,38.998454],[-89.836184,38.998454],[-89.83665,38.998455],[-89.836749,38.998455],[-89.839822,38.998463],[-89.84026,38.998464],[-89.840352,38.998464],[-89.840772,38.998463],[-89.842503,38.998461],[-89.843874,38.998459],[-89.844625,38.998467],[-89.845688,38.998478],[-89.845835,38.998479],[-89.848579,38.99849],[-89.849299,38.998493],[-89.851432,38.998501],[-89.851449,38.998501],[-89.85147,38.998501],[-89.851513,38.998501],[-89.851593,38.998501],[-89.851636,38.998501],[-89.85165,38.998502],[-89.851668,38.998502],[-89.851723,38.998502],[-89.852326,38.998505],[-89.85249,38.998504],[-89.852522,38.998504],[-89.852544,38.998504],[-89.85256,38.998504],[-89.852647,38.998504],[-89.852671,38.998502],[-89.853072,38.998499],[-89.854702,38.998516],[-89.855125,38.998513],[-89.855221,38.998508],[-89.855234,38.998507],[-89.855279,38.998497],[-89.857495,38.998538],[-89.857982,38.998547],[-89.858359,38.998546],[-89.860054,38.998542],[-89.861218,38.99854],[-89.863902,38.998567],[-89.864043,38.998568],[-89.864668,38.998571],[-89.866219,38.998581],[-89.869214,38.998593],[-89.875975,38.998617],[-89.880475,38.998627],[-89.885323,38.998646],[-89.889073,38.998634],[-89.889957,38.998638],[-89.897746,38.998686],[-89.902105,38.998681],[-89.902155,38.998682],[-89.903396,38.998698],[-89.903665,38.998722],[-89.903805,38.998722],[-89.906402,38.998661],[-89.915022,38.99871],[-89.922521,38.998748],[-89.922652,38.998749],[-89.926539,38.998768],[-89.92698,38.998766],[-89.92746,38.998764],[-89.930695,38.998748],[-89.935468,38.998725],[-89.93835,38.998711],[-89.940224,38.998698],[-89.940242,38.998702],[-89.940426,38.998709],[-89.944459,38.998767],[-89.945138,38.998779],[-89.945635,38.998776],[-89.945676,38.998775],[-89.947471,38.998765],[-89.947969,38.998751],[-89.948688,38.998757],[-89.950666,38.998746],[-89.956158,38.998713],[-89.95968,38.998692],[-89.960315,38.998696],[-89.964565,38.998727],[-89.965887,38.998722],[-89.967437,38.998717],[-89.969119,38.998708],[-89.973507,38.998691],[-89.978657,38.99867],[-89.983968,38.998678],[-89.984201,38.99868],[-89.984209,38.998691],[-89.984264,38.99872],[-89.984327,38.99874],[-89.98444,38.998754],[-89.987922,38.998748],[-89.987936,38.998711],[-89.988162,38.998712],[-89.991282,38.998738],[-89.996598,38.99878],[-90.006428,38.998768],[-90.011084,38.998778],[-90.013839,38.998784],[-90.014289,38.998787],[-90.02081,38.998871],[-90.0211,38.998875],[-90.029919,38.998759],[-90.030453,38.998754],[-90.031017,38.998744],[-90.031712,38.998735],[-90.034143,38.998699],[-90.034559,38.998695],[-90.035771,38.998683],[-90.039013,38.998649],[-90.039404,38.998645],[-90.040798,38.99863],[-90.040882,38.998631],[-90.041555,38.998624],[-90.041938,38.998617],[-90.041967,38.998617],[-90.048025,38.998632],[-90.052718,38.998643],[-90.052841,38.998643],[-90.054563,38.998639],[-90.056351,38.998634],[-90.058342,38.99863],[-90.060765,38.998621],[-90.061554,38.998614],[-90.062962,38.9986],[-90.063845,38.998592],[-90.065828,38.998577],[-90.068731,38.998564],[-90.07116,38.998573],[-90.071247,38.998534],[-90.072267,38.998528],[-90.072313,38.998526],[-90.073419,38.998477],[-90.073838,38.998459],[-90.074186,38.998521],[-90.076317,38.998569],[-90.077923,38.998613],[-90.078789,38.998602],[-90.078939,38.998595],[-90.079022,38.998581],[-90.079041,38.998574],[-90.081096,38.998576],[-90.084533,38.998666],[-90.097655,38.998873],[-90.099596,38.998898],[-90.099735,38.998901],[-90.107823,38.999038],[-90.111233,38.999044],[-90.118014,38.999027],[-90.120385,38.999037],[-90.128773,38.999072],[-90.130753,38.999079],[-90.136468,38.999103],[-90.137245,38.999103],[-90.143223,38.999088],[-90.143808,38.999146],[-90.143981,38.999293],[-90.145984,38.999303],[-90.147168,38.99934],[-90.153238,38.999382],[-90.155552,38.999352],[-90.155778,38.999354],[-90.155917,38.999353],[-90.156142,38.999354],[-90.157167,38.999368],[-90.157204,38.999368],[-90.162028,38.999372],[-90.163427,38.99937],[-90.165436,38.999371],[-90.168168,38.999388],[-90.168415,38.999398],[-90.168725,38.9994],[-90.168741,38.999372],[-90.168926,38.999049],[-90.169558,38.999046],[-90.175671,38.999043],[-90.180632,38.999049],[-90.190586,38.999062],[-90.192628,38.999064],[-90.195028,38.999064],[-90.20869,38.998998],[-90.211998,38.998981],[-90.215659,38.998976],[-90.216245,38.998981],[-90.220709,38.999018],[-90.224428,38.999049],[-90.225742,38.999056],[-90.226317,38.999063],[-90.229816,38.999084],[-90.231728,38.999107],[-90.23203,38.999107],[-90.234744,38.99913],[-90.239455,38.999166],[-90.244194,38.99916],[-90.248216,38.999156],[-90.255339,38.999172],[-90.257344,38.999151],[-90.258298,38.999144],[-90.259396,38.999136],[-90.260971,38.999126],[-90.264353,38.999102],[-90.265257,38.999096],[-90.26624,38.999089],[-90.267282,38.999082],[-90.269261,38.999069],[-90.272086,38.999049],[-90.273959,38.999036],[-90.27396,38.998186],[-90.273961,38.997126],[-90.273962,38.995418],[-90.273963,38.994221],[-90.274019,38.99193],[-90.274047,38.988398],[-90.274088,38.98462],[-90.274184,38.982622],[-90.2742,38.98229],[-90.274211,38.982055],[-90.274321,38.979667],[-90.27457,38.969907],[-90.274621,38.96652],[-90.274624,38.966347],[-90.274625,38.966244],[-90.274667,38.964181],[-90.274672,38.963928],[-90.274721,38.961846],[-90.274758,38.960268],[-90.274788,38.958923],[-90.274875,38.9553],[-90.275017,38.949066],[-90.275028,38.948876],[-90.275089,38.947095],[-90.275146,38.945534],[-90.27531,38.941075],[-90.275343,38.9395],[-90.275356,38.93889],[-90.275387,38.937415],[-90.2754,38.936836],[-90.275422,38.935877],[-90.27543,38.935306],[-90.275434,38.935076],[-90.275439,38.934823],[-90.275481,38.932669],[-90.275518,38.930742],[-90.275536,38.930344],[-90.275563,38.928377],[-90.275702,38.923529],[-90.273885,38.92322],[-90.269872,38.922556],[-90.267904,38.922037],[-90.265619,38.921069],[-90.265203,38.920893],[-90.262792,38.920344],[-90.2609,38.920328],[-90.25919,38.92055],[-90.256993,38.920763],[-90.254033,38.920489],[-90.250248,38.919344],[-90.249798,38.919083],[-90.246403,38.917116],[-90.241703,38.914828],[-90.240602,38.914395],[-90.236027,38.9126],[-90.235863,38.912549],[-90.230336,38.91086],[-90.229712,38.910604],[-90.228111,38.909948],[-90.225967,38.908976],[-90.22585,38.908923],[-90.22368,38.907737],[-90.223041,38.907389],[-90.222048,38.906701],[-90.219867,38.905192],[-90.217274,38.903292],[-90.216979,38.903076],[-90.216635,38.908634],[-90.216621,38.908859],[-90.216391,38.911796],[-90.216265,38.914599],[-90.216016,38.914832],[-90.215925,38.91491],[-90.214754,38.914973],[-90.206287,38.915105],[-90.205974,38.915109],[-90.205965,38.915486],[-90.206017,38.918028],[-90.205935,38.918083],[-90.205894,38.918124],[-90.20584,38.918213],[-90.205806,38.918291],[-90.205789,38.918386],[-90.205788,38.918544],[-90.205778,38.918561],[-90.205792,38.918741],[-90.205788,38.919838],[-90.205774,38.9199],[-90.205748,38.919946],[-90.205703,38.919983],[-90.205703,38.919999],[-90.205703,38.921517],[-90.205673,38.925672],[-90.20563,38.925995],[-90.205609,38.926252],[-90.205599,38.926483],[-90.205579,38.927007],[-90.205549,38.927829],[-90.205531,38.928709],[-90.205504,38.929564],[-90.205467,38.931418],[-90.205438,38.932649],[-90.205427,38.933172],[-90.205413,38.93387],[-90.205412,38.934255],[-90.205425,38.934378],[-90.205456,38.934501],[-90.205486,38.934575],[-90.205618,38.934792],[-90.20586,38.935017],[-90.206784,38.935624],[-90.207769,38.936233],[-90.208183,38.936499],[-90.207527,38.936509],[-90.205855,38.936534],[-90.2002,38.936617],[-90.19232,38.936733],[-90.186896,38.936766],[-90.182686,38.936792],[-90.180586,38.936803],[-90.17893,38.9368],[-90.174558,38.936841],[-90.172107,38.936857],[-90.171475,38.936864],[-90.16984,38.936907],[-90.16971,38.936909],[-90.168093,38.934621],[-90.166833,38.932849],[-90.166455,38.932289],[-90.166095,38.931797],[-90.165856,38.931439],[-90.165539,38.930921],[-90.165341,38.930557],[-90.16497,38.929806],[-90.164743,38.929313],[-90.164762,38.929646],[-90.164689,38.929685],[-90.164614,38.92971],[-90.164462,38.929813],[-90.164299,38.92976],[-90.164226,38.929736],[-90.164105,38.929696],[-90.163336,38.929652],[-90.163335,38.929715],[-90.162729,38.929729],[-90.15847,38.929826],[-90.157122,38.929854],[-90.157028,38.92986],[-90.15685,38.92987],[-90.156806,38.929869],[-90.15641,38.929873],[-90.154988,38.929884],[-90.154424,38.929889],[-90.154409,38.929122],[-90.154463,38.926311],[-90.150731,38.926276],[-90.150776,38.926423],[-90.150571,38.92646],[-90.150456,38.926107],[-90.14959,38.925104],[-90.147128,38.925092],[-90.147128,38.925791],[-90.147128,38.926237],[-90.147128,38.926406],[-90.146758,38.926406],[-90.144332,38.926406],[-90.142908,38.926407],[-90.142648,38.926406],[-90.1425,38.926402],[-90.142424,38.926402],[-90.142408,38.926642],[-90.142356,38.927444],[-90.142319,38.928112],[-90.14229,38.928455],[-90.142273,38.929269],[-90.142272,38.929308],[-90.142274,38.929997],[-90.13982,38.930062],[-90.13743,38.930094],[-90.137436,38.929239],[-90.137437,38.928069],[-90.13747,38.926243],[-90.13747,38.925664],[-90.137466,38.925262],[-90.13745,38.923716],[-90.136146,38.923737],[-90.134932,38.923753],[-90.13271,38.923784],[-90.132697,38.922878],[-90.127035,38.923007],[-90.126927,38.92301],[-90.126249,38.92302],[-90.124304,38.923054],[-90.123998,38.923059],[-90.123875,38.923062],[-90.122195,38.923104],[-90.119944,38.923161],[-90.119796,38.923164],[-90.119706,38.923157],[-90.118404,38.923042],[-90.118304,38.923025],[-90.117926,38.923001],[-90.117875,38.923],[-90.118009,38.923067],[-90.118356,38.923069],[-90.118352,38.923228],[-90.11833,38.925395],[-90.118314,38.92636],[-90.118316,38.926576],[-90.118314,38.926717],[-90.118137,38.92672],[-90.116469,38.926754],[-90.116393,38.926755],[-90.115069,38.92678],[-90.114563,38.926791],[-90.114421,38.926794],[-90.113577,38.92681],[-90.113504,38.926812],[-90.112321,38.926832],[-90.111912,38.926839],[-90.111361,38.926848],[-90.110189,38.926868],[-90.108112,38.926902],[-90.105323,38.926949],[-90.105094,38.926952],[-90.104675,38.926955],[-90.104683,38.926716],[-90.104687,38.926549],[-90.104469,38.926546],[-90.104252,38.926558],[-90.104085,38.926511],[-90.104191,38.926357],[-90.10428,38.926228],[-90.104928,38.925221],[-90.105092,38.924966],[-90.105092,38.924864],[-90.105105,38.924755],[-90.105142,38.924621],[-90.105207,38.924453],[-90.105311,38.924236],[-90.10553,38.923829],[-90.104699,38.92383],[-90.1047,38.923923],[-90.104211,38.923928],[-90.103981,38.923931],[-90.103985,38.92331],[-90.103576,38.923318],[-90.103061,38.923328],[-90.102835,38.923332],[-90.102631,38.923333],[-90.102352,38.923334],[-90.102072,38.923334],[-90.100361,38.923352],[-90.099275,38.923372],[-90.098622,38.923384],[-90.09851,38.923387],[-90.097806,38.9234],[-90.097103,38.923413],[-90.096875,38.923417],[-90.096768,38.923419],[-90.096415,38.923426],[-90.095112,38.923452],[-90.093359,38.923495],[-90.091687,38.923477],[-90.091128,38.92348],[-90.091004,38.923482],[-90.090857,38.923486],[-90.09054,38.923493],[-90.090368,38.923497],[-90.09011,38.9235],[-90.089684,38.923506],[-90.089484,38.923504],[-90.089486,38.923347],[-90.08948,38.92315],[-90.089443,38.922554],[-90.089366,38.921592],[-90.089282,38.920616],[-90.08927,38.920484],[-90.089248,38.920225],[-90.089196,38.919619],[-90.089116,38.918629],[-90.089038,38.917647],[-90.088954,38.916689],[-90.088942,38.916577],[-90.088899,38.916312],[-90.088858,38.916151],[-90.088837,38.916079],[-90.088795,38.915968],[-90.088683,38.915714],[-90.088536,38.915367],[-90.088473,38.915173],[-90.088448,38.915063],[-90.088428,38.914943],[-90.088412,38.914774],[-90.088387,38.913821],[-90.088369,38.912858],[-90.088352,38.911885],[-90.088344,38.910932],[-90.08833,38.910043],[-90.088322,38.909206],[-90.088315,38.908806],[-90.088302,38.908574],[-90.088087,38.908526],[-90.087929,38.908483],[-90.087519,38.908358],[-90.086976,38.908178],[-90.086695,38.908076],[-90.086415,38.907967],[-90.086138,38.907854],[-90.085864,38.907737],[-90.085316,38.90749],[-90.084474,38.907091],[-90.084234,38.906988],[-90.084467,38.906873],[-90.084353,38.90682],[-90.084131,38.906943],[-90.083924,38.906854],[-90.083535,38.906654],[-90.083018,38.906397],[-90.082742,38.906255],[-90.082725,38.906246],[-90.082709,38.906237],[-90.082553,38.906152],[-90.082526,38.906138],[-90.082409,38.906094],[-90.081595,38.905816],[-90.080816,38.905544],[-90.080363,38.905386],[-90.080323,38.905373],[-90.079512,38.9051],[-90.079622,38.904457],[-90.079741,38.903841],[-90.079877,38.903145],[-90.079903,38.903011],[-90.080049,38.902237],[-90.080085,38.902049],[-90.080167,38.901616],[-90.080186,38.901501],[-90.080235,38.901192],[-90.080251,38.901094],[-90.080298,38.900729],[-90.080342,38.900276],[-90.080372,38.899757],[-90.080378,38.899488],[-90.080371,38.898942],[-90.080365,38.89879],[-90.080342,38.898465],[-90.080333,38.898332],[-90.080281,38.897898],[-90.080208,38.897462],[-90.080169,38.897282],[-90.07954,38.897273],[-90.078837,38.897303],[-90.077358,38.897319],[-90.07636,38.897341],[-90.075924,38.89735],[-90.075351,38.897341],[-90.075027,38.897355],[-90.074214,38.897362],[-90.07252,38.897324],[-90.070099,38.897227],[-90.069245,38.897201],[-90.068953,38.897191],[-90.068451,38.897176],[-90.06814,38.897166],[-90.067813,38.897155],[-90.0654,38.897135],[-90.065167,38.897134],[-90.06466,38.89713],[-90.064448,38.897169],[-90.064128,38.897212],[-90.064083,38.897218],[-90.063829,38.897229],[-90.063289,38.897251],[-90.06327,38.897249],[-90.062378,38.897195],[-90.06215,38.897181],[-90.060882,38.897113],[-90.05934,38.897111],[-90.059392,38.899248],[-90.059408,38.901029],[-90.059244,38.900979],[-90.058969,38.900903],[-90.058698,38.900838],[-90.058434,38.900781],[-90.058177,38.900734],[-90.05805,38.900715],[-90.057928,38.900696],[-90.057685,38.900666],[-90.057447,38.900645],[-90.057211,38.900631],[-90.056974,38.900624],[-90.056636,38.900627],[-90.056175,38.900641],[-90.054975,38.900697],[-90.05224,38.900823],[-90.050706,38.900878],[-90.050106,38.900897],[-90.04929,38.900924],[-90.04844,38.900953],[-90.046728,38.901026],[-90.0453,38.901095],[-90.044688,38.901126],[-90.04308,38.901206],[-90.042888,38.901215],[-90.04249,38.901233],[-90.041975,38.901246],[-90.041678,38.901246],[-90.041457,38.901244],[-90.040928,38.901226],[-90.040499,38.901198],[-90.040491,38.901019],[-90.040479,38.900169],[-90.040468,38.899391],[-90.040465,38.899123],[-90.040454,38.897268],[-90.040436,38.896412],[-90.040317,38.895869],[-90.04028,38.893785],[-90.040264,38.892072],[-90.040262,38.891819],[-90.040257,38.891285],[-90.040254,38.890274],[-90.040237,38.888801],[-90.040188,38.886055],[-90.039999,38.87882],[-90.039961,38.877337],[-90.03996,38.876786],[-90.039922,38.872009],[-90.039917,38.871389],[-90.039904,38.870816],[-90.039863,38.869754],[-90.039748,38.866904],[-90.039741,38.86647],[-90.039727,38.865603],[-90.039708,38.863897],[-90.03968,38.863875],[-90.039663,38.863786],[-90.039657,38.862738],[-90.039569,38.862611],[-90.039567,38.862552],[-90.039437,38.862538],[-90.038145,38.862542],[-90.037546,38.862535],[-90.03666,38.862526],[-90.035961,38.862525],[-90.035674,38.862517],[-90.035287,38.862498],[-90.032736,38.862483],[-90.031343,38.862476],[-90.030041,38.862448],[-90.029632,38.862443],[-90.029242,38.862438],[-90.028814,38.862434],[-90.027851,38.862418],[-90.026461,38.862395],[-90.025387,38.862389],[-90.025124,38.862386],[-90.024196,38.862376],[-90.022828,38.862371],[-90.022794,38.862371],[-90.021602,38.862366],[-90.021201,38.86228],[-90.020788,38.862229],[-90.020622,38.862229],[-90.020452,38.862218],[-90.0201,38.862234],[-90.01969,38.862303],[-90.018778,38.862294],[-90.017605,38.862287],[-90.016784,38.862278],[-90.015829,38.862274],[-90.014565,38.862254],[-90.012447,38.862241],[-90.01162,38.862232],[-90.011512,38.862218],[-90.011434,38.862193],[-90.011381,38.862163],[-90.011348,38.862131],[-90.011321,38.862087],[-90.011301,38.862026],[-90.011292,38.861927],[-90.011305,38.86064],[-90.011301,38.860236],[-90.011289,38.860036],[-90.011266,38.859931],[-90.011208,38.85978],[-90.010903,38.859163],[-90.010698,38.85877],[-90.010657,38.858672],[-90.010623,38.85854],[-90.010613,38.858422],[-90.010631,38.857721],[-90.010619,38.857637],[-90.010608,38.857601],[-90.010564,38.857533],[-90.010532,38.857501],[-90.010495,38.857474],[-90.010456,38.857452],[-90.010414,38.857435],[-90.010371,38.857423],[-90.010325,38.857416],[-90.010156,38.85741],[-90.007221,38.857395],[-90.00703,38.857387],[-90.006927,38.857375],[-90.006891,38.857366],[-90.00686,38.857353],[-90.006831,38.857335],[-90.006805,38.857311],[-90.006784,38.857282],[-90.006767,38.857246],[-90.006748,38.857147],[-90.006741,38.856988],[-90.006764,38.85597],[-90.006759,38.85512],[-90.006741,38.853563],[-90.006732,38.85344],[-90.006719,38.853356],[-90.006683,38.853281],[-90.006626,38.853211],[-90.006567,38.853158],[-90.006474,38.853098],[-90.006301,38.853006],[-90.006004,38.852861],[-90.005446,38.852589],[-90.005253,38.852507],[-90.005111,38.85246],[-90.004725,38.852364],[-90.004515,38.852294],[-90.004083,38.852131],[-90.003183,38.851772],[-90.002949,38.85167],[-90.002752,38.851573],[-90.002119,38.851234],[-90.001826,38.851088],[-90.001608,38.850992],[-90.001558,38.85097],[-90.00112,38.850808],[-90.000778,38.850688],[-90.000403,38.850567],[-90.000066,38.850468],[-89.999853,38.850412],[-89.999255,38.85028],[-89.998041,38.85003],[-89.997766,38.849966],[-89.997595,38.849916],[-89.996965,38.849677],[-89.996867,38.84965],[-89.996776,38.849639],[-89.994226,38.849615],[-89.992866,38.849614],[-89.992897,38.848423],[-89.989295,38.849812],[-89.987751,38.850412],[-89.980759,38.853105],[-89.97667,38.854685],[-89.976363,38.854675],[-89.974876,38.85467],[-89.973825,38.854651],[-89.973826,38.855443],[-89.973826,38.855555],[-89.973826,38.855782],[-89.97109,38.856837],[-89.970449,38.857097],[-89.96985,38.857356],[-89.969233,38.857642],[-89.968906,38.857801],[-89.967886,38.858314],[-89.965819,38.859381],[-89.962654,38.861014],[-89.961803,38.861442],[-89.961727,38.861473],[-89.960969,38.861844],[-89.95967,38.862507],[-89.959671,38.861776],[-89.958942,38.861851],[-89.958843,38.861801],[-89.958769,38.861777],[-89.958518,38.861732],[-89.958316,38.861665],[-89.958238,38.861631],[-89.95818,38.861589],[-89.958125,38.86158],[-89.957951,38.86152],[-89.957637,38.861468],[-89.957541,38.861462],[-89.957289,38.86149],[-89.957208,38.861504],[-89.957165,38.86152],[-89.957123,38.861544],[-89.957081,38.861576],[-89.956923,38.861728],[-89.956871,38.861768],[-89.956821,38.861791],[-89.956794,38.861796],[-89.956691,38.861776],[-89.956345,38.861756],[-89.95567,38.861754],[-89.954484,38.861761],[-89.953524,38.861782],[-89.95149,38.861782],[-89.950817,38.861787],[-89.950692,38.861784],[-89.950373,38.861761],[-89.950184,38.861752],[-89.94975,38.861748],[-89.949493,38.861753],[-89.948395,38.861775],[-89.947665,38.861806],[-89.947021,38.861814],[-89.946564,38.861809],[-89.94646,38.861799],[-89.946362,38.861775],[-89.946286,38.861744],[-89.946235,38.861734],[-89.943308,38.861661],[-89.943119,38.861619],[-89.941113,38.861607],[-89.940871,38.861601],[-89.940783,38.86157],[-89.940728,38.861563],[-89.940674,38.861572],[-89.940569,38.861606],[-89.940518,38.86161],[-89.940419,38.861607],[-89.940174,38.861625],[-89.940085,38.861623],[-89.939939,38.861602],[-89.939811,38.861599],[-89.939696,38.861576],[-89.939571,38.861544],[-89.93949,38.861537],[-89.939238,38.861554],[-89.939062,38.861551],[-89.938834,38.861539],[-89.938717,38.861545],[-89.938284,38.861606],[-89.938188,38.861624],[-89.938146,38.861638],[-89.938063,38.861684],[-89.937975,38.86174],[-89.937925,38.861766],[-89.937868,38.86179],[-89.937801,38.861811],[-89.937657,38.861841],[-89.937525,38.861849],[-89.937413,38.86184],[-89.937364,38.861831],[-89.937321,38.861817],[-89.937208,38.861756],[-89.937116,38.861721],[-89.937069,38.861711],[-89.936988,38.861705],[-89.936949,38.861697],[-89.93683,38.861635],[-89.936788,38.861621],[-89.936746,38.861616],[-89.936707,38.861619],[-89.93661,38.861649],[-89.936583,38.861648],[-89.936528,38.861627],[-89.936491,38.861607],[-89.936453,38.861607],[-89.936376,38.861634],[-89.936348,38.861637],[-89.936319,38.861635],[-89.936225,38.861612],[-89.93619,38.861609],[-89.936153,38.861613],[-89.935881,38.861697],[-89.935812,38.861722],[-89.935687,38.861788],[-89.935664,38.861793],[-89.935618,38.861789],[-89.935593,38.86178],[-89.935533,38.861758],[-89.935475,38.861741],[-89.935023,38.861702],[-89.934153,38.861662],[-89.933232,38.861614],[-89.932701,38.861595],[-89.93234,38.86157],[-89.931781,38.86156],[-89.931223,38.861536],[-89.92996,38.861458],[-89.929113,38.861411],[-89.928477,38.861383],[-89.927694,38.861337],[-89.927599,38.86133],[-89.927593,38.857998],[-89.927594,38.856634],[-89.927589,38.855893],[-89.927608,38.854595],[-89.927602,38.853985],[-89.927602,38.85395],[-89.927587,38.853395],[-89.927578,38.853046],[-89.927577,38.853019],[-89.927562,38.852775],[-89.927539,38.8527],[-89.927444,38.852521],[-89.927363,38.852399],[-89.92734,38.852272],[-89.927339,38.852195],[-89.927354,38.852072],[-89.927382,38.851976],[-89.927459,38.851782],[-89.927471,38.851741],[-89.927495,38.851662],[-89.927511,38.851568],[-89.92753,38.851351],[-89.927533,38.850159],[-89.927545,38.849168],[-89.927594,38.84735],[-89.927682,38.843446],[-89.92772,38.841622],[-89.927745,38.840431],[-89.927768,38.839633],[-89.927779,38.839132],[-89.9279,38.835764],[-89.927916,38.83532],[-89.928031,38.832077],[-89.928037,38.831621],[-89.928041,38.831242],[-89.928058,38.829451],[-89.92807,38.828444],[-89.9281,38.825699],[-89.928137,38.82184],[-89.928165,38.819084],[-89.928172,38.818519],[-89.928174,38.818246],[-89.928053,38.817861],[-89.928134,38.815137],[-89.928115,38.814836],[-89.928132,38.814789],[-89.928213,38.814505],[-89.928213,38.814482],[-89.928213,38.814441],[-89.928233,38.812745],[-89.928233,38.812588],[-89.928239,38.812026],[-89.92824,38.811986],[-89.928241,38.811868],[-89.928255,38.810465],[-89.928259,38.810036],[-89.928265,38.809539],[-89.928279,38.808127],[-89.928217,38.807979],[-89.928172,38.807955],[-89.928367,38.80771],[-89.928417,38.807654],[-89.928568,38.807487],[-89.928485,38.807442],[-89.927926,38.807143],[-89.928125,38.806919],[-89.928298,38.8067],[-89.928475,38.806444],[-89.928516,38.806376],[-89.928578,38.806274],[-89.92845,38.806191],[-89.927941,38.806026],[-89.928063,38.805842],[-89.928155,38.805654],[-89.928339,38.805281],[-89.928566,38.804817],[-89.928517,38.804749],[-89.928467,38.804673],[-89.928449,38.804306],[-89.928436,38.80425],[-89.928448,38.804195],[-89.928444,38.804152],[-89.928415,38.804123],[-89.928343,38.804128],[-89.928347,38.804065],[-89.928356,38.803551],[-89.928358,38.803458],[-89.928133,38.80344],[-89.9282,38.803253],[-89.928213,38.803215],[-89.928275,38.803019],[-89.928434,38.802562],[-89.928293,38.802452],[-89.928288,38.802365],[-89.928326,38.799306],[-89.928328,38.799147],[-89.928335,38.7985],[-89.92835,38.796745],[-89.928356,38.796402],[-89.928448,38.796094],[-89.92853,38.795942],[-89.9282,38.795821],[-89.928251,38.795289],[-89.928277,38.795195],[-89.928303,38.794983],[-89.928304,38.794863],[-89.92831,38.794445],[-89.928337,38.794073],[-89.92839,38.793921],[-89.928464,38.793774],[-89.928538,38.793549],[-89.928257,38.793375],[-89.928119,38.793291],[-89.928384,38.793032],[-89.928383,38.792538],[-89.928389,38.791247],[-89.92838,38.789981],[-89.928382,38.788344],[-89.928381,38.787924],[-89.92838,38.787258],[-89.928379,38.786871],[-89.928372,38.781381],[-89.928398,38.78131],[-89.928406,38.78129],[-89.928478,38.781099],[-89.928478,38.781054],[-89.928476,38.780995],[-89.928476,38.780778],[-89.928501,38.777254],[-89.928504,38.777046],[-89.928505,38.776753],[-89.928526,38.774003],[-89.928546,38.77129],[-89.928544,38.771037],[-89.928552,38.769838],[-89.928554,38.769131],[-89.928564,38.768089],[-89.928565,38.767933],[-89.928565,38.767911],[-89.928566,38.767874],[-89.928567,38.767639],[-89.928567,38.767628],[-89.92857,38.766715],[-89.928616,38.760538],[-89.928637,38.75769],[-89.928656,38.754714],[-89.928672,38.7523],[-89.928675,38.75206],[-89.928678,38.751381],[-89.928686,38.750529],[-89.928686,38.749799],[-89.928669,38.749492],[-89.928688,38.748188],[-89.928711,38.745025],[-89.929236,38.745033],[-89.932625,38.745034],[-89.932878,38.745032],[-89.933257,38.745029],[-89.933602,38.745026],[-89.935552,38.74502],[-89.937686,38.745011],[-89.937899,38.745009],[-89.940119,38.744991],[-89.940457,38.744992],[-89.941024,38.744994],[-89.941588,38.744996],[-89.941976,38.744998],[-89.942029,38.744996],[-89.942683,38.744983],[-89.943052,38.744977],[-89.943092,38.744977],[-89.943609,38.74498],[-89.944238,38.744978],[-89.944755,38.744978],[-89.945418,38.744977],[-89.946409,38.74496],[-89.947137,38.74496],[-89.947142,38.744948],[-89.947142,38.744037],[-89.947142,38.743827],[-89.947141,38.743618],[-89.94714,38.743154],[-89.94714,38.743125],[-89.947082,38.743123],[-89.947072,38.742236],[-89.947069,38.74203],[-89.947139,38.742031],[-89.947138,38.741645],[-89.947139,38.740502],[-89.947139,38.740119],[-89.947138,38.739682],[-89.947137,38.738845],[-89.947129,38.738154],[-89.946212,38.73813],[-89.944242,38.738074],[-89.943058,38.738047],[-89.943026,38.738046],[-89.942031,38.738023],[-89.941605,38.738014],[-89.940498,38.737995],[-89.940324,38.737975],[-89.939969,38.737965],[-89.938651,38.737936],[-89.937828,38.737914],[-89.937555,38.737907],[-89.93724,38.737899],[-89.934911,38.737863],[-89.935093,38.737422],[-89.935139,38.737285],[-89.935161,38.737154],[-89.935171,38.736946],[-89.935134,38.734226],[-89.935159,38.733289],[-89.935161,38.733113],[-89.935162,38.732987],[-89.93516,38.732662],[-89.93516,38.732585],[-89.935154,38.732263],[-89.935153,38.73174],[-89.935152,38.730988],[-89.935156,38.730544],[-89.935307,38.730197],[-89.936302,38.729564],[-89.937638,38.727679],[-89.937673,38.72704],[-89.937675,38.726339],[-89.937667,38.725122],[-89.937662,38.724797],[-89.937679,38.724446],[-89.938362,38.723363],[-89.938412,38.723254],[-89.938518,38.722929],[-89.936904,38.72284],[-89.935663,38.722863],[-89.93514,38.722858],[-89.935062,38.722857],[-89.935065,38.720148],[-89.935066,38.719559],[-89.935071,38.716735],[-89.935099,38.716031],[-89.935108,38.715814],[-89.935111,38.715682],[-89.935136,38.714768],[-89.935147,38.714341],[-89.933947,38.714362],[-89.933967,38.712687],[-89.933957,38.712438],[-89.933953,38.712255],[-89.933949,38.71205],[-89.935347,38.71162],[-89.93526,38.7115],[-89.935234,38.711452],[-89.935225,38.711379],[-89.935239,38.710917],[-89.935238,38.710683],[-89.933958,38.710644],[-89.933956,38.710961],[-89.933936,38.710926],[-89.933739,38.710659],[-89.933686,38.710565],[-89.933612,38.710396],[-89.9335,38.710122],[-89.933387,38.709904],[-89.933362,38.70984],[-89.933324,38.709702],[-89.933277,38.709438],[-89.933268,38.709317],[-89.933279,38.709106],[-89.933274,38.709034],[-89.93326,38.708955],[-89.933245,38.708898],[-89.933181,38.708722],[-89.933102,38.708561],[-89.933044,38.708476],[-89.932983,38.708406],[-89.93292,38.70835],[-89.932798,38.708278],[-89.932778,38.708259],[-89.932764,38.708236],[-89.932753,38.708166],[-89.932747,38.707817],[-89.932748,38.707787],[-89.932765,38.707698],[-89.932873,38.707415],[-89.932882,38.707396],[-89.932928,38.707309],[-89.93297,38.707249],[-89.93301,38.707204],[-89.933105,38.707067],[-89.933187,38.706987],[-89.933231,38.706955],[-89.933318,38.706902],[-89.933356,38.706873],[-89.93339,38.706839],[-89.933464,38.706741],[-89.933507,38.706701],[-89.933534,38.706686],[-89.928772,38.706791],[-89.928701,38.706793],[-89.928703,38.706505],[-89.928703,38.703778],[-89.928703,38.703289],[-89.928702,38.700709],[-89.9287,38.69092],[-89.928699,38.687646],[-89.928703,38.686899],[-89.928698,38.679873],[-89.928696,38.677118],[-89.928699,38.673812],[-89.928696,38.673615],[-89.928697,38.673574],[-89.928696,38.673394],[-89.928697,38.672102],[-89.928696,38.671891],[-89.928696,38.671146],[-89.928699,38.668813],[-89.928695,38.666307],[-89.928689,38.665994],[-89.928695,38.664139],[-89.928694,38.663341],[-89.928694,38.662678],[-89.928694,38.662298],[-89.928694,38.661316],[-89.929045,38.661249],[-89.928879,38.657863],[-89.928876,38.657712]]]},"properties":{"ID":3,"DISTRICT":"3","DISTRICTN":3}},
{"type":"Feature","geometry":{"type":"Polygon","coordinates":[[[-89.597321,38.743236],[-89.59361,38.743127],[-89.585841,38.742888],[-89.582612,38.742788],[-89.581095,38.742741],[-89.576544,38.742601],[-89.575028,38.742555],[-89.574164,38.742528],[-89.572243,38.742485],[-89.57008,38.742437],[-89.563891,38.742265],[-89.561108,38.742189],[-89.560402,38.742169],[-89.558284,38.742111],[-89.557579,38.742092],[-89.557364,38.742085],[-89.556722,38.742067],[-89.556508,38.742062],[-89.555558,38.742038],[-89.552711,38.741968],[-89.551762,38.741945],[-89.551304,38.741933],[-89.549932,38.741899],[-89.549475,38.741888],[-89.549429,38.741886],[-89.549291,38.741883],[-89.549245,38.741882],[-89.547898,38.741848],[-89.54386,38.741749],[-89.542514,38.741716],[-89.54208,38.741705],[-89.54078,38.741672],[-89.540347,38.741662],[-89.539757,38.741647],[-89.537987,38.741603],[-89.537927,38.741602],[-89.537398,38.741591],[-89.53565,38.741556],[-89.534431,38.741532],[-89.530409,38.741439],[-89.528663,38.741399],[-89.528359,38.741377],[-89.526889,38.741339],[-89.521624,38.741204],[-89.519143,38.74114],[-89.517719,38.741123],[-89.516097,38.741104],[-89.515478,38.741096],[-89.514674,38.741087],[-89.514302,38.741082],[-89.509967,38.741031],[-89.507778,38.740996],[-89.506272,38.740963],[-89.505853,38.740956],[-89.504112,38.740924],[-89.502246,38.74089],[-89.50188,38.740883],[-89.500418,38.740862],[-89.498404,38.740817],[-89.496097,38.740774],[-89.495023,38.740754],[-89.493767,38.74073],[-89.49301,38.740716],[-89.487724,38.740617],[-89.485512,38.740571],[-89.4834,38.740535],[-89.48204,38.740509],[-89.481987,38.740516],[-89.481857,38.740531],[-89.481642,38.740532],[-89.480996,38.740536],[-89.480782,38.740538],[-89.480759,38.740538],[-89.480691,38.740538],[-89.480669,38.740539],[-89.479268,38.740548],[-89.478382,38.740555],[-89.475067,38.740627],[-89.473667,38.740658],[-89.472507,38.740663],[-89.469026,38.740681],[-89.467867,38.740688],[-89.46736,38.74069],[-89.466434,38.740695],[-89.46584,38.740688],[-89.465334,38.740683],[-89.464372,38.740685],[-89.461488,38.740692],[-89.460527,38.740695],[-89.458695,38.740699],[-89.453201,38.740713],[-89.45137,38.740718],[-89.451166,38.740718],[-89.450556,38.74072],[-89.450353,38.740721],[-89.450248,38.740721],[-89.449932,38.740721],[-89.449828,38.740722],[-89.449216,38.740723],[-89.447383,38.740728],[-89.446773,38.74073],[-89.446708,38.740736],[-89.446517,38.740754],[-89.446452,38.740754],[-89.443914,38.740767],[-89.436303,38.740806],[-89.433766,38.74082],[-89.432618,38.740826],[-89.429176,38.740843],[-89.428029,38.74085],[-89.426257,38.740866],[-89.420941,38.740915],[-89.419372,38.74093],[-89.419169,38.740931],[-89.419073,38.740931],[-89.418786,38.740932],[-89.418691,38.740933],[-89.415951,38.740946],[-89.409769,38.740977],[-89.407735,38.741],[-89.407292,38.741006],[-89.404996,38.741015],[-89.40484,38.741015],[-89.404375,38.741017],[-89.40422,38.741018],[-89.404156,38.741018],[-89.403965,38.741018],[-89.403902,38.741019],[-89.403095,38.741022],[-89.400676,38.741031],[-89.39987,38.741035],[-89.398745,38.741039],[-89.395372,38.741052],[-89.394248,38.741057],[-89.394218,38.741057],[-89.394127,38.741057],[-89.394098,38.741058],[-89.392832,38.741062],[-89.39044,38.741072],[-89.389037,38.741078],[-89.387772,38.741084],[-89.387332,38.741084],[-89.386016,38.741087],[-89.385577,38.741088],[-89.384728,38.741089],[-89.382181,38.741093],[-89.381333,38.741095],[-89.379479,38.741111],[-89.373921,38.741159],[-89.372068,38.741176],[-89.372051,38.741175],[-89.372002,38.74117],[-89.371984,38.741175],[-89.369486,38.74116],[-89.366157,38.74114],[-89.365498,38.741146],[-89.361995,38.741181],[-89.359499,38.741206],[-89.357353,38.741227],[-89.353543,38.741265],[-89.350916,38.741288],[-89.348771,38.741307],[-89.34808,38.741313],[-89.347634,38.741321],[-89.344226,38.741383],[-89.343091,38.741405],[-89.342009,38.741416],[-89.338765,38.741451],[-89.337684,38.741463],[-89.336898,38.741471],[-89.334981,38.741492],[-89.334543,38.741495],[-89.333758,38.741501],[-89.332861,38.741507],[-89.330173,38.741527],[-89.329277,38.741535],[-89.32917,38.741535],[-89.328848,38.741538],[-89.328742,38.741539],[-89.328463,38.74154],[-89.327628,38.741545],[-89.32735,38.741548],[-89.326444,38.741554],[-89.323726,38.741572],[-89.32282,38.741578],[-89.322201,38.741582],[-89.320347,38.741594],[-89.31973,38.741599],[-89.318787,38.741605],[-89.316419,38.741621],[-89.315958,38.741626],[-89.315016,38.741639],[-89.314497,38.741645],[-89.31294,38.741665],[-89.312422,38.741673],[-89.310207,38.741702],[-89.309215,38.741715],[-89.303563,38.741789],[-89.301349,38.741818],[-89.301282,38.741818],[-89.301083,38.74182],[-89.301017,38.741822],[-89.300458,38.741829],[-89.298782,38.74185],[-89.298224,38.741858],[-89.297876,38.741863],[-89.2971,38.741866],[-89.293728,38.741881],[-89.292604,38.741887],[-89.292409,38.741888],[-89.291827,38.74189],[-89.291633,38.741892],[-89.290794,38.74189],[-89.288279,38.741884],[-89.287441,38.741882],[-89.2867,38.741884],[-89.28611,38.741885],[-89.284479,38.741889],[-89.283739,38.741892],[-89.283433,38.741897],[-89.282516,38.741912],[-89.282211,38.741918],[-89.281978,38.741921],[-89.28128,38.741931],[-89.281048,38.741935],[-89.280801,38.741936],[-89.280064,38.741942],[-89.279818,38.741944],[-89.279571,38.741945],[-89.27883,38.74195],[-89.278584,38.741953],[-89.278384,38.741957],[-89.277784,38.741968],[-89.277585,38.741973],[-89.277135,38.741969],[-89.277057,38.741969],[-89.275785,38.74198],[-89.275336,38.741985],[-89.27505,38.741982],[-89.274619,38.741978],[-89.274195,38.741987],[-89.273967,38.741992],[-89.27391,38.741993],[-89.273852,38.741993],[-89.273738,38.741992],[-89.273411,38.74199],[-89.273234,38.741991],[-89.273007,38.741992],[-89.272699,38.741995],[-89.272232,38.741998],[-89.271383,38.742002],[-89.269113,38.742012],[-89.267987,38.742018],[-89.267685,38.742019],[-89.26759,38.74202],[-89.267475,38.742019],[-89.26735,38.74202],[-89.267213,38.742021],[-89.267116,38.742021],[-89.264234,38.741996],[-89.259913,38.741957],[-89.256936,38.741931],[-89.254416,38.741909],[-89.254235,38.741906],[-89.254185,38.741907],[-89.254185,38.742018],[-89.254185,38.742039],[-89.254188,38.742632],[-89.254194,38.744446],[-89.254203,38.746636],[-89.254214,38.748842],[-89.254216,38.749323],[-89.254214,38.749351],[-89.254221,38.750094],[-89.254234,38.750868],[-89.254251,38.751835],[-89.254268,38.752819],[-89.25429,38.754093],[-89.254311,38.755354],[-89.254327,38.756268],[-89.254418,38.764058],[-89.254459,38.767672],[-89.254484,38.769851],[-89.254503,38.771509],[-89.254534,38.774308],[-89.254596,38.779729],[-89.254669,38.786092],[-89.254728,38.789914],[-89.25478,38.793375],[-89.254772,38.793399],[-89.254783,38.793698],[-89.254792,38.795229],[-89.254798,38.795614],[-89.254798,38.796074],[-89.25481,38.796609],[-89.254818,38.797375],[-89.25484,38.798708],[-89.254844,38.798748],[-89.254852,38.799145],[-89.254851,38.799957],[-89.254859,38.800695],[-89.25487,38.801204],[-89.254866,38.801588],[-89.254875,38.801968],[-89.254887,38.803574],[-89.254899,38.804347],[-89.254899,38.804721],[-89.254906,38.805251],[-89.254924,38.805793],[-89.254942,38.807095],[-89.254949,38.807333],[-89.254953,38.807475],[-89.254966,38.807716],[-89.255012,38.81137],[-89.255013,38.81149],[-89.255024,38.811871],[-89.255032,38.813018],[-89.255026,38.813476],[-89.255026,38.814318],[-89.255017,38.814999],[-89.255019,38.815502],[-89.255049,38.816711],[-89.255049,38.817094],[-89.255058,38.817476],[-89.255074,38.818921],[-89.255116,38.820296],[-89.255132,38.821063],[-89.255148,38.821521],[-89.25517,38.822669],[-89.255195,38.823437],[-89.2552,38.823821],[-89.255249,38.82558],[-89.255273,38.826653],[-89.255311,38.829734],[-89.255313,38.830634],[-89.255327,38.831554],[-89.255328,38.831938],[-89.255337,38.832476],[-89.255335,38.833392],[-89.25535,38.834311],[-89.255355,38.835155],[-89.255363,38.835385],[-89.255354,38.835918],[-89.255357,38.836115],[-89.25537,38.83683],[-89.255379,38.836998],[-89.25539,38.83721],[-89.255397,38.837663],[-89.255396,38.837888],[-89.255448,38.838426],[-89.255486,38.839801],[-89.255485,38.840717],[-89.255501,38.841863],[-89.25555,38.844235],[-89.255549,38.844306],[-89.255549,38.844365],[-89.255571,38.845836],[-89.255575,38.84645],[-89.255625,38.848514],[-89.255634,38.849278],[-89.25565,38.849584],[-89.255662,38.850272],[-89.255662,38.850412],[-89.255664,38.850875],[-89.255673,38.851211],[-89.255678,38.851408],[-89.255691,38.851538],[-89.255664,38.851878],[-89.255763,38.858969],[-89.255766,38.859227],[-89.255873,38.868782],[-89.255888,38.869636],[-89.255933,38.87386],[-89.255953,38.875062],[-89.256082,38.880307],[-89.256148,38.883082],[-89.256253,38.887364],[-89.256271,38.888102],[-89.256277,38.888375],[-89.25629,38.888908],[-89.256326,38.890389],[-89.256343,38.891193],[-89.256359,38.891949],[-89.256507,38.898765],[-89.256557,38.90275],[-89.256624,38.906692],[-89.256678,38.912078],[-89.256706,38.916253],[-89.256708,38.916525],[-89.256711,38.917176],[-89.256714,38.917403],[-89.256729,38.920829],[-89.256743,38.923078],[-89.256766,38.926475],[-89.256775,38.927249],[-89.256847,38.927623],[-89.256829,38.928213],[-89.25683,38.929056],[-89.256838,38.929326],[-89.256846,38.929588],[-89.256856,38.930098],[-89.256867,38.930586],[-89.256885,38.931121],[-89.256891,38.931661],[-89.256892,38.931786],[-89.256892,38.931799],[-89.256893,38.931875],[-89.256894,38.932005],[-89.256911,38.932532],[-89.25692,38.933144],[-89.256919,38.9338],[-89.256919,38.933942],[-89.256919,38.933992],[-89.256924,38.934139],[-89.256916,38.934217],[-89.256925,38.934286],[-89.256925,38.934587],[-89.25692,38.934739],[-89.25693,38.935273],[-89.256949,38.935582],[-89.256949,38.936034],[-89.256979,38.937138],[-89.256985,38.937371],[-89.256986,38.937394],[-89.256983,38.937546],[-89.25699,38.937847],[-89.256995,38.938686],[-89.256986,38.939223],[-89.257003,38.940604],[-89.257017,38.941139],[-89.257012,38.941523],[-89.257013,38.94198],[-89.257022,38.942208],[-89.257021,38.94228],[-89.257016,38.942644],[-89.257012,38.942963],[-89.257026,38.94319],[-89.25704,38.944098],[-89.257027,38.944479],[-89.257037,38.944858],[-89.257041,38.945699],[-89.257049,38.94615],[-89.257052,38.946316],[-89.257059,38.946432],[-89.257069,38.946607],[-89.257073,38.947286],[-89.257101,38.949201],[-89.257098,38.949659],[-89.257114,38.950272],[-89.257123,38.952113],[-89.257117,38.952348],[-89.257115,38.952405],[-89.257129,38.953609],[-89.257148,38.954292],[-89.257171,38.954897],[-89.257185,38.955737],[-89.257191,38.956119],[-89.257193,38.956969],[-89.257173,38.957355],[-89.257178,38.957659],[-89.257167,38.958989],[-89.257167,38.959021],[-89.25716,38.959407],[-89.257163,38.959555],[-89.257171,38.959873],[-89.257154,38.960922],[-89.257169,38.961842],[-89.257169,38.96237],[-89.257169,38.962545],[-89.257169,38.962983],[-89.257176,38.963443],[-89.25717,38.9639],[-89.257178,38.964514],[-89.25717,38.96505],[-89.257178,38.965585],[-89.257178,38.966434],[-89.257168,38.966741],[-89.257171,38.966924],[-89.257172,38.966983],[-89.257176,38.967187],[-89.257175,38.968091],[-89.257172,38.968623],[-89.257206,38.970518],[-89.257196,38.971327],[-89.257196,38.971971],[-89.257186,38.972544],[-89.257234,38.973982],[-89.257215,38.974156],[-89.257215,38.974168],[-89.257213,38.974248],[-89.257216,38.974788],[-89.25722,38.97562],[-89.257459,38.988575],[-89.257463,38.991098],[-89.25743,38.993685],[-89.257417,38.995127],[-89.257382,38.997446],[-89.25736,38.99917],[-89.255061,38.99918],[-89.250428,38.99919],[-89.250305,38.999191],[-89.250322,39.002755],[-89.25034,39.006479],[-89.250311,39.0086],[-89.250238,39.028184],[-89.250309,39.028185],[-89.250444,39.028187],[-89.259597,39.028282],[-89.269005,39.02838],[-89.275599,39.02833],[-89.278469,39.028298],[-89.278501,39.028286],[-89.278544,39.028297],[-89.278735,39.028294],[-89.278787,39.028298],[-89.280253,39.028272],[-89.281408,39.028268],[-89.28299,39.028248],[-89.283047,39.028248],[-89.284567,39.028257],[-89.286876,39.028246],[-89.286985,39.028246],[-89.287028,39.028246],[-89.287148,39.028247],[-89.287163,39.028247],[-89.287186,39.028247],[-89.287646,39.028248],[-89.2877,39.028248],[-89.287764,39.028248],[-89.287782,39.028248],[-89.289466,39.028244],[-89.289478,39.028244],[-89.293038,39.028236],[-89.296126,39.028221],[-89.296735,39.028228],[-89.296821,39.028228],[-89.296903,39.028228],[-89.297508,39.028229],[-89.298279,39.028219],[-89.299019,39.028218],[-89.300263,39.028216],[-89.300278,39.028218],[-89.30098,39.028217],[-89.301026,39.028217],[-89.301051,39.028217],[-89.301065,39.028217],[-89.301086,39.028216],[-89.301451,39.028213],[-89.301751,39.028211],[-89.302136,39.028201],[-89.302522,39.028196],[-89.302678,39.028197],[-89.302696,39.028197],[-89.302739,39.028197],[-89.302909,39.028197],[-89.303399,39.028193],[-89.303414,39.028193],[-89.303442,39.028193],[-89.303495,39.028192],[-89.303511,39.028192],[-89.303683,39.028191],[-89.303755,39.028191],[-89.303777,39.028191],[-89.305228,39.028189],[-89.305417,39.028188],[-89.305455,39.028187],[-89.305489,39.028187],[-89.306777,39.028177],[-89.309091,39.028168],[-89.310625,39.028148],[-89.311006,39.028149],[-89.311109,39.028152],[-89.311159,39.028153],[-89.311172,39.028155],[-89.316016,39.02809],[-89.31843,39.028067],[-89.320165,39.028046],[-89.324718,39.027998],[-89.328289,39.027971],[-89.339519,39.027886],[-89.340982,39.027874],[-89.341452,39.027858],[-89.341757,39.02786],[-89.343387,39.027853],[-89.343482,39.027853],[-89.343783,39.027852],[-89.343889,39.027851],[-89.343922,39.027851],[-89.34431,39.027844],[-89.348931,39.027814],[-89.35047,39.027795],[-89.353714,39.027777],[-89.35641,39.027753],[-89.357947,39.027747],[-89.358329,39.027741],[-89.359099,39.027739],[-89.35965,39.027732],[-89.359666,39.027732],[-89.359869,39.027729],[-89.361793,39.027724],[-89.361945,39.027724],[-89.36495,39.027729],[-89.367106,39.027752],[-89.367346,39.027741],[-89.367372,39.02774],[-89.36772,39.027725],[-89.368103,39.02772],[-89.368565,39.027726],[-89.368833,39.02773],[-89.368958,39.027732],[-89.369106,39.027729],[-89.370263,39.027735],[-89.371806,39.027752],[-89.373344,39.027758],[-89.375078,39.027774],[-89.375506,39.027778],[-89.375536,39.027778],[-89.375649,39.027779],[-89.3757,39.02778],[-89.377039,39.027792],[-89.378192,39.02779],[-89.378757,39.027793],[-89.378776,39.027793],[-89.380118,39.0278],[-89.382039,39.027807],[-89.383964,39.027825],[-89.385504,39.027823],[-89.386272,39.027817],[-89.387781,39.027821],[-89.387985,39.027821],[-89.388196,39.027821],[-89.388518,39.027818],[-89.388533,39.02782],[-89.388579,39.027818],[-89.38917,39.027824],[-89.389345,39.027826],[-89.38972,39.027826],[-89.390681,39.027827],[-89.391648,39.027829],[-89.392413,39.027822],[-89.393191,39.027827],[-89.393578,39.027824],[-89.393967,39.027828],[-89.394357,39.027837],[-89.394745,39.02784],[-89.395906,39.027837],[-89.396677,39.027848],[-89.397061,39.027858],[-89.397447,39.027862],[-89.398218,39.027861],[-89.3988,39.02785],[-89.39882,39.02785],[-89.400439,39.027822],[-89.401208,39.0278],[-89.403137,39.027772],[-89.404287,39.027766],[-89.406217,39.027742],[-89.407235,39.027737],[-89.407261,39.027737],[-89.407373,39.027736],[-89.40866,39.027717],[-89.408674,39.027717],[-89.408696,39.027717],[-89.40871,39.027717],[-89.408723,39.027717],[-89.409296,39.027709],[-89.409681,39.027707],[-89.412815,39.027672],[-89.413529,39.027664],[-89.413602,39.027663],[-89.413624,39.027663],[-89.413638,39.027663],[-89.417606,39.027632],[-89.418148,39.027636],[-89.421606,39.027638],[-89.424601,39.02765],[-89.424619,39.02765],[-89.425049,39.027652],[-89.425438,39.027651],[-89.42562,39.027651],[-89.425656,39.027651],[-89.425669,39.027651],[-89.425822,39.02765],[-89.426316,39.027653],[-89.426357,39.027653],[-89.426388,39.027653],[-89.426411,39.027653],[-89.426429,39.027653],[-89.426443,39.027653],[-89.426985,39.027658],[-89.427606,39.02766],[-89.427674,39.02766],[-89.427704,39.02766],[-89.428154,39.027661],[-89.42825,39.027663],[-89.428292,39.027664],[-89.428308,39.027664],[-89.428542,39.027668],[-89.428652,39.027669],[-89.429316,39.027675],[-89.430087,39.027672],[-89.431241,39.027688],[-89.432393,39.027686],[-89.433325,39.027697],[-89.433361,39.027697],[-89.433936,39.027704],[-89.434591,39.027706],[-89.434619,39.027706],[-89.43586,39.027713],[-89.437394,39.027728],[-89.440476,39.027731],[-89.441057,39.027726],[-89.441248,39.027724],[-89.442781,39.027717],[-89.443023,39.02772],[-89.443166,39.027722],[-89.443335,39.027721],[-89.443354,39.027721],[-89.443398,39.02772],[-89.444323,39.027714],[-89.445751,39.027716],[-89.445792,39.027716],[-89.44632,39.027715],[-89.447733,39.027714],[-89.448404,39.027713],[-89.449559,39.027717],[-89.45033,39.027711],[-89.451485,39.027714],[-89.452639,39.027712],[-89.454349,39.027714],[-89.454371,39.027714],[-89.454442,39.027714],[-89.454946,39.027715],[-89.455235,39.027718],[-89.455254,39.027718],[-89.455274,39.027718],[-89.45529,39.027718],[-89.455361,39.027719],[-89.455718,39.027722],[-89.456034,39.027722],[-89.456083,39.027722],[-89.457256,39.027723],[-89.458284,39.027732],[-89.458314,39.027732],[-89.458333,39.027732],[-89.458353,39.027733],[-89.458408,39.027733],[-89.458934,39.027734],[-89.459036,39.027734],[-89.459215,39.027734],[-89.461107,39.027737],[-89.461333,39.027739],[-89.461348,39.027739],[-89.461515,39.02774],[-89.461539,39.02774],[-89.461878,39.027743],[-89.464569,39.027747],[-89.466108,39.027758],[-89.466935,39.027767],[-89.466948,39.027767],[-89.466994,39.027768],[-89.46702,39.027768],[-89.467123,39.027769],[-89.467166,39.027769],[-89.46728,39.02777],[-89.468032,39.027777],[-89.468222,39.027777],[-89.46827,39.027777],[-89.468534,39.027778],[-89.46855,39.027778],[-89.468631,39.027778],[-89.468742,39.027779],[-89.468769,39.027779],[-89.470333,39.027783],[-89.470348,39.027783],[-89.470371,39.027783],[-89.470427,39.027783],[-89.471498,39.027785],[-89.471759,39.027783],[-89.47191,39.027782],[-89.472581,39.027776],[-89.472655,39.027775],[-89.473348,39.02777],[-89.473379,39.027769],[-89.473428,39.027768],[-89.474492,39.027777],[-89.474658,39.027774],[-89.474743,39.027774],[-89.4759,39.02778],[-89.475919,39.02778],[-89.476052,39.02778],[-89.477044,39.027786],[-89.477123,39.027787],[-89.47808,39.027795],[-89.478124,39.027795],[-89.479219,39.027805],[-89.481154,39.027822],[-89.482729,39.027835],[-89.483831,39.027844],[-89.484935,39.027854],[-89.487196,39.027874],[-89.487402,39.027875],[-89.487433,39.027875],[-89.48987,39.027893],[-89.489882,39.027893],[-89.490104,39.027894],[-89.490127,39.027894],[-89.492123,39.027908],[-89.49691,39.027941],[-89.497252,39.027946],[-89.49767,39.027951],[-89.497752,39.027955],[-89.497831,39.027959],[-89.497925,39.027967],[-89.4981,39.02797],[-89.498753,39.027972],[-89.501452,39.027979],[-89.506476,39.028043],[-89.50906,39.028076],[-89.510774,39.028079],[-89.513377,39.028091],[-89.51534,39.0281],[-89.515892,39.0281],[-89.516085,39.028097],[-89.516226,39.028098],[-89.516245,39.028098],[-89.516291,39.028112],[-89.516506,39.028111],[-89.516653,39.028112],[-89.516876,39.028114],[-89.517617,39.02812],[-89.517648,39.02812],[-89.517854,39.028122],[-89.519014,39.02812],[-89.519027,39.02812],[-89.519376,39.02812],[-89.519406,39.028119],[-89.519492,39.028118],[-89.519543,39.028119],[-89.51965,39.02812],[-89.519669,39.02812],[-89.519721,39.028121],[-89.519747,39.028121],[-89.519766,39.028121],[-89.519779,39.028121],[-89.520092,39.028124],[-89.520324,39.028132],[-89.520418,39.028139],[-89.520755,39.028163],[-89.521209,39.028165],[-89.521258,39.028165],[-89.521469,39.028166],[-89.521651,39.028168],[-89.524132,39.028201],[-89.524727,39.028209],[-89.524789,39.028217],[-89.524806,39.028219],[-89.524946,39.028217],[-89.525095,39.028215],[-89.525309,39.028217],[-89.525339,39.028217],[-89.525413,39.028213],[-89.525827,39.028216],[-89.525853,39.028216],[-89.526409,39.028213],[-89.526924,39.028211],[-89.526969,39.028211],[-89.526988,39.028211],[-89.52724,39.02812],[-89.528203,39.028129],[-89.529397,39.028139],[-89.529462,39.028211],[-89.532905,39.028238],[-89.534416,39.02825],[-89.538623,39.028233],[-89.538957,39.028237],[-89.539685,39.028239],[-89.541491,39.028267],[-89.548489,39.028358],[-89.550625,39.028349],[-89.561557,39.028309],[-89.563091,39.028306],[-89.567445,39.028295],[-89.573258,39.028303],[-89.575382,39.028306],[-89.577687,39.028252],[-89.57775,39.028269],[-89.577819,39.028281],[-89.57797,39.028293],[-89.578888,39.028319],[-89.579805,39.028338],[-89.580037,39.028347],[-89.580207,39.02836],[-89.580278,39.028366],[-89.580655,39.028317],[-89.581262,39.02832],[-89.586344,39.028329],[-89.58634,39.027698],[-89.586264,39.023544],[-89.586133,39.015343],[-89.586112,39.013832],[-89.586111,39.010745],[-89.586111,39.008041],[-89.586109,39.007723],[-89.586109,39.007464],[-89.586109,39.006832],[-89.586108,39.005783],[-89.586108,39.005383],[-89.586106,39.002901],[-89.586105,39.00077],[-89.586098,38.999718],[-89.586092,38.999456],[-89.59542,38.999389],[-89.598678,38.99937],[-89.614084,38.999307],[-89.614275,38.999306],[-89.614602,38.999304],[-89.615594,38.999298],[-89.615646,38.999297],[-89.618846,38.999225],[-89.620404,38.999213],[-89.621963,38.999202],[-89.623521,38.999191],[-89.626874,38.999182],[-89.628773,38.999173],[-89.62898,38.999172],[-89.629866,38.99917],[-89.630286,38.999168],[-89.632792,38.99916],[-89.636399,38.999148],[-89.636638,38.999147],[-89.636803,38.999162],[-89.639265,38.999129],[-89.639267,38.998987],[-89.639154,38.996608],[-89.63904,38.992925],[-89.639063,38.992781],[-89.639082,38.992501],[-89.639084,38.992016],[-89.639045,38.990239],[-89.639042,38.989257],[-89.639039,38.988096],[-89.639015,38.986779],[-89.638999,38.986264],[-89.638977,38.986011],[-89.638946,38.985799],[-89.638899,38.985569],[-89.638897,38.985559],[-89.638867,38.985428],[-89.638837,38.985245],[-89.638827,38.985126],[-89.63882,38.984952],[-89.638705,38.978416],[-89.638703,38.977372],[-89.638684,38.976691],[-89.638683,38.976647],[-89.638669,38.97615],[-89.638647,38.975805],[-89.638751,38.975384],[-89.638762,38.975358],[-89.638755,38.975046],[-89.638754,38.974568],[-89.63873,38.974514],[-89.6387,38.974429],[-89.638678,38.97434],[-89.638652,38.974133],[-89.638643,38.97386],[-89.638639,38.972778],[-89.638639,38.972765],[-89.638709,38.963144],[-89.638645,38.960385],[-89.638597,38.957917],[-89.638469,38.9514],[-89.638452,38.950518],[-89.638469,38.95049],[-89.638484,38.95044],[-89.638488,38.950426],[-89.638493,38.95031],[-89.638491,38.950216],[-89.638454,38.948494],[-89.638379,38.947126],[-89.638216,38.940769],[-89.638025,38.933242],[-89.638024,38.933231],[-89.637993,38.93272],[-89.637992,38.932707],[-89.637938,38.93182],[-89.637842,38.930551],[-89.637599,38.927053],[-89.637523,38.925873],[-89.637136,38.919907],[-89.637049,38.918364],[-89.637763,38.918354],[-89.637831,38.918353],[-89.637931,38.918352],[-89.637615,38.90375],[-89.637515,38.900426],[-89.637346,38.894755],[-89.63717,38.888814],[-89.637137,38.887263],[-89.637015,38.881537],[-89.637011,38.8776],[-89.636976,38.87556],[-89.636977,38.875391],[-89.636972,38.875146],[-89.636967,38.875059],[-89.636967,38.875049],[-89.636978,38.874668],[-89.636941,38.87452],[-89.636897,38.874362],[-89.636888,38.874329],[-89.636874,38.874278],[-89.635292,38.874299],[-89.633432,38.874327],[-89.631638,38.874349],[-89.628953,38.874397],[-89.628777,38.874391],[-89.628615,38.874368],[-89.628489,38.874338],[-89.628341,38.874293],[-89.628122,38.874227],[-89.628078,38.874217],[-89.627914,38.874179],[-89.627777,38.874155],[-89.627698,38.874146],[-89.627558,38.874137],[-89.627549,38.874241],[-89.627532,38.874311],[-89.627506,38.874349],[-89.627464,38.874383],[-89.627418,38.874399],[-89.62397,38.874405],[-89.621147,38.874421],[-89.617835,38.874421],[-89.617681,38.874421],[-89.614707,38.874429],[-89.612259,38.874445],[-89.612235,38.874445],[-89.612199,38.874445],[-89.612149,38.874445],[-89.61212,38.874445],[-89.612102,38.874445],[-89.611363,38.874451],[-89.61094,38.874452],[-89.610928,38.874452],[-89.610885,38.874452],[-89.610692,38.874453],[-89.610453,38.874454],[-89.610407,38.874454],[-89.610375,38.874454],[-89.610356,38.874454],[-89.608324,38.874458],[-89.608281,38.874458],[-89.608253,38.874458],[-89.608235,38.874458],[-89.604827,38.874491],[-89.604592,38.874493],[-89.604296,38.874496],[-89.604207,38.874497],[-89.604189,38.874497],[-89.604161,38.874498],[-89.604118,38.874498],[-89.604087,38.874498],[-89.602771,38.87451],[-89.599593,38.87453],[-89.59959,38.874502],[-89.599589,38.87443],[-89.599589,38.874419],[-89.599586,38.874076],[-89.599581,38.873626],[-89.599581,38.873605],[-89.599581,38.873584],[-89.599578,38.873397],[-89.599577,38.873355],[-89.599531,38.870583],[-89.599517,38.86879],[-89.599516,38.86868],[-89.599516,38.868649],[-89.599433,38.860708],[-89.599432,38.860588],[-89.599425,38.859915],[-89.599401,38.856987],[-89.5994,38.856914],[-89.5994,38.856882],[-89.5994,38.85685],[-89.599394,38.856058],[-89.59936,38.851714],[-89.599353,38.851201],[-89.599335,38.849986],[-89.599312,38.846224],[-89.599312,38.846176],[-89.599311,38.846146],[-89.599311,38.84612],[-89.599309,38.845744],[-89.599309,38.845725],[-89.599306,38.845246],[-89.599306,38.845217],[-89.599301,38.844692],[-89.599301,38.844669],[-89.599295,38.843837],[-89.599273,38.841883],[-89.599273,38.84187],[-89.599272,38.841771],[-89.599237,38.838773],[-89.599228,38.83788],[-89.599225,38.837605],[-89.599198,38.835006],[-89.599198,38.834979],[-89.599198,38.834965],[-89.599177,38.832971],[-89.599177,38.832941],[-89.599176,38.832921],[-89.599176,38.832904],[-89.599176,38.83287],[-89.599169,38.832174],[-89.599123,38.830529],[-89.599105,38.829866],[-89.599103,38.829747],[-89.599094,38.829149],[-89.599094,38.829127],[-89.599085,38.828574],[-89.599085,38.828562],[-89.599085,38.828552],[-89.599032,38.825159],[-89.599017,38.822922],[-89.598993,38.820447],[-89.59899,38.820342],[-89.59899,38.820324],[-89.59899,38.820308],[-89.59899,38.820294],[-89.598978,38.819627],[-89.598949,38.818104],[-89.598895,38.816186],[-89.598883,38.815857],[-89.598882,38.815838],[-89.598881,38.815822],[-89.59888,38.815802],[-89.59882,38.814058],[-89.598766,38.810505],[-89.598713,38.808094],[-89.598713,38.808081],[-89.598709,38.807877],[-89.5987,38.807462],[-89.598701,38.806869],[-89.598701,38.806858],[-89.598702,38.806685],[-89.598702,38.806645],[-89.598703,38.806357],[-89.598697,38.806062],[-89.598696,38.806048],[-89.598695,38.806023],[-89.598695,38.806013],[-89.598694,38.805989],[-89.598648,38.80482],[-89.598613,38.803363],[-89.598611,38.80329],[-89.59861,38.803245],[-89.59861,38.803227],[-89.598602,38.802857],[-89.598587,38.802178],[-89.598581,38.801888],[-89.598565,38.800791],[-89.59856,38.800239],[-89.598558,38.800137],[-89.598551,38.79977],[-89.598551,38.799759],[-89.59855,38.79973],[-89.59855,38.799709],[-89.598527,38.798449],[-89.598344,38.790997],[-89.59833,38.790439],[-89.598262,38.786977],[-89.598262,38.786965],[-89.59824,38.785874],[-89.59824,38.785859],[-89.598208,38.78419],[-89.598208,38.784173],[-89.598206,38.784096],[-89.598202,38.78395],[-89.598196,38.78371],[-89.598194,38.783625],[-89.598191,38.783507],[-89.598187,38.783332],[-89.598187,38.783309],[-89.598189,38.783153],[-89.598184,38.78287],[-89.598182,38.782727],[-89.598165,38.781765],[-89.598164,38.781684],[-89.598158,38.781359],[-89.598156,38.781292],[-89.598155,38.781251],[-89.598159,38.781233],[-89.598155,38.781219],[-89.598152,38.781093],[-89.598145,38.780733],[-89.598124,38.779724],[-89.598116,38.778983],[-89.598108,38.778722],[-89.598089,38.778059],[-89.598076,38.777603],[-89.598063,38.777139],[-89.598062,38.777119],[-89.598059,38.777009],[-89.598055,38.776864],[-89.59805,38.776618],[-89.598036,38.775957],[-89.598032,38.775766],[-89.598029,38.775634],[-89.598021,38.775234],[-89.598018,38.775076],[-89.598014,38.774853],[-89.597996,38.773923],[-89.597994,38.773852],[-89.597991,38.773717],[-89.597986,38.773499],[-89.597986,38.773482],[-89.597958,38.772317],[-89.597937,38.771413],[-89.597926,38.770952],[-89.597906,38.769633],[-89.597807,38.765134],[-89.597804,38.765023],[-89.597708,38.760606],[-89.597707,38.760572],[-89.597646,38.757818],[-89.597646,38.757802],[-89.597578,38.754748],[-89.597486,38.750199],[-89.597437,38.748185],[-89.597327,38.743645],[-89.597321,38.743236]]]},"properties":{"ID":4,"DISTRICT":"4","DISTRICTN":4}}
]}