{"type":"FeatureCollection", "features": [
{"type":"Feature","geometry":{"type":"Polygon","coordinates":[[[-89.084629,42.150746],[-89.08467,42.152644],[-89.084796,42.158341],[-89.084837,42.160159],[-89.084839,42.16024],[-89.084932,42.160213],[-89.085072,42.160188],[-89.085214,42.160168],[-89.085309,42.160167],[-89.085356,42.160163],[-89.085548,42.160169],[-89.085686,42.160197],[-89.085777,42.16022],[-89.085949,42.16029],[-89.085994,42.160288],[-89.086046,42.160286],[-89.086093,42.160292],[-89.086139,42.160304],[-89.086292,42.16039],[-89.086326,42.160416],[-89.08635,42.16045],[-89.086493,42.160472],[-89.086975,42.16048],[-89.087022,42.160488],[-89.087151,42.160536],[-89.087267,42.160599],[-89.087507,42.160774],[-89.087539,42.160801],[-89.087594,42.160858],[-89.087631,42.160924],[-89.087653,42.160993],[-89.087676,42.161098],[-89.087676,42.161205],[-89.087669,42.16124],[-89.087549,42.161351],[-89.087528,42.161376],[-89.08749,42.161467],[-89.087483,42.161524],[-89.087471,42.161601],[-89.087463,42.161631],[-89.087455,42.16165],[-89.087434,42.161667],[-89.087437,42.161646],[-89.087436,42.161604],[-89.087204,42.161606],[-89.086258,42.161614],[-89.086085,42.161614],[-89.086084,42.163326],[-89.086085,42.163843],[-89.086227,42.163841],[-89.086638,42.16384],[-89.086638,42.165233],[-89.086639,42.168039],[-89.086419,42.167982],[-89.086401,42.167978],[-89.086401,42.16826],[-89.0864,42.16888],[-89.087059,42.168869],[-89.087135,42.168577],[-89.087228,42.168218],[-89.087417,42.168277],[-89.087568,42.168323],[-89.087368,42.169142],[-89.086935,42.170916],[-89.086788,42.171509],[-89.086594,42.172416],[-89.0865,42.173067],[-89.086464,42.173432],[-89.086436,42.173868],[-89.086424,42.174374],[-89.086443,42.175833],[-89.086451,42.176408],[-89.086287,42.176237],[-89.08629,42.176352],[-89.0863,42.176697],[-89.086304,42.176813],[-89.086304,42.17684],[-89.086305,42.176923],[-89.086306,42.176951],[-89.086306,42.176973],[-89.086306,42.177042],[-89.086307,42.177065],[-89.086295,42.177459],[-89.086279,42.177817],[-89.086269,42.178047],[-89.086254,42.180074],[-89.086254,42.180205],[-89.08626,42.180827],[-89.086497,42.180762],[-89.086499,42.181047],[-89.086501,42.181354],[-89.0865,42.181391],[-89.086266,42.181443],[-89.086132,42.181472],[-89.086133,42.181661],[-89.08614,42.183681],[-89.083291,42.183679],[-89.083292,42.1834],[-89.083013,42.183435],[-89.081679,42.18364],[-89.078694,42.184098],[-89.078277,42.184161],[-89.077795,42.184637],[-89.077152,42.18491],[-89.077161,42.187113],[-89.076444,42.187118],[-89.076309,42.187118],[-89.076227,42.187118],[-89.075993,42.187119],[-89.075907,42.18712],[-89.075773,42.187122],[-89.075524,42.187123],[-89.075324,42.187124],[-89.075131,42.187125],[-89.075133,42.1872],[-89.075144,42.187626],[-89.075441,42.187626],[-89.075735,42.187628],[-89.075994,42.187623],[-89.076455,42.18762],[-89.076454,42.187209],[-89.076979,42.187206],[-89.077107,42.187205],[-89.077566,42.187202],[-89.077574,42.187613],[-89.078321,42.187609],[-89.078318,42.187198],[-89.078421,42.187195],[-89.079022,42.187193],[-89.079582,42.18719],[-89.079593,42.187476],[-89.079586,42.187602],[-89.080624,42.187603],[-89.081453,42.187591],[-89.081465,42.189639],[-89.085061,42.189618],[-89.085018,42.187159],[-89.085521,42.190538],[-89.085394,42.190552],[-89.081751,42.190675],[-89.081751,42.190785],[-89.081769,42.191504],[-89.081824,42.193662],[-89.081843,42.194382],[-89.080319,42.194389],[-89.078347,42.194399],[-89.077113,42.194406],[-89.076952,42.194407],[-89.075747,42.19441],[-89.074625,42.194413],[-89.074621,42.192622],[-89.074377,42.19262],[-89.074134,42.192618],[-89.074134,42.191962],[-89.072912,42.19195],[-89.072785,42.191947],[-89.072802,42.191695],[-89.072802,42.19167],[-89.072393,42.191667],[-89.072245,42.191667],[-89.071924,42.191667],[-89.071691,42.191666],[-89.070698,42.191661],[-89.070661,42.191661],[-89.07062,42.191661],[-89.070607,42.190845],[-89.069605,42.190831],[-89.069578,42.190831],[-89.068542,42.190817],[-89.067839,42.190808],[-89.067146,42.190804],[-89.067152,42.19372],[-89.068019,42.193723],[-89.068036,42.194433],[-89.068296,42.194433],[-89.068249,42.192972],[-89.069585,42.19297],[-89.069571,42.194428],[-89.069541,42.194429],[-89.069052,42.194431],[-89.068811,42.194432],[-89.068683,42.194432],[-89.068681,42.194523],[-89.068685,42.19512],[-89.068694,42.195265],[-89.068695,42.195671],[-89.068512,42.195675],[-89.068013,42.195673],[-89.068017,42.19625],[-89.067901,42.196262],[-89.067163,42.196256],[-89.067166,42.196623],[-89.067177,42.19805],[-89.071626,42.198024],[-89.071643,42.20079],[-89.067198,42.200788],[-89.067199,42.200948],[-89.067222,42.204483],[-89.065596,42.20449],[-89.058604,42.20452],[-89.057448,42.204525],[-89.057227,42.204526],[-89.05723,42.205111],[-89.057232,42.205319],[-89.057233,42.205421],[-89.057236,42.205656],[-89.056676,42.205658],[-89.056573,42.205705],[-89.056464,42.205752],[-89.05647,42.206081],[-89.056114,42.206166],[-89.055759,42.20624],[-89.055339,42.206261],[-89.055129,42.20627],[-89.054488,42.206159],[-89.05438,42.20614],[-89.053637,42.206013],[-89.05336,42.205965],[-89.052806,42.20587],[-89.052573,42.205831],[-89.052469,42.205838],[-89.052084,42.205863],[-89.051795,42.205883],[-89.051715,42.205909],[-89.051384,42.206016],[-89.051289,42.20606],[-89.051194,42.206103],[-89.050761,42.206246],[-89.050095,42.206466],[-89.048395,42.206782],[-89.048393,42.206308],[-89.0484,42.206223],[-89.048406,42.206143],[-89.048393,42.205637],[-89.048011,42.205685],[-89.047293,42.205773],[-89.047084,42.20528],[-89.047004,42.205298],[-89.0469,42.205327],[-89.046812,42.205351],[-89.04664,42.205399],[-89.04655,42.205417],[-89.046474,42.205433],[-89.046462,42.205435],[-89.046296,42.205457],[-89.046273,42.205458],[-89.04609,42.205469],[-89.045882,42.205464],[-89.045706,42.205445],[-89.045519,42.205414],[-89.045323,42.205364],[-89.045302,42.205356],[-89.045137,42.205299],[-89.044986,42.20524],[-89.045005,42.205146],[-89.045105,42.2047],[-89.045065,42.202987],[-89.044494,42.202996],[-89.044383,42.202957],[-89.044271,42.202917],[-89.043718,42.202923],[-89.043704,42.202465],[-89.04376,42.202382],[-89.043758,42.2023],[-89.043749,42.201856],[-89.044424,42.201843],[-89.044556,42.201842],[-89.047987,42.201782],[-89.047981,42.201517],[-89.04798,42.201284],[-89.047928,42.199029],[-89.047866,42.196152],[-89.047833,42.194577],[-89.04783,42.194467],[-89.046576,42.194483],[-89.046579,42.194593],[-89.046611,42.195959],[-89.045525,42.195973],[-89.045462,42.195974],[-89.043761,42.19599],[-89.042992,42.196006],[-89.043006,42.196375],[-89.043002,42.196457],[-89.043108,42.201486],[-89.043116,42.201866],[-89.039851,42.201923],[-89.039841,42.201952],[-89.039538,42.201955],[-89.038884,42.201963],[-89.038001,42.201963],[-89.035355,42.201967],[-89.034473,42.201969],[-89.034242,42.201976],[-89.03355,42.202001],[-89.03332,42.20201],[-89.033323,42.202239],[-89.033333,42.202926],[-89.033337,42.203156],[-89.033339,42.203348],[-89.033346,42.203871],[-89.033346,42.203924],[-89.033349,42.204117],[-89.03335,42.204247],[-89.033355,42.204555],[-89.033356,42.204638],[-89.033358,42.204769],[-89.03336,42.204945],[-89.033366,42.205473],[-89.033369,42.20565],[-89.033378,42.206376],[-89.033407,42.208555],[-89.033417,42.209282],[-89.032932,42.209291],[-89.031477,42.209319],[-89.030993,42.209329],[-89.030664,42.209335],[-89.029676,42.209353],[-89.029348,42.20936],[-89.028784,42.20937],[-89.028465,42.209377],[-89.027094,42.209394],[-89.026531,42.209401],[-89.025893,42.209409],[-89.024223,42.20943],[-89.023981,42.209433],[-89.023344,42.209441],[-89.023148,42.209444],[-89.023152,42.209653],[-89.023021,42.209625],[-89.021721,42.209648],[-89.021012,42.209648],[-89.021019,42.210266],[-89.021036,42.21196],[-89.018654,42.211977],[-89.018636,42.211331],[-89.018635,42.211292],[-89.015311,42.211353],[-89.013674,42.211383],[-89.012914,42.211429],[-89.012932,42.211489],[-89.012975,42.211639],[-89.013296,42.212677],[-89.013453,42.213183],[-89.014223,42.215804],[-89.01453,42.216848],[-89.015183,42.216838],[-89.016522,42.216819],[-89.017144,42.216812],[-89.017322,42.216811],[-89.017556,42.216808],[-89.017529,42.215767],[-89.017508,42.214973],[-89.017506,42.214915],[-89.017504,42.214573],[-89.017473,42.213675],[-89.017461,42.213209],[-89.017724,42.213205],[-89.018686,42.213191],[-89.018731,42.21484],[-89.018736,42.215014],[-89.01877,42.216793],[-89.018838,42.217558],[-89.018884,42.218835],[-89.017887,42.218856],[-89.017134,42.218859],[-89.017137,42.219119],[-89.017145,42.219556],[-89.017091,42.219539],[-89.016322,42.219294],[-89.015993,42.219057],[-89.015807,42.218925],[-89.015319,42.21893],[-89.01247,42.218962],[-89.012482,42.219818],[-89.012469,42.219818],[-89.012477,42.220109],[-89.012479,42.220287],[-89.012503,42.221511],[-89.012551,42.223885],[-89.012529,42.224118],[-89.012034,42.224123],[-89.012005,42.224123],[-89.01219,42.221756],[-89.012171,42.220286],[-89.011757,42.220286],[-89.011507,42.220283],[-89.011262,42.220287],[-89.011227,42.220287],[-89.011124,42.220289],[-89.01109,42.22029],[-89.011002,42.220289],[-89.010741,42.220289],[-89.010654,42.220289],[-89.009795,42.220286],[-89.007225,42.220278],[-89.00636,42.220286],[-89.006107,42.220281],[-89.005908,42.22028],[-89.004553,42.220277],[-89.004102,42.220276],[-89.003179,42.220273],[-89.001399,42.220269],[-89.00041,42.220267],[-88.999487,42.220267],[-88.999383,42.220266],[-88.999071,42.220266],[-88.998968,42.220266],[-88.998929,42.220266],[-88.998815,42.220266],[-88.998777,42.220266],[-88.998778,42.220423],[-88.998781,42.221016],[-88.998794,42.223269],[-88.998799,42.22402],[-88.998799,42.22407],[-88.998799,42.224219],[-88.9988,42.22427],[-88.9988,42.224337],[-88.998802,42.224541],[-88.998803,42.224609],[-88.998805,42.224855],[-88.998811,42.225593],[-88.998813,42.22584],[-88.998821,42.226787],[-88.998822,42.226922],[-88.998823,42.227067],[-88.998823,42.22711],[-88.998824,42.227239],[-88.998825,42.227282],[-88.998825,42.22735],[-88.998827,42.227555],[-88.998828,42.227624],[-88.998828,42.227702],[-88.99883,42.227937],[-88.998831,42.228016],[-88.998831,42.228084],[-88.998832,42.228167],[-88.998833,42.228289],[-88.998834,42.228358],[-88.998834,42.22848],[-89.003857,42.229233],[-89.003879,42.230742],[-89.003908,42.232809],[-89.003931,42.234437],[-89.003937,42.234828],[-89.003956,42.236198],[-89.003961,42.236472],[-89.003961,42.236486],[-89.003964,42.236746],[-89.003965,42.2368],[-89.003968,42.23702],[-89.003972,42.237321],[-89.003975,42.237521],[-89.003977,42.237623],[-89.003978,42.237713],[-89.003979,42.237804],[-89.003986,42.238375],[-89.003784,42.238378],[-89.003312,42.238383],[-89.001169,42.2384],[-89.001073,42.2384],[-89.001039,42.236494],[-88.999055,42.236512],[-88.999369,42.238025],[-88.999452,42.238422],[-88.999463,42.238477],[-88.999476,42.238534],[-88.999535,42.238839],[-88.999602,42.239187],[-88.999734,42.239866],[-88.999715,42.240279],[-88.999677,42.241169],[-88.999648,42.241834],[-88.99965,42.242364],[-88.999656,42.243953],[-88.999659,42.244484],[-88.999908,42.244513],[-89.000656,42.244602],[-89.000906,42.244632],[-89.000884,42.2453],[-89.000848,42.246422],[-89.00087,42.246547],[-88.999833,42.246556],[-88.999666,42.246551],[-88.999666,42.246485],[-88.999665,42.246363],[-88.998207,42.246362],[-88.998205,42.245805],[-88.99669,42.245827],[-88.996676,42.244135],[-88.995496,42.243997],[-88.995317,42.243975],[-88.99485,42.243921],[-88.994802,42.243915],[-88.994659,42.243898],[-88.994612,42.243893],[-88.994284,42.243854],[-88.994286,42.245739],[-88.994286,42.24586],[-88.98865,42.245938],[-88.988267,42.245943],[-88.986532,42.245968],[-88.985788,42.245983],[-88.98497,42.245989],[-88.984967,42.248135],[-88.984968,42.248888],[-88.984969,42.248933],[-88.984969,42.249406],[-88.98497,42.249473],[-88.984971,42.252114],[-88.984191,42.252576],[-88.984247,42.252631],[-88.984331,42.252746],[-88.984972,42.252542],[-88.984973,42.253259],[-88.98497,42.253547],[-88.984969,42.253756],[-88.984969,42.254082],[-88.983886,42.254096],[-88.983888,42.253273],[-88.982605,42.253289],[-88.982146,42.253296],[-88.98207,42.253297],[-88.981842,42.253299],[-88.981766,42.253301],[-88.981426,42.253305],[-88.980406,42.253318],[-88.980067,42.253323],[-88.980067,42.253436],[-88.980065,42.254098],[-88.980061,42.256423],[-88.98006,42.257199],[-88.980059,42.257297],[-88.980059,42.257595],[-88.980059,42.257694],[-88.980058,42.257809],[-88.980428,42.25781],[-88.98122,42.25765],[-88.981325,42.257602],[-88.98127,42.25752],[-88.981261,42.257509],[-88.981195,42.257368],[-88.981141,42.25725],[-88.980943,42.257216],[-88.98095,42.257175],[-88.98104,42.256596],[-88.983163,42.256588],[-88.983349,42.256594],[-88.984113,42.25662],[-88.98441,42.256578],[-88.984965,42.25658],[-88.984964,42.257448],[-88.984964,42.257682],[-88.984962,42.258773],[-88.984962,42.259819],[-88.984962,42.260546],[-88.984354,42.260548],[-88.983411,42.260563],[-88.982673,42.260568],[-88.982075,42.260579],[-88.980053,42.260606],[-88.980053,42.260909],[-88.980053,42.260992],[-88.980053,42.261241],[-88.980053,42.261324],[-88.980052,42.261388],[-88.980052,42.261581],[-88.980052,42.261646],[-88.980051,42.262063],[-88.98005,42.262629],[-88.980048,42.263315],[-88.980048,42.263733],[-88.980047,42.264088],[-88.980045,42.265153],[-88.980045,42.265509],[-88.980044,42.265611],[-88.980044,42.265917],[-88.980044,42.26602],[-88.978867,42.26602],[-88.975336,42.26602],[-88.975218,42.26602],[-88.975208,42.26581],[-88.975209,42.264167],[-88.975209,42.264071],[-88.974183,42.263768],[-88.973911,42.263688],[-88.973484,42.263567],[-88.973324,42.263521],[-88.971036,42.262873],[-88.970274,42.262658],[-88.970274,42.262686],[-88.970274,42.26277],[-88.970274,42.262799],[-88.970186,42.262777],[-88.970137,42.262765],[-88.970127,42.263247],[-88.970122,42.263809],[-88.970123,42.264686],[-88.970122,42.266191],[-88.970119,42.267443],[-88.970118,42.267813],[-88.970117,42.26802],[-88.970118,42.268055],[-88.969601,42.268064],[-88.96951,42.268066],[-88.968916,42.268076],[-88.968567,42.268082],[-88.968049,42.26809],[-88.964959,42.268143],[-88.964681,42.268148],[-88.96427,42.268155],[-88.960489,42.268224],[-88.960485,42.269941],[-88.960484,42.270726],[-88.960078,42.270726],[-88.95893,42.270726],[-88.95893,42.270809],[-88.958932,42.271761],[-88.958932,42.271862],[-88.958868,42.271871],[-88.958465,42.271924],[-88.958305,42.271944],[-88.957824,42.272006],[-88.957665,42.272027],[-88.957228,42.272082],[-88.9566,42.272163],[-88.95656,42.272168],[-88.956562,42.272059],[-88.956586,42.268286],[-88.948862,42.268423],[-88.948735,42.268425],[-88.948723,42.272313],[-88.948718,42.273057],[-88.948718,42.273166],[-88.946493,42.273462],[-88.944348,42.273742],[-88.944148,42.273768],[-88.943692,42.273828],[-88.943551,42.273848],[-88.943538,42.27385],[-88.943537,42.274019],[-88.943537,42.274457],[-88.944499,42.277075],[-88.944619,42.277438],[-88.94487,42.278189],[-88.945123,42.27895],[-88.945316,42.279514],[-88.946459,42.282702],[-88.946456,42.282976],[-88.950637,42.282906],[-88.952174,42.282884],[-88.952161,42.284383],[-88.952151,42.285472],[-88.952128,42.288741],[-88.952127,42.288853],[-88.952144,42.288852],[-88.953329,42.288835],[-88.953818,42.288829],[-88.953819,42.289111],[-88.953819,42.289371],[-88.953815,42.28968],[-88.953815,42.289806],[-88.953814,42.290055],[-88.953817,42.290145],[-88.953819,42.29024],[-88.955367,42.290213],[-88.955617,42.29021],[-88.956289,42.2902],[-88.956767,42.290193],[-88.958822,42.290163],[-88.960426,42.290138],[-88.960426,42.29005],[-88.960536,42.290048],[-88.960555,42.290048],[-88.960549,42.289595],[-88.960427,42.289599],[-88.959512,42.289602],[-88.959524,42.288631],[-88.960429,42.288633],[-88.960552,42.288633],[-88.960557,42.286674],[-88.960557,42.286455],[-88.960435,42.28645],[-88.957248,42.286466],[-88.957247,42.285274],[-88.957255,42.284395],[-88.960439,42.28439],[-88.960439,42.284678],[-88.962263,42.284659],[-88.964667,42.284628],[-88.964931,42.284624],[-88.964924,42.288527],[-88.964922,42.289978],[-88.964923,42.290784],[-88.964927,42.293202],[-88.964927,42.29335],[-88.964928,42.293733],[-88.964655,42.293736],[-88.960429,42.293776],[-88.960432,42.295555],[-88.964228,42.295534],[-88.964652,42.295534],[-88.964922,42.295534],[-88.964917,42.296115],[-88.964872,42.300826],[-88.964857,42.302436],[-88.964838,42.304543],[-88.964562,42.304545],[-88.964506,42.310254],[-88.964491,42.311904],[-88.963888,42.311918],[-88.963834,42.311803],[-88.963638,42.311829],[-88.963386,42.311855],[-88.962811,42.311881],[-88.960789,42.311903],[-88.960044,42.311903],[-88.955333,42.311956],[-88.953356,42.311978],[-88.950018,42.312015],[-88.948737,42.312029],[-88.947426,42.312044],[-88.94545,42.312067],[-88.944438,42.312078],[-88.942907,42.312095],[-88.94172,42.312125],[-88.94143,42.312139],[-88.940912,42.312228],[-88.940512,42.312358],[-88.940508,42.312604],[-88.940503,42.313187],[-88.940483,42.315549],[-88.94048,42.315988],[-88.940472,42.316427],[-88.940464,42.316866],[-88.940423,42.316866],[-88.940414,42.318364],[-88.940415,42.318686],[-88.940583,42.319529],[-88.940602,42.319624],[-88.94042,42.31966],[-88.940387,42.319664],[-88.939558,42.319759],[-88.939686,42.322053],[-88.939704,42.322375],[-88.939416,42.322411],[-88.938473,42.322956],[-88.937766,42.323572],[-88.937218,42.323999],[-88.936577,42.324502],[-88.935832,42.324852],[-88.934936,42.32518],[-88.934473,42.325614],[-88.934153,42.326069],[-88.934143,42.326439],[-88.933823,42.326734],[-88.931789,42.32676],[-88.931501,42.326763],[-88.930647,42.326772],[-88.930637,42.329438],[-88.927849,42.329436],[-88.927843,42.328777],[-88.926096,42.328764],[-88.926096,42.328476],[-88.925459,42.328486],[-88.925301,42.328489],[-88.924652,42.328484],[-88.924652,42.32681],[-88.924526,42.326811],[-88.923831,42.326818],[-88.923499,42.326822],[-88.922378,42.326833],[-88.921142,42.32685],[-88.91999,42.326865],[-88.92012,42.333314],[-88.920174,42.335928],[-88.921131,42.335925],[-88.926658,42.335925],[-88.93062,42.335912],[-88.930672,42.334058],[-88.940242,42.333713],[-88.940241,42.333481],[-88.940238,42.332788],[-88.940238,42.332557],[-88.940237,42.332507],[-88.940237,42.332357],[-88.940237,42.332307],[-88.940236,42.331975],[-88.940233,42.330981],[-88.940232,42.33065],[-88.940229,42.329851],[-88.94022,42.327458],[-88.940218,42.32666],[-88.940849,42.326653],[-88.942743,42.326636],[-88.943375,42.326631],[-88.945172,42.326614],[-88.945191,42.325266],[-88.950264,42.325248],[-88.950254,42.325712],[-88.950223,42.326474],[-88.950218,42.326567],[-88.950261,42.32854],[-88.950062,42.330011],[-88.950064,42.331452],[-88.950064,42.331697],[-88.950065,42.332436],[-88.950066,42.332682],[-88.950066,42.333809],[-88.950073,42.335114],[-88.950081,42.33719],[-88.950086,42.338318],[-88.950982,42.338313],[-88.951948,42.338309],[-88.951953,42.339065],[-88.950985,42.339074],[-88.950089,42.339083],[-88.950093,42.340188],[-88.950098,42.34109],[-88.95012,42.343138],[-88.950195,42.34349],[-88.950183,42.344604],[-88.950914,42.344646],[-88.951397,42.344675],[-88.953109,42.344729],[-88.953841,42.344753],[-88.954944,42.34479],[-88.955196,42.344799],[-88.956754,42.344853],[-88.957424,42.34487],[-88.957665,42.34487],[-88.958055,42.344855],[-88.958255,42.344841],[-88.958301,42.344838],[-88.958544,42.344808],[-88.959242,42.344683],[-88.959345,42.344662],[-88.959345,42.344708],[-88.959348,42.344849],[-88.959349,42.344896],[-88.959353,42.344928],[-88.959366,42.345027],[-88.959371,42.34506],[-88.959503,42.345946],[-88.959899,42.348606],[-88.960032,42.349493],[-88.960038,42.349532],[-88.960058,42.349651],[-88.960065,42.349691],[-88.960068,42.349707],[-88.959386,42.349599],[-88.957293,42.34927],[-88.956596,42.349161],[-88.956473,42.34918],[-88.956425,42.349192],[-88.95617,42.349258],[-88.956059,42.34934],[-88.956013,42.349448],[-88.955963,42.34957],[-88.955933,42.349599],[-88.955889,42.349642],[-88.955723,42.349709],[-88.955371,42.34985],[-88.95512,42.34991],[-88.954846,42.349894],[-88.954711,42.349842],[-88.954646,42.349818],[-88.95438,42.349565],[-88.954312,42.349433],[-88.954365,42.349362],[-88.954542,42.349219],[-88.954571,42.349132],[-88.954127,42.348835],[-88.954061,42.348835],[-88.953876,42.349022],[-88.953765,42.349049],[-88.95361,42.349027],[-88.953418,42.34889],[-88.953306,42.348846],[-88.9529,42.348874],[-88.951906,42.348785],[-88.95179,42.348775],[-88.951382,42.348874],[-88.951183,42.348857],[-88.950667,42.348642],[-88.950671,42.349361],[-88.950685,42.349725],[-88.950817,42.352972],[-88.950862,42.354055],[-88.950892,42.354715],[-88.950907,42.355015],[-88.952589,42.354997],[-88.953251,42.354991],[-88.953971,42.355026],[-88.955718,42.355113],[-88.955819,42.355118],[-88.955829,42.355432],[-88.955853,42.356153],[-88.955877,42.356678],[-88.955882,42.356788],[-88.955904,42.357282],[-88.956046,42.360409],[-88.946524,42.360409],[-88.946524,42.362024],[-88.945817,42.362018],[-88.945817,42.359601],[-88.94529,42.359269],[-88.944064,42.359269],[-88.941158,42.361096],[-88.941223,42.361168],[-88.941408,42.3614],[-88.941493,42.361519],[-88.941767,42.361986],[-88.941875,42.362171],[-88.942311,42.362917],[-88.944082,42.366008],[-88.944739,42.367153],[-88.94481,42.367292],[-88.944934,42.367569],[-88.945026,42.367815],[-88.945038,42.367856],[-88.945589,42.369599],[-88.945773,42.37018],[-88.946898,42.370164],[-88.949642,42.370125],[-88.950273,42.370119],[-88.951399,42.370109],[-88.951574,42.370107],[-88.952342,42.3701],[-88.953352,42.37009],[-88.95435,42.370081],[-88.955171,42.370075],[-88.9559,42.370071],[-88.956115,42.37007],[-88.956926,42.370064],[-88.958428,42.370054],[-88.959154,42.370046],[-88.959359,42.370045],[-88.96017,42.370038],[-88.960271,42.370037],[-88.961155,42.370031],[-88.964113,42.370013],[-88.964703,42.37001],[-88.965099,42.370008],[-88.965379,42.370005],[-88.966221,42.37],[-88.966353,42.369998],[-88.966503,42.369996],[-88.967812,42.369986],[-88.970123,42.369978],[-88.970651,42.369973],[-88.970914,42.369971],[-88.972268,42.36996],[-88.973359,42.369952],[-88.974945,42.369939],[-88.977195,42.369903],[-88.977869,42.369901],[-88.978283,42.3699],[-88.978618,42.3699],[-88.979801,42.369897],[-88.981778,42.369882],[-88.983272,42.369875],[-88.984857,42.369868],[-88.986254,42.369844],[-88.986549,42.369826],[-88.986842,42.369795],[-88.987132,42.369751],[-88.987418,42.369695],[-88.987738,42.369615],[-88.988012,42.369531],[-88.988316,42.369422],[-88.988857,42.369192],[-88.989279,42.368973],[-88.989397,42.368908],[-88.992106,42.36744],[-88.992212,42.367386],[-88.992644,42.367179],[-88.993088,42.366986],[-88.993543,42.366808],[-88.993774,42.366725],[-88.994185,42.366588],[-88.994602,42.366463],[-88.995095,42.366341],[-88.995612,42.366239],[-88.996216,42.366133],[-88.996343,42.366117],[-88.996382,42.366112],[-88.996693,42.366078],[-88.997308,42.36602],[-88.997901,42.365993],[-88.99873,42.365981],[-88.999869,42.365972],[-89.000938,42.365942],[-89.001823,42.36593],[-89.003639,42.365907],[-89.003721,42.365905],[-89.00397,42.365902],[-89.004053,42.365902],[-89.004153,42.3659],[-89.00483,42.365892],[-89.007286,42.365867],[-89.007556,42.36586],[-89.007692,42.365857],[-89.008902,42.365829],[-89.00902,42.365827],[-89.00911,42.365826],[-89.009648,42.365818],[-89.010956,42.365797],[-89.011167,42.365794],[-89.011397,42.365791],[-89.013172,42.36577],[-89.014051,42.365763],[-89.014436,42.365759],[-89.015427,42.36574],[-89.018403,42.365685],[-89.019395,42.365667],[-89.02003,42.365656],[-89.021346,42.365635],[-89.021938,42.365638],[-89.022471,42.365642],[-89.022574,42.36564],[-89.022504,42.361616],[-89.025001,42.361576],[-89.02903,42.361511],[-89.028989,42.35961],[-89.028987,42.359377],[-89.028775,42.359377],[-89.027755,42.359371],[-89.023612,42.359347],[-89.022231,42.35934],[-89.022213,42.358352],[-89.02216,42.355391],[-89.022151,42.354865],[-89.02169,42.354876],[-89.021315,42.354874],[-89.020192,42.354869],[-89.019818,42.354868],[-89.018972,42.354881],[-89.016433,42.354922],[-89.015588,42.354936],[-89.015416,42.354916],[-89.014902,42.354856],[-89.014731,42.354836],[-89.014732,42.354797],[-89.014735,42.35468],[-89.014736,42.354641],[-89.014741,42.354401],[-89.01476,42.353681],[-89.014766,42.353442],[-89.014773,42.353149],[-89.014797,42.352272],[-89.014805,42.35198],[-89.014822,42.35147],[-89.014846,42.350793],[-89.014891,42.350166],[-89.014914,42.349945],[-89.014969,42.349439],[-89.014997,42.349222],[-89.015029,42.34899],[-89.015101,42.348574],[-89.015139,42.348359],[-89.015204,42.348045],[-89.015231,42.34792],[-89.015427,42.347109],[-89.015442,42.34705],[-89.015515,42.346801],[-89.015545,42.346697],[-89.015636,42.346388],[-89.015667,42.346285],[-89.015782,42.345924],[-89.016234,42.344625],[-89.016789,42.343025],[-89.01701,42.343014],[-89.018928,42.342975],[-89.019783,42.342962],[-89.023835,42.342894],[-89.023848,42.343555],[-89.0263,42.343558],[-89.028696,42.34352],[-89.028678,42.342458],[-89.028755,42.342458],[-89.028839,42.342458],[-89.028966,42.342459],[-89.029047,42.34246],[-89.029238,42.342451],[-89.029348,42.342455],[-89.02943,42.342459],[-89.029475,42.342465],[-89.029494,42.34186],[-89.029957,42.341854],[-89.031831,42.341833],[-89.031835,42.340725],[-89.03182,42.340724],[-89.03161,42.340722],[-89.031421,42.340721],[-89.031572,42.339997],[-89.031601,42.33986],[-89.031812,42.339857],[-89.032791,42.339844],[-89.035451,42.339807],[-89.035524,42.339805],[-89.035746,42.339802],[-89.03582,42.339801],[-89.035812,42.339365],[-89.035805,42.338977],[-89.035762,42.336498],[-89.036248,42.336527],[-89.036251,42.336197],[-89.036419,42.336193],[-89.036923,42.336185],[-89.037092,42.336182],[-89.037132,42.336184],[-89.037296,42.336177],[-89.037348,42.336169],[-89.037436,42.336157],[-89.037572,42.336124],[-89.037702,42.33608],[-89.03793,42.335973],[-89.038065,42.335928],[-89.038077,42.335925],[-89.038187,42.3359],[-89.038331,42.335883],[-89.038323,42.335231],[-89.038299,42.333277],[-89.038291,42.332626],[-89.038289,42.328743],[-89.038285,42.328559],[-89.045859,42.328442],[-89.046123,42.328415],[-89.046116,42.328183],[-89.04611,42.328003],[-89.046109,42.327819],[-89.046108,42.327267],[-89.046108,42.327084],[-89.046102,42.326899],[-89.046084,42.326347],[-89.046079,42.326163],[-89.046079,42.326041],[-89.046083,42.325705],[-89.047972,42.325659],[-89.047983,42.326123],[-89.047995,42.326592],[-89.049944,42.326543],[-89.051755,42.326513],[-89.051985,42.32651],[-89.052934,42.326491],[-89.052899,42.326339],[-89.05289,42.326297],[-89.052874,42.326031],[-89.052837,42.326031],[-89.052725,42.326033],[-89.052689,42.326034],[-89.052783,42.32599],[-89.05285,42.32596],[-89.053084,42.326005],[-89.053187,42.326026],[-89.053276,42.326024],[-89.053543,42.326019],[-89.053633,42.326018],[-89.053624,42.325828],[-89.053613,42.325553],[-89.0536,42.325258],[-89.053592,42.325069],[-89.053924,42.325062],[-89.054924,42.325042],[-89.055257,42.325036],[-89.055259,42.325105],[-89.055266,42.325313],[-89.055269,42.325383],[-89.055582,42.325388],[-89.056132,42.325398],[-89.056332,42.325402],[-89.05643,42.325428],[-89.05645,42.325515],[-89.056521,42.325821],[-89.056585,42.325826],[-89.05675,42.325856],[-89.056817,42.325869],[-89.056757,42.326055],[-89.056682,42.326291],[-89.05702,42.326318],[-89.057215,42.326335],[-89.057029,42.326909],[-89.057016,42.326942],[-89.057012,42.326956],[-89.056982,42.327044],[-89.056971,42.327078],[-89.057039,42.327079],[-89.05716,42.327082],[-89.057243,42.327084],[-89.057312,42.327086],[-89.057896,42.327093],[-89.059934,42.327061],[-89.060574,42.327056],[-89.061082,42.327053],[-89.060927,42.327195],[-89.06078,42.32733],[-89.060651,42.327455],[-89.06049,42.327612],[-89.060322,42.327775],[-89.060179,42.327929],[-89.060061,42.32806],[-89.059994,42.328158],[-89.059855,42.328348],[-89.059706,42.328618],[-89.059583,42.328871],[-89.059494,42.32907],[-89.05943,42.329241],[-89.059368,42.329449],[-89.059308,42.329732],[-89.05928,42.329922],[-89.059257,42.33013],[-89.059238,42.330344],[-89.059237,42.330394],[-89.059235,42.330613],[-89.059241,42.330804],[-89.059256,42.330992],[-89.059282,42.33121],[-89.059305,42.331348],[-89.059347,42.331518],[-89.059394,42.33167],[-89.059497,42.332004],[-89.059604,42.332348],[-89.059648,42.332491],[-89.059705,42.332586],[-89.059836,42.332805],[-89.059986,42.333055],[-89.060083,42.333214],[-89.060374,42.333559],[-89.06066,42.333886],[-89.060745,42.333955],[-89.060941,42.334116],[-89.061023,42.334182],[-89.061141,42.334278],[-89.061254,42.334371],[-89.061352,42.334452],[-89.061468,42.334546],[-89.061551,42.33462],[-89.06166,42.334718],[-89.061771,42.334817],[-89.06189,42.334923],[-89.061986,42.335009],[-89.062051,42.335066],[-89.062095,42.335106],[-89.062147,42.335152],[-89.062275,42.335266],[-89.062368,42.335348],[-89.062497,42.33545],[-89.062621,42.335549],[-89.062786,42.335679],[-89.062912,42.335779],[-89.063036,42.335878],[-89.063164,42.335979],[-89.063376,42.336138],[-89.063508,42.336236],[-89.063678,42.336362],[-89.063791,42.336446],[-89.063944,42.33656],[-89.064017,42.336613],[-89.064114,42.336685],[-89.06421,42.336754],[-89.064337,42.336842],[-89.064481,42.336941],[-89.064532,42.336977],[-89.064641,42.337052],[-89.064752,42.337128],[-89.064885,42.33722],[-89.06498,42.337285],[-89.065075,42.337351],[-89.065202,42.337447],[-89.065312,42.337531],[-89.065378,42.337584],[-89.06545,42.337656],[-89.065528,42.337732],[-89.065665,42.33788],[-89.065804,42.338024],[-89.065853,42.338084],[-89.065944,42.338202],[-89.065994,42.338276],[-89.066044,42.338342],[-89.066091,42.338397],[-89.066123,42.338435],[-89.066157,42.338474],[-89.066185,42.338506],[-89.06622,42.338545],[-89.066258,42.338586],[-89.066309,42.33864],[-89.066825,42.338502],[-89.067312,42.338375],[-89.069303,42.337799],[-89.069693,42.337685],[-89.074153,42.336397],[-89.074284,42.33635],[-89.074497,42.336275],[-89.074809,42.336184],[-89.075014,42.336184],[-89.076787,42.336184],[-89.077336,42.336184],[-89.078111,42.336184],[-89.078086,42.335514],[-89.078078,42.335359],[-89.077958,42.332888],[-89.077918,42.332065],[-89.078301,42.332062],[-89.078605,42.33206],[-89.07945,42.332054],[-89.079834,42.332052],[-89.080347,42.332048],[-89.08177,42.332038],[-89.081885,42.332037],[-89.0824,42.332034],[-89.082906,42.33203],[-89.084318,42.332021],[-89.084424,42.33202],[-89.084749,42.332018],[-89.084931,42.332017],[-89.08614,42.332008],[-89.087613,42.331997],[-89.087661,42.336415],[-89.089911,42.336412],[-89.094467,42.336407],[-89.094464,42.335408],[-89.094683,42.335111],[-89.094951,42.334869],[-89.0955,42.334448],[-89.097117,42.334484],[-89.097117,42.334229],[-89.097114,42.332586],[-89.097114,42.332527],[-89.095893,42.332535],[-89.095886,42.331942],[-89.097113,42.331934],[-89.098199,42.331925],[-89.100839,42.331902],[-89.101457,42.331897],[-89.102543,42.331889],[-89.102784,42.331887],[-89.10345,42.331881],[-89.105048,42.331867],[-89.105061,42.333515],[-89.10691,42.3335],[-89.106919,42.334947],[-89.10827,42.334935],[-89.110395,42.334915],[-89.114206,42.33488],[-89.114711,42.334863],[-89.116229,42.334813],[-89.116735,42.334797],[-89.116734,42.334697],[-89.116731,42.334397],[-89.116731,42.334298],[-89.116727,42.334078],[-89.116716,42.333419],[-89.116713,42.3332],[-89.11671,42.333041],[-89.118203,42.333031],[-89.11833,42.333031],[-89.118319,42.332028],[-89.118317,42.331852],[-89.118314,42.331761],[-89.119231,42.331754],[-89.122528,42.331729],[-89.123628,42.331722],[-89.124181,42.331717],[-89.125839,42.331705],[-89.126393,42.331702],[-89.12805,42.331689],[-89.128481,42.331686],[-89.133024,42.331652],[-89.134682,42.33164],[-89.13499,42.331637],[-89.135916,42.33163],[-89.136225,42.331628],[-89.140113,42.331594],[-89.151779,42.331496],[-89.155668,42.331463],[-89.155661,42.330084],[-89.15564,42.325948],[-89.155633,42.32457],[-89.155562,42.324536],[-89.15535,42.324434],[-89.15528,42.324401],[-89.157111,42.324387],[-89.162603,42.324345],[-89.164435,42.324332],[-89.164857,42.324327],[-89.165908,42.324318],[-89.166126,42.324325],[-89.166549,42.324341],[-89.166709,42.324345],[-89.166779,42.325909],[-89.168024,42.326691],[-89.168091,42.32669],[-89.170846,42.326669],[-89.170861,42.324335],[-89.171148,42.324344],[-89.171383,42.324351],[-89.171892,42.324365],[-89.173419,42.324409],[-89.173929,42.324424],[-89.173922,42.323625],[-89.173915,42.322728],[-89.173907,42.321987],[-89.173899,42.321229],[-89.173892,42.320431],[-89.17389,42.320283],[-89.173888,42.320068],[-89.173886,42.319842],[-89.173885,42.319695],[-89.173879,42.319164],[-89.173864,42.317574],[-89.173859,42.317044],[-89.173855,42.316554],[-89.173843,42.315085],[-89.173839,42.314635],[-89.173839,42.314596],[-89.173837,42.314376],[-89.173831,42.313719],[-89.173829,42.3135],[-89.173828,42.313465],[-89.173828,42.313361],[-89.173828,42.313327],[-89.173824,42.312863],[-89.173823,42.312649],[-89.173813,42.311474],[-89.17381,42.311011],[-89.173809,42.310981],[-89.173809,42.310894],[-89.173809,42.310865],[-89.173805,42.31043],[-89.173795,42.309127],[-89.173792,42.308693],[-89.173787,42.308144],[-89.173775,42.306643],[-89.173978,42.306641],[-89.175139,42.305931],[-89.175122,42.305177],[-89.176663,42.305163],[-89.179203,42.305136],[-89.183377,42.305093],[-89.183403,42.305093],[-89.183678,42.305089],[-89.183828,42.305088],[-89.1845,42.305086],[-89.184499,42.304996],[-89.184495,42.304718],[-89.184483,42.303885],[-89.184479,42.303608],[-89.184476,42.303406],[-89.184475,42.303331],[-89.186393,42.303284],[-89.186379,42.302146],[-89.188994,42.30209],[-89.192821,42.302008],[-89.192835,42.3029],[-89.192972,42.302899],[-89.193241,42.302898],[-89.193258,42.30231],[-89.193264,42.302137],[-89.193264,42.301998],[-89.1938,42.301987],[-89.193802,42.302083],[-89.194162,42.302195],[-89.194164,42.301971],[-89.194175,42.300553],[-89.194184,42.299584],[-89.194192,42.299516],[-89.19421,42.299374],[-89.194212,42.299313],[-89.194216,42.299245],[-89.194207,42.298558],[-89.194202,42.298355],[-89.195274,42.298331],[-89.195273,42.298213],[-89.19527,42.298056],[-89.19423,42.29808],[-89.194231,42.297945],[-89.194014,42.29795],[-89.192002,42.29799],[-89.190121,42.298035],[-89.189871,42.29804],[-89.189516,42.298149],[-89.188428,42.298484],[-89.186508,42.298527],[-89.18615,42.298535],[-89.184406,42.298568],[-89.18429,42.298575],[-89.184287,42.298539],[-89.181828,42.297654],[-89.181563,42.295923],[-89.181243,42.295315],[-89.180831,42.294764],[-89.18065,42.294341],[-89.180609,42.293589],[-89.18062,42.2935],[-89.180632,42.293408],[-89.180621,42.291301],[-89.180588,42.291301],[-89.180451,42.286995],[-89.180445,42.286595],[-89.180443,42.286485],[-89.179631,42.285558],[-89.179512,42.285156],[-89.179509,42.283143],[-89.179509,42.283058],[-89.179506,42.28048],[-89.179599,42.28031],[-89.179861,42.280045],[-89.179862,42.280031],[-89.179877,42.279888],[-89.179878,42.279769],[-89.183232,42.279957],[-89.183409,42.279932],[-89.185991,42.280085],[-89.187002,42.280131],[-89.187888,42.280159],[-89.188052,42.280162],[-89.188035,42.278574],[-89.191717,42.278544],[-89.191747,42.277319],[-89.191222,42.276964],[-89.188928,42.275409],[-89.185897,42.273364],[-89.18302,42.271417],[-89.181418,42.270328],[-89.179442,42.269017],[-89.178832,42.268613],[-89.178481,42.26839],[-89.178006,42.268118],[-89.177521,42.267856],[-89.177168,42.267676],[-89.176787,42.26749],[-89.176397,42.267315],[-89.175997,42.26715],[-89.175532,42.266976],[-89.175057,42.266817],[-89.174581,42.266673],[-89.174098,42.266545],[-89.173668,42.266445],[-89.173607,42.266432],[-89.173055,42.266318],[-89.172777,42.266269],[-89.172576,42.266234],[-89.172041,42.266155],[-89.171777,42.266122],[-89.171125,42.266056],[-89.170432,42.266013],[-89.170255,42.266008],[-89.169971,42.266001],[-89.169804,42.265997],[-89.16941,42.265995],[-89.168456,42.266001],[-89.166955,42.266005],[-89.166869,42.266002],[-89.166077,42.265984],[-89.165426,42.265952],[-89.164853,42.265907],[-89.164148,42.265839],[-89.163688,42.265784],[-89.16297,42.265685],[-89.162416,42.265593],[-89.161711,42.265462],[-89.161119,42.265336],[-89.160539,42.265198],[-89.159907,42.265034],[-89.159355,42.264876],[-89.159312,42.264864],[-89.158824,42.264711],[-89.158187,42.264497],[-89.15761,42.264286],[-89.15701,42.26405],[-89.156961,42.264029],[-89.156463,42.263818],[-89.155912,42.26357],[-89.155676,42.263454],[-89.155166,42.263203],[-89.154638,42.262922],[-89.154338,42.262754],[-89.153807,42.26244],[-89.153387,42.26218],[-89.152728,42.26174],[-89.152192,42.261356],[-89.152074,42.261265],[-89.151789,42.261044],[-89.151455,42.260779],[-89.150983,42.260377],[-89.150953,42.260351],[-89.150941,42.26034],[-89.150819,42.260228],[-89.150779,42.260191],[-89.150423,42.259857],[-89.150405,42.25984],[-89.149743,42.259161],[-89.149474,42.25886],[-89.149416,42.258794],[-89.149146,42.258482],[-89.149099,42.258424],[-89.149073,42.258391],[-89.148995,42.258294],[-89.14897,42.258262],[-89.148832,42.258089],[-89.148597,42.25778],[-89.14844,42.257558],[-89.148313,42.257379],[-89.148256,42.257298],[-89.14822,42.257243],[-89.148449,42.257213],[-89.148942,42.257156],[-89.148936,42.257147],[-89.14795,42.255551],[-89.147844,42.255378],[-89.150268,42.255377],[-89.15024,42.251807],[-89.150271,42.248154],[-89.150275,42.2476],[-89.148834,42.247612],[-89.148848,42.244547],[-89.14885,42.244457],[-89.144543,42.244491],[-89.14453,42.244477],[-89.144253,42.244166],[-89.143882,42.243751],[-89.143759,42.243613],[-89.143551,42.243718],[-89.14307,42.243962],[-89.142933,42.243748],[-89.141728,42.243185],[-89.14162,42.243128],[-89.140632,42.242656],[-89.139897,42.24189],[-89.13971,42.241575],[-89.139392,42.241038],[-89.138921,42.240241],[-89.13857,42.239659],[-89.136559,42.236283],[-89.136104,42.235518],[-89.135322,42.234187],[-89.135139,42.233876],[-89.134992,42.233924],[-89.134741,42.234005],[-89.134629,42.234041],[-89.134511,42.234079],[-89.133606,42.232521],[-89.133258,42.231909],[-89.132921,42.231383],[-89.132458,42.230688],[-89.131911,42.230036],[-89.131426,42.229509],[-89.130648,42.228752],[-89.129806,42.228057],[-89.128774,42.227215],[-89.127469,42.226184],[-89.125684,42.224763],[-89.125305,42.224452],[-89.124171,42.223521],[-89.123793,42.223211],[-89.12356,42.223211],[-89.123087,42.223212],[-89.123083,42.222637],[-89.123081,42.222387],[-89.123078,42.221926],[-89.122374,42.221463],[-89.122141,42.22132],[-89.121877,42.221167],[-89.121644,42.221035],[-89.121376,42.220894],[-89.12131,42.220858],[-89.119631,42.220108],[-89.11819,42.219466],[-89.1171,42.219335],[-89.11678,42.219297],[-89.116261,42.219198],[-89.116027,42.219163],[-89.115856,42.219134],[-89.115855,42.218841],[-89.115851,42.21808],[-89.115847,42.217236],[-89.115843,42.216609],[-89.115836,42.215051],[-89.115833,42.214465],[-89.115828,42.213602],[-89.115968,42.2136],[-89.116044,42.213599],[-89.116188,42.2136],[-89.120786,42.213561],[-89.121292,42.213557],[-89.121476,42.213555],[-89.121476,42.213462],[-89.121476,42.213375],[-89.121482,42.213154],[-89.12148,42.212307],[-89.121479,42.2122],[-89.121396,42.212201],[-89.119142,42.212211],[-89.117113,42.212222],[-89.115195,42.212233],[-89.114665,42.212236],[-89.114498,42.212234],[-89.112935,42.212245],[-89.11266,42.212247],[-89.11223,42.212249],[-89.112235,42.212356],[-89.112239,42.213191],[-89.112248,42.213341],[-89.111579,42.213344],[-89.110625,42.213346],[-89.110613,42.212359],[-89.110503,42.212359],[-89.110063,42.21236],[-89.109898,42.21236],[-89.108824,42.212361],[-89.108851,42.213791],[-89.108859,42.214225],[-89.108747,42.214225],[-89.108659,42.214225],[-89.099943,42.214297],[-89.099802,42.214298],[-89.099759,42.210941],[-89.099756,42.210689],[-89.099755,42.21061],[-89.099754,42.210496],[-89.099747,42.210229],[-89.10307,42.21021],[-89.103336,42.210208],[-89.103591,42.210207],[-89.103512,42.207263],[-89.103519,42.206693],[-89.103519,42.20668],[-89.103518,42.206451],[-89.103518,42.206441],[-89.103506,42.206436],[-89.103464,42.206423],[-89.103421,42.206414],[-89.10338,42.20641],[-89.103342,42.206406],[-89.10332,42.206401],[-89.103302,42.206394],[-89.103271,42.206387],[-89.103255,42.206384],[-89.103238,42.206381],[-89.10322,42.206376],[-89.10318,42.206371],[-89.103159,42.206365],[-89.10314,42.20636],[-89.103121,42.206352],[-89.103106,42.206347],[-89.10309,42.206338],[-89.103093,42.205945],[-89.101705,42.206074],[-89.100086,42.20632],[-89.098946,42.206683],[-89.098052,42.207123],[-89.097573,42.20755],[-89.097396,42.207726],[-89.097357,42.207783],[-89.097323,42.207834],[-89.097281,42.207896],[-89.097272,42.207914],[-89.097245,42.207963],[-89.097222,42.208005],[-89.097208,42.208028],[-89.09719,42.208057],[-89.097166,42.208088],[-89.097141,42.208118],[-89.097124,42.208147],[-89.097108,42.208174],[-89.097099,42.208199],[-89.097072,42.208246],[-89.097054,42.208269],[-89.097038,42.208294],[-89.097022,42.208324],[-89.097002,42.208353],[-89.096988,42.20837],[-89.096966,42.2084],[-89.096948,42.208422],[-89.096932,42.208445],[-89.096919,42.208475],[-89.096911,42.208491],[-89.096896,42.208518],[-89.096879,42.208547],[-89.096871,42.208576],[-89.096869,42.208603],[-89.096865,42.208619],[-89.096846,42.208648],[-89.09683,42.208671],[-89.096804,42.208704],[-89.096796,42.208719],[-89.096784,42.208738],[-89.09677,42.208756],[-89.096757,42.208776],[-89.096755,42.208786],[-89.096746,42.208819],[-89.097286,42.208833],[-89.096833,42.209819],[-89.0969,42.209908],[-89.096926,42.210102],[-89.096764,42.210436],[-89.096745,42.210467],[-89.096732,42.2105],[-89.096511,42.211125],[-89.096498,42.211397],[-89.096584,42.211685],[-89.0966,42.211765],[-89.096616,42.211925],[-89.096552,42.212181],[-89.096424,42.212565],[-89.096356,42.212716],[-89.09633,42.212744],[-89.096318,42.21276],[-89.096302,42.212775],[-89.09629,42.21279],[-89.096276,42.212804],[-89.09626,42.212819],[-89.09624,42.212842],[-89.096222,42.212863],[-89.096209,42.21288],[-89.096195,42.212895],[-89.096179,42.212909],[-89.096161,42.212924],[-89.096145,42.212941],[-89.096124,42.212953],[-89.096103,42.212967],[-89.09608,42.212983],[-89.09606,42.212995],[-89.096038,42.213004],[-89.096019,42.213009],[-89.095997,42.213013],[-89.095977,42.213015],[-89.095635,42.21304],[-89.094982,42.213086],[-89.094896,42.212993],[-89.094824,42.212916],[-89.094783,42.212878],[-89.094737,42.212838],[-89.094608,42.21273],[-89.094464,42.212625],[-89.094335,42.212545],[-89.094195,42.212473],[-89.094128,42.21244],[-89.094073,42.212415],[-89.09395,42.212359],[-89.093859,42.212317],[-89.093739,42.212247],[-89.093671,42.212202],[-89.093574,42.212123],[-89.093438,42.211988],[-89.093354,42.211875],[-89.093324,42.211812],[-89.093257,42.211641],[-89.093186,42.211457],[-89.093127,42.211299],[-89.093111,42.211257],[-89.093091,42.21119],[-89.09308,42.211152],[-89.093058,42.211077],[-89.093029,42.210977],[-89.092999,42.210869],[-89.09295,42.210691],[-89.092925,42.210601],[-89.092888,42.210479],[-89.092839,42.210326],[-89.09281,42.210232],[-89.092794,42.210181],[-89.092774,42.210119],[-89.092736,42.210002],[-89.092708,42.209913],[-89.092687,42.209849],[-89.092669,42.209789],[-89.092639,42.209666],[-89.092619,42.209585],[-89.092585,42.209449],[-89.092555,42.209328],[-89.092531,42.20923],[-89.092513,42.209155],[-89.092497,42.209074],[-89.092478,42.208975],[-89.092448,42.208815],[-89.092442,42.208772],[-89.092433,42.208701],[-89.092422,42.20861],[-89.092408,42.208488],[-89.092399,42.208421],[-89.092398,42.208375],[-89.092396,42.208293],[-89.09239,42.208082],[-89.092389,42.208036],[-89.092401,42.207911],[-89.092403,42.207884],[-89.092415,42.207764],[-89.092421,42.207706],[-89.092424,42.20767],[-89.092446,42.20758],[-89.092463,42.207511],[-89.092476,42.207459],[-89.092502,42.207353],[-89.092505,42.207338],[-89.092512,42.20731],[-89.092522,42.207271],[-89.092539,42.207237],[-89.092583,42.20715],[-89.092636,42.207045],[-89.092662,42.206994],[-89.092706,42.206921],[-89.092756,42.206841],[-89.092802,42.206765],[-89.092827,42.206726],[-89.092879,42.206669],[-89.092962,42.206578],[-89.093048,42.206484],[-89.093091,42.206445],[-89.093159,42.206386],[-89.093252,42.206304],[-89.093315,42.20626],[-89.093408,42.206194],[-89.093533,42.206106],[-89.093567,42.206082],[-89.093669,42.206016],[-89.09377,42.205951],[-89.093828,42.205914],[-89.093926,42.205854],[-89.094052,42.205779],[-89.094126,42.205735],[-89.094199,42.205699],[-89.094285,42.205659],[-89.094324,42.20564],[-89.094453,42.20558],[-89.094509,42.205558],[-89.094601,42.205526],[-89.094721,42.205484],[-89.094909,42.20543],[-89.094985,42.205409],[-89.09504,42.205394],[-89.095152,42.205368],[-89.095322,42.205331],[-89.0956,42.20528],[-89.0957,42.205262],[-89.095751,42.205254],[-89.095827,42.205241],[-89.095853,42.205237],[-89.095987,42.205216],[-89.096099,42.205199],[-89.09615,42.205189],[-89.096249,42.205166],[-89.096289,42.205157],[-89.096346,42.205137],[-89.096472,42.205095],[-89.096578,42.20506],[-89.09668,42.205028],[-89.096759,42.205004],[-89.096829,42.204982],[-89.096885,42.20496],[-89.096966,42.204926],[-89.097052,42.204891],[-89.097132,42.204857],[-89.097204,42.204836],[-89.097254,42.20482],[-89.097345,42.204798],[-89.097413,42.20478],[-89.09748,42.204762],[-89.097546,42.204745],[-89.097615,42.204728],[-89.097693,42.204707],[-89.097822,42.20467],[-89.097873,42.204658],[-89.097953,42.204644],[-89.098022,42.204631],[-89.0981,42.204614],[-89.098215,42.204587],[-89.098279,42.204573],[-89.098409,42.204544],[-89.098523,42.204519],[-89.098625,42.204497],[-89.098723,42.204476],[-89.098813,42.204465],[-89.098899,42.204453],[-89.098979,42.204446],[-89.09908,42.204437],[-89.099136,42.204434],[-89.099217,42.204432],[-89.099316,42.204431],[-89.099399,42.20443],[-89.099495,42.204431],[-89.099619,42.204432],[-89.099679,42.204433],[-89.099841,42.204438],[-89.099888,42.204439],[-89.09999,42.204443],[-89.100155,42.204453],[-89.10026,42.20446],[-89.100319,42.204465],[-89.100447,42.204478],[-89.100642,42.204498],[-89.100786,42.204512],[-89.100931,42.204527],[-89.101105,42.204545],[-89.101182,42.204554],[-89.101344,42.204574],[-89.101459,42.204589],[-89.10156,42.2046],[-89.101652,42.20461],[-89.101744,42.20462],[-89.101938,42.204647],[-89.102129,42.204676],[-89.102263,42.204697],[-89.102417,42.204721],[-89.102521,42.204737],[-89.102693,42.20476],[-89.102795,42.204774],[-89.102909,42.20479],[-89.103052,42.204809],[-89.103122,42.204812],[-89.103189,42.204816],[-89.103327,42.204823],[-89.103391,42.204822],[-89.103538,42.204821],[-89.103676,42.204815],[-89.10379,42.204809],[-89.103939,42.204796],[-89.104039,42.204786],[-89.104108,42.204779],[-89.104159,42.204774],[-89.104275,42.204762],[-89.104391,42.204749],[-89.104546,42.204731],[-89.104654,42.204716],[-89.104778,42.204697],[-89.104894,42.204679],[-89.105011,42.204661],[-89.10515,42.204639],[-89.105592,42.204569],[-89.105795,42.204535],[-89.106017,42.204496],[-89.106192,42.204462],[-89.106359,42.204435],[-89.10655,42.204405],[-89.106939,42.204348],[-89.107241,42.204301],[-89.107343,42.204282],[-89.107416,42.204268],[-89.107486,42.204255],[-89.107725,42.204211],[-89.107765,42.204205],[-89.107969,42.204176],[-89.108109,42.204161],[-89.108195,42.204152],[-89.108319,42.204141],[-89.10837,42.204134],[-89.108451,42.204121],[-89.108513,42.204111],[-89.108595,42.204097],[-89.108696,42.20408],[-89.10875,42.204071],[-89.108797,42.204063],[-89.108882,42.20404],[-89.108926,42.204027],[-89.109233,42.203939],[-89.109302,42.20392],[-89.109408,42.203891],[-89.109516,42.203863],[-89.1097,42.20382],[-89.109981,42.203752],[-89.110023,42.203721],[-89.110138,42.203724],[-89.110207,42.203708],[-89.110342,42.203684],[-89.110455,42.203666],[-89.110558,42.203654],[-89.110718,42.203634],[-89.110866,42.203618],[-89.111096,42.203588],[-89.111279,42.203562],[-89.111427,42.203542],[-89.111584,42.203509],[-89.111723,42.203478],[-89.111892,42.203439],[-89.112076,42.203379],[-89.112218,42.203324],[-89.112341,42.203272],[-89.112431,42.20323],[-89.112579,42.203157],[-89.112776,42.203061],[-89.112884,42.203008],[-89.112978,42.202965],[-89.113078,42.202939],[-89.113227,42.202902],[-89.113379,42.202863],[-89.113466,42.202841],[-89.113541,42.202834],[-89.113791,42.202816],[-89.114112,42.202779],[-89.114368,42.202745],[-89.114429,42.202729],[-89.114597,42.202686],[-89.114708,42.202644],[-89.114866,42.20258],[-89.115101,42.20248],[-89.115306,42.202391],[-89.115442,42.202331],[-89.115661,42.202235],[-89.115909,42.202133],[-89.116122,42.202046],[-89.11632,42.201964],[-89.116526,42.201861],[-89.116699,42.201768],[-89.116871,42.201668],[-89.116975,42.201605],[-89.117092,42.201523],[-89.117271,42.201392],[-89.117476,42.201237],[-89.117732,42.201028],[-89.11812,42.200695],[-89.118305,42.200536],[-89.118482,42.200374],[-89.118602,42.200261],[-89.118701,42.200156],[-89.118954,42.199888],[-89.119107,42.199716],[-89.119222,42.199553],[-89.119406,42.199288],[-89.119542,42.19909],[-89.119687,42.198838],[-89.11979,42.198659],[-89.119882,42.198488],[-89.119953,42.198322],[-89.119997,42.198183],[-89.120033,42.198037],[-89.120075,42.197861],[-89.120111,42.197697],[-89.120125,42.197549],[-89.120133,42.197455],[-89.120146,42.19733],[-89.120166,42.197158],[-89.120186,42.196981],[-89.120212,42.196752],[-89.120233,42.196573],[-89.120246,42.196517],[-89.120281,42.196374],[-89.120313,42.196229],[-89.12033,42.196137],[-89.120352,42.196019],[-89.120384,42.195846],[-89.120444,42.195522],[-89.120507,42.195222],[-89.12059,42.194906],[-89.12066,42.19465],[-89.120704,42.19449],[-89.120744,42.194329],[-89.120786,42.194164],[-89.120863,42.193938],[-89.120918,42.193818],[-89.121009,42.193639],[-89.121039,42.193588],[-89.121107,42.193472],[-89.12118,42.193357],[-89.12125,42.193258],[-89.121315,42.193172],[-89.12142,42.193049],[-89.121547,42.1929],[-89.121734,42.192683],[-89.121885,42.192509],[-89.122087,42.192288],[-89.122225,42.192145],[-89.122325,42.192047],[-89.122459,42.191926],[-89.122564,42.191835],[-89.12264,42.191785],[-89.122754,42.191709],[-89.122922,42.191604],[-89.123084,42.191517],[-89.123222,42.191459],[-89.123336,42.191411],[-89.123649,42.191275],[-89.123971,42.191136],[-89.124272,42.191016],[-89.124457,42.190949],[-89.124734,42.190849],[-89.125022,42.190742],[-89.125216,42.190666],[-89.125299,42.190633],[-89.125396,42.190594],[-89.125553,42.19053],[-89.125706,42.190465],[-89.125872,42.190393],[-89.125988,42.190341],[-89.126098,42.190289],[-89.126229,42.190225],[-89.126319,42.190182],[-89.126481,42.190084],[-89.126636,42.189988],[-89.126778,42.189899],[-89.126936,42.189798],[-89.127076,42.18971],[-89.12726,42.189597],[-89.127389,42.189518],[-89.127536,42.18944],[-89.127636,42.189388],[-89.127708,42.189351],[-89.127861,42.189273],[-89.127965,42.189221],[-89.128056,42.189177],[-89.128171,42.189124],[-89.128351,42.189041],[-89.128404,42.189017],[-89.128467,42.188979],[-89.128599,42.188897],[-89.128703,42.188825],[-89.128722,42.18881],[-89.12878,42.188778],[-89.128799,42.188767],[-89.128825,42.188755],[-89.12892,42.188529],[-89.128983,42.188369],[-89.129023,42.188291],[-89.129069,42.188197],[-89.129122,42.188079],[-89.129181,42.187971],[-89.129235,42.187879],[-89.129292,42.187786],[-89.129361,42.187687],[-89.129421,42.187613],[-89.129502,42.187518],[-89.129579,42.187438],[-89.12966,42.187355],[-89.129734,42.187279],[-89.1298,42.187211],[-89.129883,42.187126],[-89.130078,42.186955],[-89.130266,42.186852],[-89.130722,42.186694],[-89.130943,42.186649],[-89.130995,42.186641],[-89.131077,42.186628],[-89.131444,42.186572],[-89.13174,42.18653],[-89.131914,42.186528],[-89.131801,42.186428],[-89.131713,42.18635],[-89.131687,42.186314],[-89.131649,42.186262],[-89.131617,42.186228],[-89.131562,42.186173],[-89.131418,42.185973],[-89.131364,42.185886],[-89.131278,42.185739],[-89.131185,42.185581],[-89.13114,42.185501],[-89.130992,42.185235],[-89.130931,42.185138],[-89.130866,42.185035],[-89.130942,42.185012],[-89.131074,42.18497],[-89.131198,42.184932],[-89.131214,42.184928],[-89.131326,42.184893],[-89.131785,42.184752],[-89.133623,42.184182],[-89.133899,42.184076],[-89.134203,42.183941],[-89.13446,42.183811],[-89.134741,42.18365],[-89.134876,42.183565],[-89.135107,42.183405],[-89.135325,42.183237],[-89.135526,42.183064],[-89.135714,42.182882],[-89.135888,42.182693],[-89.136158,42.182393],[-89.133089,42.179444],[-89.125543,42.172131],[-89.12485,42.171459],[-89.120946,42.167674],[-89.120893,42.167633],[-89.120776,42.167559],[-89.120704,42.167466],[-89.120496,42.167424],[-89.120847,42.167442],[-89.122033,42.166788],[-89.125176,42.165057],[-89.125303,42.16501],[-89.125421,42.164982],[-89.125562,42.164964],[-89.126695,42.164955],[-89.127595,42.164949],[-89.127888,42.164947],[-89.127879,42.163995],[-89.127872,42.163001],[-89.127864,42.162025],[-89.127857,42.161073],[-89.127849,42.160021],[-89.127842,42.159026],[-89.127836,42.158279],[-89.127836,42.158231],[-89.127831,42.157559],[-89.12791,42.15756],[-89.128531,42.15755],[-89.130232,42.157524],[-89.130132,42.150392],[-89.129904,42.150394],[-89.126338,42.150428],[-89.12503,42.150441],[-89.120451,42.150467],[-89.120217,42.150469],[-89.120063,42.15047],[-89.115568,42.150497],[-89.112955,42.150518],[-89.105801,42.150576],[-89.105778,42.150576],[-89.101854,42.150602],[-89.100966,42.150608],[-89.100605,42.15061],[-89.100076,42.150614],[-89.097408,42.150634],[-89.096604,42.15064],[-89.096519,42.150641],[-89.095662,42.150647],[-89.094827,42.150653],[-89.093093,42.150669],[-89.092231,42.150677],[-89.092155,42.150677],[-89.092055,42.150678],[-89.091912,42.150679],[-89.091831,42.150681],[-89.091647,42.150682],[-89.09039,42.150694],[-89.08631,42.150732],[-89.086069,42.150734],[-89.084629,42.150746]]]},"properties":{"ID":1,"DISTRICT":"1","DISTRICTN":1}},
{"type":"Feature","geometry":{"type":"Polygon","coordinates":[[[-89.084629,42.150746],[-89.083102,42.150758],[-89.078524,42.150795],[-89.077222,42.150806],[-89.076998,42.150812],[-89.076574,42.150803],[-89.072936,42.15083],[-89.066858,42.150877],[-89.061562,42.15093],[-89.06075,42.150933],[-89.05696,42.15095],[-89.056792,42.150951],[-89.056688,42.150952],[-89.056664,42.150952],[-89.056586,42.150953],[-89.056427,42.150954],[-89.055645,42.150962],[-89.055381,42.150965],[-89.055023,42.150969],[-89.054577,42.150974],[-89.05439,42.150963],[-89.054056,42.15095],[-89.05394,42.150949],[-89.05372,42.150949],[-89.053676,42.150953],[-89.053585,42.150986],[-89.049381,42.151035],[-89.04246,42.151116],[-89.036772,42.151182],[-89.032569,42.151232],[-89.030971,42.15125],[-89.02723,42.151292],[-89.026177,42.151305],[-89.02458,42.151324],[-89.024395,42.151342],[-89.023844,42.151399],[-89.023661,42.151419],[-89.023578,42.151417],[-89.023331,42.151414],[-89.023252,42.151414],[-89.023063,42.1514],[-89.022499,42.151362],[-89.022312,42.15135],[-89.021409,42.15136],[-89.0187,42.151391],[-89.017807,42.1514],[-89.016005,42.151424],[-89.010629,42.151489],[-89.008837,42.151512],[-89.008149,42.15152],[-89.008032,42.151521],[-89.006745,42.151537],[-89.00047,42.151613],[-88.998379,42.151639],[-88.994486,42.151708],[-88.98281,42.151918],[-88.978919,42.15199],[-88.978121,42.151991],[-88.977835,42.151992],[-88.977557,42.151992],[-88.977042,42.151994],[-88.975992,42.151995],[-88.975973,42.151996],[-88.974233,42.152001],[-88.967261,42.152016],[-88.964351,42.152022],[-88.964143,42.152024],[-88.963351,42.152034],[-88.960303,42.152068],[-88.959288,42.15208],[-88.958561,42.152089],[-88.957473,42.152102],[-88.952028,42.152168],[-88.95021,42.152191],[-88.948769,42.152208],[-88.944436,42.152262],[-88.943187,42.152278],[-88.94309,42.152279],[-88.942992,42.15228],[-88.942901,42.152281],[-88.942809,42.152282],[-88.94269,42.152283],[-88.941785,42.152294],[-88.941484,42.152298],[-88.941417,42.152299],[-88.941133,42.152302],[-88.940082,42.152315],[-88.939732,42.15232],[-88.938725,42.152335],[-88.929922,42.152406],[-88.925008,42.152446],[-88.920094,42.152486],[-88.910345,42.152564],[-88.90219,42.152667],[-88.902177,42.152667],[-88.900615,42.152679],[-88.898308,42.152721],[-88.890781,42.152788],[-88.887857,42.152819],[-88.885766,42.15284],[-88.881132,42.152889],[-88.87623,42.152935],[-88.875172,42.152938],[-88.869914,42.152989],[-88.868051,42.152998],[-88.866886,42.153004],[-88.861515,42.153046],[-88.860896,42.153047],[-88.858699,42.153071],[-88.851683,42.153134],[-88.847091,42.153163],[-88.840287,42.15322],[-88.838097,42.153274],[-88.837994,42.153277],[-88.837703,42.153279],[-88.833362,42.153331],[-88.832322,42.153344],[-88.831648,42.153348],[-88.831411,42.153352],[-88.828279,42.153382],[-88.822779,42.153393],[-88.822419,42.153391],[-88.817761,42.153412],[-88.81544,42.153399],[-88.814038,42.153411],[-88.812948,42.15342],[-88.809629,42.153401],[-88.80916,42.153398],[-88.804237,42.153451],[-88.80322,42.153469],[-88.802997,42.153473],[-88.802571,42.153475],[-88.79413,42.153512],[-88.793896,42.153512],[-88.793874,42.153512],[-88.793165,42.153512],[-88.793075,42.153512],[-88.783734,42.153513],[-88.782895,42.153516],[-88.776745,42.153507],[-88.774083,42.153501],[-88.77402,42.153501],[-88.771414,42.153501],[-88.769133,42.153501],[-88.768729,42.1535],[-88.762715,42.153502],[-88.759681,42.153511],[-88.755619,42.153521],[-88.754484,42.153524],[-88.749741,42.153527],[-88.747023,42.15353],[-88.744808,42.153532],[-88.740034,42.153542],[-88.739839,42.153541],[-88.725185,42.153581],[-88.716546,42.153569],[-88.715452,42.153568],[-88.710794,42.153552],[-88.710564,42.153551],[-88.706628,42.15354],[-88.705677,42.153537],[-88.705585,42.153537],[-88.705587,42.1539],[-88.705591,42.156384],[-88.705597,42.159946],[-88.705592,42.160824],[-88.70562,42.170566],[-88.705621,42.170965],[-88.705592,42.172186],[-88.705566,42.177636],[-88.705545,42.181913],[-88.705638,42.182511],[-88.705668,42.182564],[-88.705682,42.182638],[-88.705683,42.183359],[-88.705683,42.183613],[-88.705678,42.183763],[-88.705669,42.18401],[-88.705649,42.184147],[-88.705649,42.184329],[-88.705652,42.186218],[-88.705653,42.186853],[-88.70563,42.189723],[-88.705608,42.196998],[-88.705608,42.197008],[-88.705575,42.202398],[-88.705574,42.202424],[-88.705566,42.203643],[-88.705563,42.204574],[-88.70554,42.206517],[-88.705555,42.206658],[-88.705551,42.206787],[-88.705553,42.206995],[-88.705549,42.207848],[-88.705548,42.207866],[-88.705531,42.210844],[-88.705535,42.211491],[-88.705545,42.211669],[-88.705534,42.212028],[-88.705505,42.214898],[-88.705481,42.218734],[-88.705482,42.219281],[-88.705482,42.220102],[-88.705466,42.220867],[-88.705395,42.221279],[-88.705392,42.22301],[-88.705392,42.223023],[-88.70539,42.223856],[-88.70539,42.223903],[-88.705389,42.224623],[-88.705406,42.229618],[-88.705429,42.233376],[-88.705469,42.240766],[-88.705481,42.249364],[-88.705482,42.250029],[-88.705479,42.250659],[-88.705475,42.251735],[-88.705473,42.252069],[-88.70541,42.252438],[-88.705419,42.252786],[-88.705435,42.253674],[-88.705432,42.254391],[-88.705432,42.254442],[-88.705455,42.255717],[-88.705462,42.256049],[-88.705473,42.256363],[-88.705474,42.256428],[-88.705476,42.25649],[-88.705486,42.256776],[-88.7055,42.257298],[-88.705511,42.257689],[-88.705512,42.25778],[-88.705516,42.257886],[-88.705519,42.258191],[-88.705538,42.262509],[-88.705557,42.267481],[-88.70557,42.269517],[-88.705591,42.26977],[-88.70558,42.270522],[-88.705587,42.273874],[-88.705599,42.276547],[-88.705595,42.27704],[-88.705625,42.294318],[-88.705638,42.299138],[-88.705623,42.303416],[-88.705633,42.306645],[-88.705624,42.308884],[-88.705605,42.311184],[-88.705617,42.312973],[-88.705627,42.313169],[-88.705642,42.320312],[-88.705609,42.327868],[-88.70561,42.327882],[-88.705603,42.335028],[-88.705595,42.337606],[-88.705592,42.340832],[-88.705598,42.342313],[-88.705598,42.342325],[-88.705609,42.349698],[-88.705604,42.349924],[-88.705613,42.355037],[-88.705664,42.366774],[-88.705681,42.36871],[-88.705682,42.368734],[-88.705692,42.372589],[-88.705693,42.372647],[-88.705694,42.372705],[-88.705692,42.372765],[-88.705691,42.372826],[-88.705689,42.375022],[-88.705686,42.378766],[-88.705706,42.38384],[-88.705754,42.385826],[-88.705779,42.386642],[-88.705824,42.393284],[-88.705782,42.395051],[-88.705748,42.39631],[-88.705772,42.400745],[-88.705773,42.400762],[-88.705802,42.401867],[-88.705852,42.404958],[-88.705856,42.405126],[-88.705892,42.407706],[-88.705894,42.407769],[-88.705914,42.410064],[-88.705914,42.41306],[-88.705941,42.414989],[-88.705995,42.422191],[-88.706087,42.429603],[-88.706136,42.430945],[-88.706158,42.434873],[-88.706202,42.443206],[-88.706205,42.443785],[-88.706226,42.445196],[-88.706316,42.450921],[-88.706322,42.451303],[-88.706349,42.452987],[-88.706433,42.458329],[-88.706443,42.458644],[-88.706671,42.46578],[-88.706894,42.472815],[-88.706924,42.47304],[-88.70697,42.474839],[-88.707242,42.48492],[-88.707306,42.487403],[-88.707311,42.487623],[-88.707345,42.489495],[-88.707367,42.490756],[-88.707421,42.493596],[-88.710141,42.493519],[-88.7123,42.493475],[-88.712779,42.493462],[-88.714121,42.493425],[-88.719545,42.493275],[-88.721798,42.493213],[-88.721986,42.493208],[-88.722089,42.493205],[-88.722459,42.493195],[-88.723318,42.49317],[-88.72365,42.49316],[-88.725896,42.493099],[-88.726756,42.493076],[-88.726888,42.493072],[-88.727287,42.493059],[-88.727421,42.493056],[-88.728407,42.493025],[-88.731368,42.492935],[-88.732355,42.492905],[-88.732387,42.492903],[-88.732485,42.4929],[-88.732518,42.492899],[-88.733318,42.492871],[-88.735718,42.49279],[-88.736519,42.492763],[-88.736647,42.492758],[-88.737034,42.492745],[-88.737109,42.492743],[-88.737163,42.492741],[-88.737265,42.492737],[-88.738939,42.492679],[-88.74427,42.492494],[-88.746047,42.492433],[-88.746243,42.492428],[-88.746831,42.492415],[-88.747028,42.492411],[-88.75069,42.492327],[-88.761679,42.492079],[-88.765342,42.491997],[-88.766135,42.491984],[-88.768516,42.491947],[-88.768695,42.491945],[-88.76931,42.491942],[-88.770766,42.491936],[-88.775136,42.491919],[-88.776522,42.491914],[-88.77659,42.491913],[-88.794933,42.491989],[-88.801022,42.492045],[-88.804147,42.492069],[-88.81396,42.492167],[-88.816474,42.492213],[-88.819906,42.492283],[-88.825015,42.492377],[-88.8256,42.492401],[-88.833797,42.492634],[-88.850512,42.493043],[-88.852591,42.493045],[-88.860733,42.493506],[-88.860748,42.493506],[-88.862266,42.493547],[-88.86241,42.493551],[-88.864213,42.493581],[-88.865105,42.493597],[-88.86516,42.493598],[-88.868199,42.493656],[-88.869245,42.493674],[-88.869357,42.493676],[-88.874645,42.493776],[-88.875106,42.493785],[-88.87913,42.493822],[-88.879146,42.493822],[-88.884839,42.493961],[-88.884862,42.493962],[-88.887248,42.49401],[-88.887262,42.49401],[-88.888183,42.494018],[-88.889467,42.494055],[-88.88949,42.494056],[-88.894549,42.494174],[-88.894583,42.494175],[-88.906323,42.494401],[-88.917999,42.494626],[-88.918446,42.494636],[-88.918464,42.494636],[-88.920189,42.494669],[-88.921006,42.494711],[-88.921289,42.494726],[-88.923774,42.494764],[-88.923908,42.494766],[-88.931769,42.494888],[-88.934564,42.494941],[-88.940319,42.495044],[-88.94035,42.495045],[-88.940388,42.495045],[-88.940883,42.495059],[-88.942369,42.495104],[-88.942865,42.495119],[-88.94333,42.495118],[-88.943507,42.495118],[-88.943534,42.495118],[-88.943569,42.495119],[-88.943598,42.49512],[-88.950547,42.495245],[-88.951892,42.495269],[-88.964792,42.495503],[-88.964975,42.495506],[-88.975984,42.495704],[-88.976115,42.495707],[-88.97761,42.495735],[-88.977833,42.495739],[-88.978206,42.495746],[-88.978479,42.495751],[-88.978859,42.495759],[-88.978917,42.49576],[-88.979091,42.495763],[-88.979149,42.495765],[-88.979216,42.495766],[-88.979419,42.49577],[-88.979487,42.495772],[-88.979518,42.495772],[-88.979611,42.495774],[-88.979643,42.495775],[-88.980833,42.495797],[-88.984406,42.495866],[-88.985597,42.495889],[-88.986799,42.495912],[-88.990408,42.495981],[-88.991017,42.495993],[-88.991611,42.496005],[-88.991785,42.496005],[-88.992309,42.496008],[-88.99247,42.496009],[-88.992484,42.496009],[-88.992501,42.496009],[-88.992559,42.496009],[-88.992583,42.496009],[-88.992607,42.496009],[-88.992699,42.49601],[-88.992882,42.49601],[-88.992942,42.496011],[-88.992982,42.496011],[-88.993913,42.496016],[-88.997738,42.496034],[-88.997785,42.496034],[-88.997927,42.496034],[-88.997975,42.496035],[-88.998409,42.496036],[-88.999712,42.496042],[-89.000147,42.496044],[-89.000171,42.496043],[-89.000201,42.496041],[-89.000219,42.496041],[-89.000368,42.496038],[-89.000683,42.496033],[-89.000818,42.496033],[-89.000968,42.496035],[-89.001026,42.496035],[-89.001201,42.496036],[-89.00126,42.496037],[-89.001358,42.496037],[-89.00138,42.496037],[-89.001655,42.496039],[-89.001754,42.49604],[-89.001804,42.49604],[-89.001954,42.49604],[-89.002004,42.496041],[-89.002062,42.496041],[-89.002239,42.496042],[-89.002298,42.496043],[-89.002368,42.496043],[-89.002578,42.496043],[-89.002649,42.496044],[-89.002663,42.496044],[-89.002705,42.496044],[-89.00272,42.496045],[-89.003003,42.496046],[-89.003853,42.496049],[-89.004137,42.496051],[-89.004465,42.496052],[-89.004744,42.496053],[-89.00545,42.496059],[-89.005779,42.496062],[-89.006344,42.496067],[-89.007568,42.496078],[-89.00804,42.496079],[-89.008606,42.496082],[-89.008699,42.496082],[-89.00898,42.496082],[-89.009074,42.496083],[-89.009238,42.496083],[-89.00973,42.496085],[-89.009895,42.496086],[-89.010024,42.496086],[-89.010414,42.496087],[-89.010544,42.496088],[-89.010748,42.496088],[-89.011362,42.49609],[-89.011386,42.496091],[-89.011567,42.496093],[-89.011586,42.496093],[-89.011646,42.496093],[-89.011666,42.496093],[-89.011754,42.496094],[-89.012021,42.496097],[-89.01211,42.496098],[-89.012219,42.496099],[-89.012549,42.496102],[-89.012659,42.496103],[-89.012855,42.496105],[-89.013444,42.496111],[-89.013641,42.496113],[-89.013695,42.496113],[-89.01386,42.496116],[-89.013915,42.496117],[-89.01413,42.496117],[-89.014775,42.496119],[-89.014991,42.49612],[-89.018718,42.496099],[-89.019845,42.496095],[-89.02003,42.496095],[-89.020137,42.496095],[-89.022003,42.496087],[-89.024613,42.496106],[-89.024782,42.496107],[-89.024971,42.496109],[-89.025324,42.496112],[-89.026234,42.496119],[-89.026908,42.496123],[-89.029962,42.496145],[-89.030735,42.496151],[-89.031809,42.496159],[-89.036555,42.496175],[-89.038152,42.496181],[-89.038674,42.496183],[-89.039761,42.496192],[-89.039844,42.496192],[-89.040093,42.496193],[-89.040177,42.496194],[-89.040867,42.496191],[-89.041465,42.496196],[-89.04175,42.496194],[-89.041978,42.496195],[-89.042046,42.496195],[-89.042116,42.496196],[-89.042295,42.496196],[-89.042491,42.496197],[-89.042636,42.496198],[-89.042811,42.496203],[-89.043631,42.496213],[-89.043807,42.496216],[-89.044363,42.496227],[-89.046031,42.496221],[-89.046587,42.49622],[-89.046831,42.49622],[-89.047563,42.496221],[-89.047808,42.496222],[-89.048053,42.496222],[-89.048791,42.496223],[-89.049037,42.496224],[-89.049288,42.496224],[-89.050043,42.496226],[-89.050295,42.496227],[-89.050546,42.496227],[-89.051302,42.496228],[-89.051554,42.496229],[-89.051803,42.496229],[-89.052554,42.496229],[-89.052804,42.496229],[-89.053025,42.496229],[-89.053688,42.496229],[-89.05391,42.496229],[-89.054068,42.496229],[-89.054544,42.496229],[-89.054703,42.49623],[-89.054768,42.49623],[-89.054963,42.49623],[-89.055028,42.49623],[-89.05525,42.49623],[-89.055919,42.49623],[-89.056142,42.49623],[-89.056184,42.49623],[-89.056313,42.49623],[-89.056356,42.49623],[-89.056537,42.49623],[-89.057083,42.49623],[-89.057265,42.49623],[-89.057563,42.49623],[-89.058457,42.49623],[-89.058756,42.496231],[-89.05896,42.496231],[-89.059573,42.496231],[-89.059778,42.496231],[-89.060068,42.496232],[-89.06094,42.496235],[-89.061231,42.496236],[-89.061489,42.496237],[-89.062263,42.496241],[-89.062521,42.496243],[-89.062754,42.496245],[-89.063454,42.496251],[-89.063688,42.496254],[-89.064157,42.496252],[-89.065566,42.49625],[-89.066036,42.49625],[-89.066209,42.49625],[-89.066317,42.496249],[-89.067162,42.496248],[-89.067444,42.496248],[-89.06794,42.49625],[-89.069429,42.496256],[-89.069689,42.496257],[-89.069926,42.496259],[-89.070011,42.496259],[-89.070267,42.49626],[-89.070353,42.496261],[-89.070435,42.496261],[-89.070681,42.496262],[-89.070763,42.496263],[-89.071146,42.496206],[-89.072516,42.49622],[-89.07779,42.496277],[-89.079549,42.496296],[-89.083421,42.49634],[-89.095039,42.496472],[-89.098912,42.496517],[-89.098912,42.49656],[-89.098912,42.496627],[-89.098976,42.496628],[-89.09902,42.496629],[-89.099198,42.496631],[-89.099735,42.496637],[-89.099914,42.49664],[-89.100289,42.496644],[-89.101414,42.496656],[-89.10179,42.496661],[-89.103473,42.49668],[-89.108522,42.496737],[-89.110205,42.496757],[-89.110267,42.496712],[-89.111245,42.49674],[-89.11441,42.49683],[-89.115466,42.496861],[-89.115735,42.496864],[-89.116542,42.496876],[-89.116811,42.49688],[-89.116838,42.496886],[-89.116921,42.496904],[-89.116949,42.49691],[-89.117032,42.4969],[-89.117283,42.496873],[-89.117367,42.496865],[-89.117471,42.496862],[-89.117784,42.496854],[-89.117889,42.496852],[-89.117926,42.496866],[-89.11804,42.49691],[-89.118078,42.496925],[-89.118137,42.496918],[-89.118317,42.496901],[-89.118377,42.496896],[-89.118416,42.496894],[-89.118533,42.49689],[-89.118573,42.49689],[-89.120112,42.496911],[-89.120251,42.496913],[-89.120462,42.496916],[-89.120605,42.496918],[-89.123423,42.496961],[-89.124857,42.496989],[-89.125024,42.496992],[-89.125036,42.496988],[-89.125111,42.496957],[-89.12532,42.496978],[-89.12595,42.497044],[-89.12616,42.497066],[-89.126192,42.497069],[-89.126879,42.497072],[-89.129039,42.497082],[-89.129759,42.497086],[-89.129924,42.497087],[-89.132736,42.497101],[-89.14167,42.497148],[-89.144648,42.497164],[-89.14611,42.497171],[-89.150495,42.497194],[-89.151958,42.497202],[-89.152645,42.497205],[-89.152996,42.497206],[-89.154111,42.497213],[-89.15611,42.497237],[-89.157148,42.49725],[-89.158649,42.497251],[-89.163154,42.497257],[-89.164656,42.497259],[-89.164996,42.497261],[-89.166015,42.497267],[-89.166356,42.49727],[-89.166372,42.49727],[-89.166421,42.49727],[-89.166438,42.49727],[-89.1665,42.49727],[-89.166579,42.497271],[-89.166686,42.49726],[-89.166719,42.497257],[-89.166747,42.497247],[-89.166899,42.497251],[-89.167357,42.497264],[-89.16751,42.497269],[-89.17361,42.49737],[-89.182629,42.497519],[-89.184175,42.497535],[-89.18908,42.497584],[-89.189386,42.497587],[-89.191536,42.49761],[-89.193992,42.497637],[-89.196499,42.497664],[-89.197873,42.49768],[-89.198076,42.497681],[-89.198904,42.497689],[-89.203805,42.497733],[-89.208707,42.497776],[-89.213602,42.497842],[-89.218497,42.497909],[-89.2191,42.497915],[-89.223401,42.497962],[-89.224185,42.49797],[-89.225439,42.497941],[-89.226333,42.49792],[-89.226651,42.497922],[-89.227607,42.49793],[-89.227926,42.497933],[-89.228014,42.497934],[-89.229959,42.497959],[-89.236058,42.498039],[-89.238092,42.498066],[-89.238418,42.498068],[-89.239397,42.498075],[-89.239724,42.498078],[-89.239829,42.498078],[-89.240146,42.498081],[-89.240252,42.498082],[-89.240364,42.498082],[-89.2407,42.498085],[-89.240812,42.498086],[-89.241751,42.498093],[-89.24457,42.498115],[-89.24551,42.498123],[-89.245802,42.498124],[-89.246679,42.498128],[-89.246972,42.49813],[-89.247136,42.49813],[-89.247628,42.49813],[-89.247792,42.49813],[-89.247914,42.49813],[-89.250113,42.49813],[-89.250759,42.497994],[-89.251901,42.498021],[-89.251983,42.498023],[-89.260451,42.498153],[-89.260736,42.498157],[-89.261021,42.498161],[-89.262096,42.498178],[-89.262187,42.498181],[-89.262328,42.498183],[-89.262414,42.498185],[-89.262542,42.498187],[-89.262669,42.49819],[-89.291034,42.498856],[-89.291063,42.498864],[-89.291264,42.4989],[-89.291434,42.498917],[-89.291525,42.498918],[-89.293672,42.498952],[-89.29491,42.498973],[-89.300115,42.499051],[-89.302263,42.499084],[-89.303206,42.499099],[-89.306035,42.499144],[-89.306979,42.499159],[-89.307959,42.499175],[-89.3109,42.499223],[-89.311881,42.49924],[-89.31436,42.499281],[-89.321797,42.499404],[-89.324277,42.499446],[-89.324353,42.499447],[-89.324582,42.499451],[-89.324659,42.499453],[-89.325259,42.499463],[-89.327062,42.499496],[-89.327663,42.499507],[-89.328934,42.499529],[-89.33275,42.499598],[-89.334022,42.499621],[-89.334096,42.499622],[-89.334318,42.499625],[-89.334392,42.499627],[-89.334905,42.499635],[-89.336448,42.499661],[-89.336962,42.49967],[-89.337465,42.499678],[-89.338976,42.499703],[-89.33948,42.499712],[-89.340837,42.499734],[-89.343807,42.499785],[-89.344908,42.499803],[-89.346266,42.499827],[-89.34771,42.499851],[-89.352044,42.499926],[-89.353489,42.499951],[-89.35358,42.499953],[-89.354298,42.49996],[-89.356727,42.499984],[-89.357537,42.499992],[-89.358424,42.500001],[-89.361085,42.500028],[-89.361973,42.500037],[-89.362785,42.500044],[-89.363421,42.500051],[-89.365224,42.500071],[-89.365798,42.500078],[-89.366896,42.500088],[-89.367737,42.5001],[-89.368273,42.500108],[-89.3706,42.500133],[-89.371303,42.500136],[-89.371748,42.500162],[-89.372361,42.50016],[-89.373792,42.500167],[-89.374414,42.50019],[-89.374905,42.500182],[-89.377979,42.500227],[-89.379857,42.500227],[-89.380498,42.500246],[-89.381137,42.50025],[-89.38209,42.50028],[-89.382627,42.500268],[-89.382928,42.500277],[-89.383313,42.500308],[-89.384018,42.500308],[-89.384866,42.500323],[-89.385395,42.500322],[-89.38707,42.500354],[-89.391261,42.500417],[-89.391748,42.500424],[-89.393104,42.500444],[-89.393209,42.500446],[-89.393697,42.500457],[-89.393996,42.500463],[-89.394893,42.500484],[-89.395193,42.500491],[-89.395426,42.500488],[-89.396164,42.500508],[-89.396434,42.500513],[-89.398618,42.500557],[-89.39962,42.500563],[-89.400059,42.500557],[-89.400159,42.500556],[-89.40087,42.500558],[-89.401401,42.500554],[-89.401423,42.500554],[-89.401417,42.500446],[-89.401402,42.500123],[-89.401397,42.500016],[-89.401281,42.497564],[-89.401029,42.490414],[-89.400846,42.484384],[-89.400754,42.483941],[-89.400462,42.483604],[-89.400566,42.483511],[-89.400756,42.483293],[-89.400768,42.483087],[-89.400771,42.482445],[-89.400717,42.481045],[-89.40072,42.480648],[-89.40062,42.477663],[-89.400574,42.47609],[-89.400564,42.475995],[-89.400561,42.475905],[-89.400514,42.47453],[-89.400504,42.474232],[-89.400406,42.471318],[-89.400321,42.468781],[-89.400243,42.46647],[-89.400079,42.461593],[-89.400075,42.46144],[-89.400063,42.460984],[-89.400059,42.460832],[-89.400052,42.460577],[-89.400033,42.459812],[-89.400027,42.459558],[-89.40002,42.4593],[-89.4,42.458529],[-89.399994,42.458272],[-89.399073,42.458281],[-89.398469,42.458288],[-89.39835,42.458275],[-89.398236,42.458244],[-89.398144,42.458205],[-89.398062,42.458155],[-89.397993,42.458097],[-89.397937,42.45803],[-89.397893,42.457947],[-89.397873,42.45787],[-89.39787,42.457792],[-89.39811,42.4565],[-89.398281,42.455589],[-89.398611,42.455708],[-89.399608,42.456074],[-89.399784,42.456137],[-89.399942,42.456196],[-89.399962,42.455402],[-89.399862,42.451563],[-89.399859,42.451432],[-89.399844,42.450569],[-89.399843,42.450521],[-89.399821,42.450023],[-89.399752,42.448387],[-89.399729,42.447842],[-89.399727,42.447777],[-89.399721,42.447584],[-89.39972,42.44752],[-89.399719,42.4475],[-89.399717,42.447441],[-89.399717,42.447422],[-89.399716,42.447407],[-89.399715,42.447362],[-89.399715,42.447347],[-89.399714,42.447327],[-89.399712,42.447268],[-89.399712,42.447249],[-89.399706,42.447051],[-89.399688,42.44646],[-89.399683,42.446263],[-89.399674,42.445997],[-89.399647,42.445201],[-89.399639,42.444936],[-89.399631,42.444718],[-89.39961,42.444065],[-89.399603,42.443848],[-89.399596,42.443639],[-89.399575,42.443012],[-89.399568,42.442803],[-89.399578,42.441829],[-89.399584,42.441383],[-89.399518,42.441147],[-89.399473,42.439942],[-89.399458,42.439481],[-89.399413,42.438136],[-89.399279,42.434103],[-89.399235,42.432759],[-89.399198,42.431292],[-89.39909,42.426891],[-89.399058,42.425578],[-89.399055,42.425424],[-89.399052,42.425288],[-89.399045,42.424883],[-89.399043,42.424748],[-89.399041,42.424666],[-89.399036,42.42442],[-89.399035,42.424339],[-89.399033,42.424254],[-89.399029,42.424001],[-89.399028,42.423917],[-89.399026,42.423842],[-89.399022,42.423618],[-89.399021,42.423544],[-89.399001,42.422512],[-89.398944,42.419416],[-89.398925,42.418385],[-89.398859,42.415498],[-89.398664,42.406838],[-89.398599,42.403952],[-89.398546,42.401068],[-89.398388,42.392416],[-89.398336,42.389532],[-89.398292,42.387215],[-89.398202,42.38234],[-89.398146,42.380267],[-89.398085,42.377952],[-89.39807,42.377396],[-89.398025,42.375728],[-89.398011,42.375173],[-89.398008,42.374756],[-89.397999,42.373507],[-89.397996,42.373091],[-89.397988,42.37193],[-89.397964,42.368447],[-89.397956,42.367287],[-89.397946,42.365987],[-89.397919,42.362089],[-89.39791,42.36079],[-89.397897,42.359149],[-89.397861,42.354228],[-89.397849,42.352588],[-89.397848,42.352505],[-89.397846,42.352259],[-89.397846,42.352177],[-89.397808,42.347127],[-89.397959,42.347077],[-89.397831,42.3465],[-89.397803,42.346419],[-89.397751,42.339739],[-89.397747,42.33922],[-89.397736,42.338298],[-89.397687,42.333975],[-89.397671,42.332535],[-89.397669,42.332432],[-89.397666,42.332124],[-89.397665,42.332022],[-89.397756,42.330074],[-89.397819,42.328733],[-89.397768,42.324227],[-89.397761,42.323582],[-89.397748,42.322377],[-89.397747,42.322278],[-89.397744,42.322024],[-89.397742,42.321771],[-89.397735,42.321098],[-89.397733,42.320922],[-89.397691,42.316855],[-89.397678,42.315522],[-89.397678,42.3155],[-89.397729,42.315011],[-89.397882,42.313544],[-89.397934,42.313056],[-89.397921,42.311876],[-89.397884,42.308339],[-89.397876,42.307477],[-89.397814,42.307294],[-89.397809,42.307171],[-89.39775,42.30565],[-89.397576,42.30109],[-89.397518,42.29957],[-89.397517,42.299521],[-89.397505,42.298189],[-89.397469,42.294046],[-89.397458,42.292665],[-89.397449,42.292007],[-89.397425,42.290035],[-89.397417,42.289378],[-89.397414,42.289234],[-89.397413,42.289162],[-89.39743,42.288805],[-89.397434,42.288722],[-89.397437,42.288662],[-89.397421,42.287784],[-89.397375,42.28515],[-89.397364,42.284519],[-89.39736,42.284272],[-89.397346,42.28309],[-89.397338,42.282288],[-89.397272,42.276337],[-89.397251,42.274354],[-89.39725,42.274273],[-89.39725,42.274255],[-89.397247,42.274032],[-89.397246,42.273952],[-89.39724,42.273484],[-89.397222,42.272081],[-89.397216,42.271614],[-89.397204,42.270689],[-89.397168,42.267916],[-89.397157,42.266992],[-89.39715,42.266445],[-89.397129,42.264804],[-89.397122,42.264257],[-89.39711,42.263363],[-89.397075,42.260683],[-89.397064,42.25979],[-89.397058,42.259403],[-89.397042,42.258241],[-89.397037,42.257855],[-89.397019,42.256617],[-89.396968,42.252903],[-89.396951,42.251665],[-89.396946,42.251337],[-89.396932,42.250354],[-89.396928,42.250027],[-89.396915,42.249088],[-89.396876,42.246274],[-89.396863,42.245336],[-89.396856,42.244912],[-89.396836,42.243642],[-89.39683,42.243219],[-89.396825,42.242953],[-89.396813,42.242155],[-89.39681,42.24189],[-89.396806,42.241655],[-89.396796,42.241018],[-89.396775,42.23968],[-89.396673,42.233053],[-89.396639,42.230844],[-89.396612,42.229031],[-89.396533,42.223593],[-89.396507,42.221781],[-89.396491,42.220706],[-89.396444,42.217481],[-89.396429,42.216406],[-89.396406,42.215026],[-89.396338,42.210889],[-89.396316,42.20951],[-89.396297,42.208378],[-89.396242,42.204984],[-89.396224,42.203853],[-89.396219,42.203565],[-89.396204,42.202701],[-89.3962,42.202414],[-89.396192,42.201916],[-89.395675,42.201915],[-89.394137,42.201915],[-89.394121,42.201914],[-89.393604,42.201914],[-89.392678,42.201911],[-89.389903,42.201905],[-89.388978,42.201903],[-89.387959,42.2019],[-89.386517,42.201897],[-89.384903,42.2019],[-89.383885,42.201903],[-89.382469,42.201906],[-89.378222,42.201914],[-89.376807,42.201918],[-89.376701,42.201918],[-89.376384,42.201922],[-89.376279,42.201924],[-89.376148,42.201925],[-89.376045,42.201926],[-89.375343,42.201934],[-89.37511,42.201937],[-89.372133,42.201969],[-89.363201,42.202066],[-89.360225,42.202099],[-89.360041,42.202101],[-89.359489,42.202106],[-89.359306,42.202109],[-89.358843,42.202113],[-89.357453,42.202128],[-89.356991,42.202134],[-89.3548,42.20216],[-89.348227,42.202238],[-89.346141,42.202264],[-89.346037,42.202265],[-89.345997,42.202265],[-89.344295,42.202285],[-89.339068,42.202348],[-89.337327,42.202369],[-89.337195,42.20237],[-89.336312,42.202379],[-89.33327,42.202411],[-89.332336,42.202422],[-89.332257,42.202423],[-89.331728,42.202428],[-89.330144,42.202445],[-89.329775,42.202449],[-89.329616,42.202451],[-89.329314,42.202453],[-89.328411,42.202462],[-89.328194,42.202465],[-89.32811,42.202466],[-89.328058,42.202466],[-89.327905,42.202468],[-89.327855,42.202469],[-89.32598,42.202488],[-89.320357,42.202547],[-89.318483,42.202568],[-89.318393,42.202569],[-89.318125,42.202572],[-89.318041,42.202573],[-89.315685,42.202604],[-89.308764,42.202693],[-89.308634,42.202694],[-89.306284,42.202726],[-89.3058,42.202732],[-89.304347,42.202752],[-89.303864,42.202759],[-89.302984,42.20277],[-89.300344,42.202805],[-89.299465,42.202818],[-89.299384,42.202819],[-89.29914,42.202822],[-89.29906,42.202823],[-89.298994,42.202823],[-89.298913,42.202823],[-89.298799,42.202825],[-89.298735,42.202827],[-89.298039,42.202836],[-89.295954,42.202862],[-89.295259,42.202872],[-89.295228,42.202872],[-89.295138,42.202873],[-89.295108,42.202874],[-89.295047,42.202874],[-89.294867,42.202876],[-89.294807,42.202878],[-89.294755,42.202878],[-89.2946,42.20288],[-89.294549,42.202881],[-89.29389,42.202889],[-89.291916,42.202915],[-89.291258,42.202924],[-89.290451,42.202934],[-89.288033,42.202965],[-89.287227,42.202976],[-89.287093,42.202977],[-89.286693,42.202982],[-89.28656,42.202985],[-89.285935,42.202993],[-89.28406,42.203018],[-89.283436,42.203027],[-89.282696,42.203036],[-89.280477,42.203065],[-89.279738,42.203076],[-89.278703,42.203084],[-89.276754,42.2031],[-89.275601,42.20311],[-89.275073,42.203115],[-89.274568,42.20312],[-89.274553,42.20312],[-89.273953,42.203125],[-89.272111,42.203142],[-89.271657,42.203147],[-89.271498,42.203151],[-89.26996,42.203241],[-89.26786,42.203294],[-89.256941,42.203574],[-89.253303,42.203668],[-89.253002,42.203669],[-89.250107,42.203397],[-89.249146,42.203405],[-89.236642,42.203518],[-89.232474,42.203558],[-89.229267,42.203599],[-89.225314,42.203651],[-89.225204,42.203652],[-89.219649,42.203726],[-89.216444,42.20377],[-89.21643,42.20377],[-89.21639,42.203772],[-89.216377,42.203773],[-89.212557,42.203817],[-89.201099,42.203948],[-89.19728,42.203993],[-89.196938,42.203994],[-89.196918,42.20397],[-89.196208,42.203977],[-89.193059,42.204009],[-89.192011,42.204022],[-89.191899,42.204022],[-89.191563,42.204022],[-89.191452,42.204023],[-89.191355,42.204022],[-89.187761,42.204065],[-89.18205,42.204134],[-89.17669,42.204197],[-89.173,42.204241],[-89.172996,42.202549],[-89.172985,42.197473],[-89.172982,42.195781],[-89.172981,42.195697],[-89.172981,42.195392],[-89.172978,42.194225],[-89.172978,42.193836],[-89.172971,42.192754],[-89.172952,42.189508],[-89.17295,42.189091],[-89.172946,42.188427],[-89.172945,42.188401],[-89.172945,42.188378],[-89.172945,42.188234],[-89.172945,42.188186],[-89.172945,42.188097],[-89.172938,42.187093],[-89.172934,42.186329],[-89.172927,42.183814],[-89.172925,42.182722],[-89.172512,42.181613],[-89.172505,42.181062],[-89.172255,42.181043],[-89.171776,42.18099],[-89.171429,42.180946],[-89.171351,42.180929],[-89.171272,42.180918],[-89.170852,42.18082],[-89.170819,42.180807],[-89.170769,42.180787],[-89.170732,42.180779],[-89.170667,42.180752],[-89.170575,42.180732],[-89.170547,42.180711],[-89.170455,42.180691],[-89.17039,42.180664],[-89.170354,42.180657],[-89.170289,42.18063],[-89.170196,42.180609],[-89.170113,42.180568],[-89.170076,42.180562],[-89.169901,42.180472],[-89.169466,42.180151],[-89.169373,42.180048],[-89.169346,42.180007],[-89.169328,42.179981],[-89.16929,42.179906],[-89.16929,42.179878],[-89.169327,42.17985],[-89.169445,42.179836],[-89.169994,42.179893],[-89.170045,42.179911],[-89.170139,42.179925],[-89.170441,42.179963],[-89.170478,42.179984],[-89.17073,42.180015],[-89.170983,42.180079],[-89.171113,42.180116],[-89.17126,42.180133],[-89.171297,42.180153],[-89.171436,42.180167],[-89.171472,42.180187],[-89.171915,42.180221],[-89.172093,42.180196],[-89.172126,42.180185],[-89.172297,42.180161],[-89.172505,42.180171],[-89.172505,42.179921],[-89.172506,42.179907],[-89.172507,42.179871],[-89.1725,42.179451],[-89.172496,42.179187],[-89.172493,42.17912],[-89.172486,42.17886],[-89.172517,42.178857],[-89.172507,42.178631],[-89.172483,42.177958],[-89.172475,42.177734],[-89.172548,42.174231],[-89.172565,42.173457],[-89.172567,42.173351],[-89.172742,42.166021],[-89.172741,42.165997],[-89.172741,42.165974],[-89.172761,42.165106],[-89.172792,42.163725],[-89.172873,42.160224],[-89.172867,42.160036],[-89.172852,42.159474],[-89.172848,42.159287],[-89.172803,42.150417],[-89.163985,42.150358],[-89.144844,42.150266],[-89.143925,42.150273],[-89.141454,42.150293],[-89.14081,42.150299],[-89.135049,42.150345],[-89.134042,42.150354],[-89.13166,42.150378],[-89.131572,42.150379],[-89.130263,42.150391],[-89.130132,42.150392],[-89.130232,42.157524],[-89.128531,42.15755],[-89.12791,42.15756],[-89.127831,42.157559],[-89.127836,42.158231],[-89.127836,42.158279],[-89.127842,42.159026],[-89.127849,42.160021],[-89.127857,42.161073],[-89.127864,42.162025],[-89.127872,42.163001],[-89.127879,42.163995],[-89.127888,42.164947],[-89.127595,42.164949],[-89.126695,42.164955],[-89.125562,42.164964],[-89.125421,42.164982],[-89.125303,42.16501],[-89.125176,42.165057],[-89.122033,42.166788],[-89.120847,42.167442],[-89.120496,42.167424],[-89.120704,42.167466],[-89.120776,42.167559],[-89.120893,42.167633],[-89.120946,42.167674],[-89.12485,42.171459],[-89.125543,42.172131],[-89.133089,42.179444],[-89.136158,42.182393],[-89.135888,42.182693],[-89.135714,42.182882],[-89.135526,42.183064],[-89.135325,42.183237],[-89.135107,42.183405],[-89.134876,42.183565],[-89.134741,42.18365],[-89.13446,42.183811],[-89.134203,42.183941],[-89.133899,42.184076],[-89.133623,42.184182],[-89.131785,42.184752],[-89.131326,42.184893],[-89.131214,42.184928],[-89.131198,42.184932],[-89.131074,42.18497],[-89.130942,42.185012],[-89.130866,42.185035],[-89.130931,42.185138],[-89.130992,42.185235],[-89.13114,42.185501],[-89.131185,42.185581],[-89.131278,42.185739],[-89.131364,42.185886],[-89.131418,42.185973],[-89.131562,42.186173],[-89.131617,42.186228],[-89.131649,42.186262],[-89.131687,42.186314],[-89.131713,42.18635],[-89.131801,42.186428],[-89.131914,42.186528],[-89.13174,42.18653],[-89.131444,42.186572],[-89.131077,42.186628],[-89.130995,42.186641],[-89.130943,42.186649],[-89.130722,42.186694],[-89.130266,42.186852],[-89.130078,42.186955],[-89.129883,42.187126],[-89.1298,42.187211],[-89.129734,42.187279],[-89.12966,42.187355],[-89.129579,42.187438],[-89.129502,42.187518],[-89.129421,42.187613],[-89.129361,42.187687],[-89.129292,42.187786],[-89.129235,42.187879],[-89.129181,42.187971],[-89.129122,42.188079],[-89.129069,42.188197],[-89.129023,42.188291],[-89.128983,42.188369],[-89.12892,42.188529],[-89.128825,42.188755],[-89.128799,42.188767],[-89.12878,42.188778],[-89.128722,42.18881],[-89.128703,42.188825],[-89.128599,42.188897],[-89.128467,42.188979],[-89.128404,42.189017],[-89.128351,42.189041],[-89.128171,42.189124],[-89.128056,42.189177],[-89.127965,42.189221],[-89.127861,42.189273],[-89.127708,42.189351],[-89.127636,42.189388],[-89.127536,42.18944],[-89.127389,42.189518],[-89.12726,42.189597],[-89.127076,42.18971],[-89.126936,42.189798],[-89.126778,42.189899],[-89.126636,42.189988],[-89.126481,42.190084],[-89.126319,42.190182],[-89.126229,42.190225],[-89.126098,42.190289],[-89.125988,42.190341],[-89.125872,42.190393],[-89.125706,42.190465],[-89.125553,42.19053],[-89.125396,42.190594],[-89.125299,42.190633],[-89.125216,42.190666],[-89.125022,42.190742],[-89.124734,42.190849],[-89.124457,42.190949],[-89.124272,42.191016],[-89.123971,42.191136],[-89.123649,42.191275],[-89.123336,42.191411],[-89.123222,42.191459],[-89.123084,42.191517],[-89.122922,42.191604],[-89.122754,42.191709],[-89.12264,42.191785],[-89.122564,42.191835],[-89.122459,42.191926],[-89.122325,42.192047],[-89.122225,42.192145],[-89.122087,42.192288],[-89.121885,42.192509],[-89.121734,42.192683],[-89.121547,42.1929],[-89.12142,42.193049],[-89.121315,42.193172],[-89.12125,42.193258],[-89.12118,42.193357],[-89.121107,42.193472],[-89.121039,42.193588],[-89.121009,42.193639],[-89.120918,42.193818],[-89.120863,42.193938],[-89.120786,42.194164],[-89.120744,42.194329],[-89.120704,42.19449],[-89.12066,42.19465],[-89.12059,42.194906],[-89.120507,42.195222],[-89.120444,42.195522],[-89.120384,42.195846],[-89.120352,42.196019],[-89.12033,42.196137],[-89.120313,42.196229],[-89.120281,42.196374],[-89.120246,42.196517],[-89.120233,42.196573],[-89.120212,42.196752],[-89.120186,42.196981],[-89.120166,42.197158],[-89.120146,42.19733],[-89.120133,42.197455],[-89.120125,42.197549],[-89.120111,42.197697],[-89.120075,42.197861],[-89.120033,42.198037],[-89.119997,42.198183],[-89.119953,42.198322],[-89.119882,42.198488],[-89.11979,42.198659],[-89.119687,42.198838],[-89.119542,42.19909],[-89.119406,42.199288],[-89.119222,42.199553],[-89.119107,42.199716],[-89.118954,42.199888],[-89.118701,42.200156],[-89.118602,42.200261],[-89.118482,42.200374],[-89.118305,42.200536],[-89.11812,42.200695],[-89.117732,42.201028],[-89.117476,42.201237],[-89.117271,42.201392],[-89.117092,42.201523],[-89.116975,42.201605],[-89.116871,42.201668],[-89.116699,42.201768],[-89.116526,42.201861],[-89.11632,42.201964],[-89.116122,42.202046],[-89.115909,42.202133],[-89.115661,42.202235],[-89.115442,42.202331],[-89.115306,42.202391],[-89.115101,42.20248],[-89.114866,42.20258],[-89.114708,42.202644],[-89.114597,42.202686],[-89.114429,42.202729],[-89.114368,42.202745],[-89.114112,42.202779],[-89.113791,42.202816],[-89.113541,42.202834],[-89.113466,42.202841],[-89.113379,42.202863],[-89.113227,42.202902],[-89.113078,42.202939],[-89.112978,42.202965],[-89.112884,42.203008],[-89.112776,42.203061],[-89.112579,42.203157],[-89.112431,42.20323],[-89.112341,42.203272],[-89.112218,42.203324],[-89.112076,42.203379],[-89.111892,42.203439],[-89.111723,42.203478],[-89.111584,42.203509],[-89.111427,42.203542],[-89.111279,42.203562],[-89.111096,42.203588],[-89.110866,42.203618],[-89.110718,42.203634],[-89.110558,42.203654],[-89.110455,42.203666],[-89.110342,42.203684],[-89.110207,42.203708],[-89.110138,42.203724],[-89.110023,42.203721],[-89.109981,42.203752],[-89.1097,42.20382],[-89.109516,42.203863],[-89.109408,42.203891],[-89.109302,42.20392],[-89.109233,42.203939],[-89.108926,42.204027],[-89.108882,42.20404],[-89.108797,42.204063],[-89.10875,42.204071],[-89.108696,42.20408],[-89.108595,42.204097],[-89.108513,42.204111],[-89.108451,42.204121],[-89.10837,42.204134],[-89.108319,42.204141],[-89.108195,42.204152],[-89.108109,42.204161],[-89.107969,42.204176],[-89.107765,42.204205],[-89.107725,42.204211],[-89.107486,42.204255],[-89.107416,42.204268],[-89.107343,42.204282],[-89.107241,42.204301],[-89.106939,42.204348],[-89.10655,42.204405],[-89.106359,42.204435],[-89.106192,42.204462],[-89.106017,42.204496],[-89.105795,42.204535],[-89.105592,42.204569],[-89.10515,42.204639],[-89.105011,42.204661],[-89.104894,42.204679],[-89.104778,42.204697],[-89.104654,42.204716],[-89.104546,42.204731],[-89.104391,42.204749],[-89.104275,42.204762],[-89.104159,42.204774],[-89.104108,42.204779],[-89.104039,42.204786],[-89.103939,42.204796],[-89.10379,42.204809],[-89.103676,42.204815],[-89.103538,42.204821],[-89.103391,42.204822],[-89.103327,42.204823],[-89.103189,42.204816],[-89.103122,42.204812],[-89.103052,42.204809],[-89.102909,42.20479],[-89.102795,42.204774],[-89.102693,42.20476],[-89.102521,42.204737],[-89.102417,42.204721],[-89.102263,42.204697],[-89.102129,42.204676],[-89.101938,42.204647],[-89.101744,42.20462],[-89.101652,42.20461],[-89.10156,42.2046],[-89.101459,42.204589],[-89.101344,42.204574],[-89.101182,42.204554],[-89.101105,42.204545],[-89.100931,42.204527],[-89.100786,42.204512],[-89.100642,42.204498],[-89.100447,42.204478],[-89.100319,42.204465],[-89.10026,42.20446],[-89.100155,42.204453],[-89.09999,42.204443],[-89.099888,42.204439],[-89.099841,42.204438],[-89.099679,42.204433],[-89.099619,42.204432],[-89.099495,42.204431],[-89.099399,42.20443],[-89.099316,42.204431],[-89.099217,42.204432],[-89.099136,42.204434],[-89.09908,42.204437],[-89.098979,42.204446],[-89.098899,42.204453],[-89.098813,42.204465],[-89.098723,42.204476],[-89.098625,42.204497],[-89.098523,42.204519],[-89.098409,42.204544],[-89.098279,42.204573],[-89.098215,42.204587],[-89.0981,42.204614],[-89.098022,42.204631],[-89.097953,42.204644],[-89.097873,42.204658],[-89.097822,42.20467],[-89.097693,42.204707],[-89.097615,42.204728],[-89.097546,42.204745],[-89.09748,42.204762],[-89.097413,42.20478],[-89.097345,42.204798],[-89.097254,42.20482],[-89.097204,42.204836],[-89.097132,42.204857],[-89.097052,42.204891],[-89.096966,42.204926],[-89.096885,42.20496],[-89.096829,42.204982],[-89.096759,42.205004],[-89.09668,42.205028],[-89.096578,42.20506],[-89.096472,42.205095],[-89.096346,42.205137],[-89.096289,42.205157],[-89.096249,42.205166],[-89.09615,42.205189],[-89.096099,42.205199],[-89.095987,42.205216],[-89.095853,42.205237],[-89.095827,42.205241],[-89.095751,42.205254],[-89.0957,42.205262],[-89.0956,42.20528],[-89.095322,42.205331],[-89.095152,42.205368],[-89.09504,42.205394],[-89.094985,42.205409],[-89.094909,42.20543],[-89.094721,42.205484],[-89.094601,42.205526],[-89.094509,42.205558],[-89.094453,42.20558],[-89.094324,42.20564],[-89.094285,42.205659],[-89.094199,42.205699],[-89.094126,42.205735],[-89.094052,42.205779],[-89.093926,42.205854],[-89.093828,42.205914],[-89.09377,42.205951],[-89.093669,42.206016],[-89.093567,42.206082],[-89.093533,42.206106],[-89.093408,42.206194],[-89.093315,42.20626],[-89.093252,42.206304],[-89.093159,42.206386],[-89.093091,42.206445],[-89.093048,42.206484],[-89.092962,42.206578],[-89.092879,42.206669],[-89.092827,42.206726],[-89.092802,42.206765],[-89.092756,42.206841],[-89.092706,42.206921],[-89.092662,42.206994],[-89.092636,42.207045],[-89.092583,42.20715],[-89.092539,42.207237],[-89.092522,42.207271],[-89.092512,42.20731],[-89.092505,42.207338],[-89.092502,42.207353],[-89.092476,42.207459],[-89.092463,42.207511],[-89.092446,42.20758],[-89.092424,42.20767],[-89.092421,42.207706],[-89.092415,42.207764],[-89.092403,42.207884],[-89.092401,42.207911],[-89.092389,42.208036],[-89.09239,42.208082],[-89.092396,42.208293],[-89.092398,42.208375],[-89.092399,42.208421],[-89.092408,42.208488],[-89.092422,42.20861],[-89.092433,42.208701],[-89.092442,42.208772],[-89.092448,42.208815],[-89.092478,42.208975],[-89.092497,42.209074],[-89.092513,42.209155],[-89.092531,42.20923],[-89.092555,42.209328],[-89.092585,42.209449],[-89.092619,42.209585],[-89.092639,42.209666],[-89.092669,42.209789],[-89.092687,42.209849],[-89.092708,42.209913],[-89.092736,42.210002],[-89.092774,42.210119],[-89.092794,42.210181],[-89.09281,42.210232],[-89.092839,42.210326],[-89.092888,42.210479],[-89.092925,42.210601],[-89.09295,42.210691],[-89.092999,42.210869],[-89.093029,42.210977],[-89.093058,42.211077],[-89.09308,42.211152],[-89.093091,42.21119],[-89.093111,42.211257],[-89.093127,42.211299],[-89.093186,42.211457],[-89.093257,42.211641],[-89.093324,42.211812],[-89.093354,42.211875],[-89.093438,42.211988],[-89.093574,42.212123],[-89.093671,42.212202],[-89.093739,42.212247],[-89.093859,42.212317],[-89.09395,42.212359],[-89.094073,42.212415],[-89.094128,42.21244],[-89.094195,42.212473],[-89.094335,42.212545],[-89.094464,42.212625],[-89.094608,42.21273],[-89.094737,42.212838],[-89.094783,42.212878],[-89.094824,42.212916],[-89.094896,42.212993],[-89.094982,42.213086],[-89.095635,42.21304],[-89.095977,42.213015],[-89.095997,42.213013],[-89.096019,42.213009],[-89.096038,42.213004],[-89.09606,42.212995],[-89.09608,42.212983],[-89.096103,42.212967],[-89.096124,42.212953],[-89.096145,42.212941],[-89.096161,42.212924],[-89.096179,42.212909],[-89.096195,42.212895],[-89.096209,42.21288],[-89.096222,42.212863],[-89.09624,42.212842],[-89.09626,42.212819],[-89.096276,42.212804],[-89.09629,42.21279],[-89.096302,42.212775],[-89.096318,42.21276],[-89.09633,42.212744],[-89.096356,42.212716],[-89.096424,42.212565],[-89.096552,42.212181],[-89.096616,42.211925],[-89.0966,42.211765],[-89.096584,42.211685],[-89.096498,42.211397],[-89.096511,42.211125],[-89.096732,42.2105],[-89.096745,42.210467],[-89.096764,42.210436],[-89.096926,42.210102],[-89.0969,42.209908],[-89.096833,42.209819],[-89.097286,42.208833],[-89.096746,42.208819],[-89.096755,42.208786],[-89.096757,42.208776],[-89.09677,42.208756],[-89.096784,42.208738],[-89.096796,42.208719],[-89.096804,42.208704],[-89.09683,42.208671],[-89.096846,42.208648],[-89.096865,42.208619],[-89.096869,42.208603],[-89.096871,42.208576],[-89.096879,42.208547],[-89.096896,42.208518],[-89.096911,42.208491],[-89.096919,42.208475],[-89.096932,42.208445],[-89.096948,42.208422],[-89.096966,42.2084],[-89.096988,42.20837],[-89.097002,42.208353],[-89.097022,42.208324],[-89.097038,42.208294],[-89.097054,42.208269],[-89.097072,42.208246],[-89.097099,42.208199],[-89.097108,42.208174],[-89.097124,42.208147],[-89.097141,42.208118],[-89.097166,42.208088],[-89.09719,42.208057],[-89.097208,42.208028],[-89.097222,42.208005],[-89.097245,42.207963],[-89.097272,42.207914],[-89.097281,42.207896],[-89.097323,42.207834],[-89.097357,42.207783],[-89.097396,42.207726],[-89.097573,42.20755],[-89.098052,42.207123],[-89.098946,42.206683],[-89.100086,42.20632],[-89.101705,42.206074],[-89.103093,42.205945],[-89.10309,42.206338],[-89.103106,42.206347],[-89.103121,42.206352],[-89.10314,42.20636],[-89.103159,42.206365],[-89.10318,42.206371],[-89.10322,42.206376],[-89.103238,42.206381],[-89.103255,42.206384],[-89.103271,42.206387],[-89.103302,42.206394],[-89.10332,42.206401],[-89.103342,42.206406],[-89.10338,42.20641],[-89.103421,42.206414],[-89.103464,42.206423],[-89.103506,42.206436],[-89.103518,42.206441],[-89.103518,42.206451],[-89.103519,42.20668],[-89.103519,42.206693],[-89.103512,42.207263],[-89.103591,42.210207],[-89.103336,42.210208],[-89.10307,42.21021],[-89.099747,42.210229],[-89.099754,42.210496],[-89.099755,42.21061],[-89.099756,42.210689],[-89.099759,42.210941],[-89.099802,42.214298],[-89.099943,42.214297],[-89.108659,42.214225],[-89.108747,42.214225],[-89.108859,42.214225],[-89.108851,42.213791],[-89.108824,42.212361],[-89.109898,42.21236],[-89.110063,42.21236],[-89.110503,42.212359],[-89.110613,42.212359],[-89.110625,42.213346],[-89.111579,42.213344],[-89.112248,42.213341],[-89.112239,42.213191],[-89.112235,42.212356],[-89.11223,42.212249],[-89.11266,42.212247],[-89.112935,42.212245],[-89.114498,42.212234],[-89.114665,42.212236],[-89.115195,42.212233],[-89.117113,42.212222],[-89.119142,42.212211],[-89.121396,42.212201],[-89.121479,42.2122],[-89.12148,42.212307],[-89.121482,42.213154],[-89.121476,42.213375],[-89.121476,42.213462],[-89.121476,42.213555],[-89.121292,42.213557],[-89.120786,42.213561],[-89.116188,42.2136],[-89.116044,42.213599],[-89.115968,42.2136],[-89.115828,42.213602],[-89.115833,42.214465],[-89.115836,42.215051],[-89.115843,42.216609],[-89.115847,42.217236],[-89.115851,42.21808],[-89.115855,42.218841],[-89.115856,42.219134],[-89.116027,42.219163],[-89.116261,42.219198],[-89.11678,42.219297],[-89.1171,42.219335],[-89.11819,42.219466],[-89.119631,42.220108],[-89.12131,42.220858],[-89.121376,42.220894],[-89.121644,42.221035],[-89.121877,42.221167],[-89.122141,42.22132],[-89.122374,42.221463],[-89.123078,42.221926],[-89.123081,42.222387],[-89.123083,42.222637],[-89.123087,42.223212],[-89.12356,42.223211],[-89.123793,42.223211],[-89.124171,42.223521],[-89.125305,42.224452],[-89.125684,42.224763],[-89.127469,42.226184],[-89.128774,42.227215],[-89.129806,42.228057],[-89.130648,42.228752],[-89.131426,42.229509],[-89.131911,42.230036],[-89.132458,42.230688],[-89.132921,42.231383],[-89.133258,42.231909],[-89.133606,42.232521],[-89.134511,42.234079],[-89.134629,42.234041],[-89.134741,42.234005],[-89.134992,42.233924],[-89.135139,42.233876],[-89.135322,42.234187],[-89.136104,42.235518],[-89.136559,42.236283],[-89.13857,42.239659],[-89.138921,42.240241],[-89.139392,42.241038],[-89.13971,42.241575],[-89.139897,42.24189],[-89.140632,42.242656],[-89.14162,42.243128],[-89.141728,42.243185],[-89.142933,42.243748],[-89.14307,42.243962],[-89.143551,42.243718],[-89.143759,42.243613],[-89.143882,42.243751],[-89.144253,42.244166],[-89.14453,42.244477],[-89.144543,42.244491],[-89.14885,42.244457],[-89.148848,42.244547],[-89.148834,42.247612],[-89.150275,42.2476],[-89.150271,42.248154],[-89.15024,42.251807],[-89.150268,42.255377],[-89.147844,42.255378],[-89.14795,42.255551],[-89.148936,42.257147],[-89.148942,42.257156],[-89.148449,42.257213],[-89.14822,42.257243],[-89.148256,42.257298],[-89.148313,42.257379],[-89.14844,42.257558],[-89.148597,42.25778],[-89.148832,42.258089],[-89.14897,42.258262],[-89.148995,42.258294],[-89.149073,42.258391],[-89.149099,42.258424],[-89.149146,42.258482],[-89.149416,42.258794],[-89.149474,42.25886],[-89.149743,42.259161],[-89.150405,42.25984],[-89.150423,42.259857],[-89.150779,42.260191],[-89.150819,42.260228],[-89.150941,42.26034],[-89.150953,42.260351],[-89.150983,42.260377],[-89.151455,42.260779],[-89.151789,42.261044],[-89.152074,42.261265],[-89.152192,42.261356],[-89.152728,42.26174],[-89.153387,42.26218],[-89.153807,42.26244],[-89.154338,42.262754],[-89.154638,42.262922],[-89.155166,42.263203],[-89.155676,42.263454],[-89.155912,42.26357],[-89.156463,42.263818],[-89.156961,42.264029],[-89.15701,42.26405],[-89.15761,42.264286],[-89.158187,42.264497],[-89.158824,42.264711],[-89.159312,42.264864],[-89.159355,42.264876],[-89.159907,42.265034],[-89.160539,42.265198],[-89.161119,42.265336],[-89.161711,42.265462],[-89.162416,42.265593],[-89.16297,42.265685],[-89.163688,42.265784],[-89.164148,42.265839],[-89.164853,42.265907],[-89.165426,42.265952],[-89.166077,42.265984],[-89.166869,42.266002],[-89.166955,42.266005],[-89.168456,42.266001],[-89.16941,42.265995],[-89.169804,42.265997],[-89.169971,42.266001],[-89.170255,42.266008],[-89.170432,42.266013],[-89.171125,42.266056],[-89.171777,42.266122],[-89.172041,42.266155],[-89.172576,42.266234],[-89.172777,42.266269],[-89.173055,42.266318],[-89.173607,42.266432],[-89.173668,42.266445],[-89.174098,42.266545],[-89.174581,42.266673],[-89.175057,42.266817],[-89.175532,42.266976],[-89.175997,42.26715],[-89.176397,42.267315],[-89.176787,42.26749],[-89.177168,42.267676],[-89.177521,42.267856],[-89.178006,42.268118],[-89.178481,42.26839],[-89.178832,42.268613],[-89.179442,42.269017],[-89.181418,42.270328],[-89.18302,42.271417],[-89.185897,42.273364],[-89.188928,42.275409],[-89.191222,42.276964],[-89.191747,42.277319],[-89.191717,42.278544],[-89.188035,42.278574],[-89.188052,42.280162],[-89.187888,42.280159],[-89.187002,42.280131],[-89.185991,42.280085],[-89.183409,42.279932],[-89.183232,42.279957],[-89.179878,42.279769],[-89.179877,42.279888],[-89.179862,42.280031],[-89.179861,42.280045],[-89.179599,42.28031],[-89.179506,42.28048],[-89.179509,42.283058],[-89.179509,42.283143],[-89.179512,42.285156],[-89.179631,42.285558],[-89.180443,42.286485],[-89.180445,42.286595],[-89.180451,42.286995],[-89.180588,42.291301],[-89.180621,42.291301],[-89.180632,42.293408],[-89.18062,42.2935],[-89.180609,42.293589],[-89.18065,42.294341],[-89.180831,42.294764],[-89.181243,42.295315],[-89.181563,42.295923],[-89.181828,42.297654],[-89.184287,42.298539],[-89.18429,42.298575],[-89.184406,42.298568],[-89.18615,42.298535],[-89.186508,42.298527],[-89.188428,42.298484],[-89.189516,42.298149],[-89.189871,42.29804],[-89.190121,42.298035],[-89.192002,42.29799],[-89.194014,42.29795],[-89.194231,42.297945],[-89.19423,42.29808],[-89.19527,42.298056],[-89.195273,42.298213],[-89.195274,42.298331],[-89.194202,42.298355],[-89.194207,42.298558],[-89.194216,42.299245],[-89.194212,42.299313],[-89.19421,42.299374],[-89.194192,42.299516],[-89.194184,42.299584],[-89.194175,42.300553],[-89.194164,42.301971],[-89.194162,42.302195],[-89.193802,42.302083],[-89.1938,42.301987],[-89.193264,42.301998],[-89.193264,42.302137],[-89.193258,42.30231],[-89.193241,42.302898],[-89.192972,42.302899],[-89.192835,42.3029],[-89.192821,42.302008],[-89.188994,42.30209],[-89.186379,42.302146],[-89.186393,42.303284],[-89.184475,42.303331],[-89.184476,42.303406],[-89.184479,42.303608],[-89.184483,42.303885],[-89.184495,42.304718],[-89.184499,42.304996],[-89.1845,42.305086],[-89.183828,42.305088],[-89.183678,42.305089],[-89.183403,42.305093],[-89.183377,42.305093],[-89.179203,42.305136],[-89.176663,42.305163],[-89.175122,42.305177],[-89.175139,42.305931],[-89.173978,42.306641],[-89.173775,42.306643],[-89.173787,42.308144],[-89.173792,42.308693],[-89.173795,42.309127],[-89.173805,42.31043],[-89.173809,42.310865],[-89.173809,42.310894],[-89.173809,42.310981],[-89.17381,42.311011],[-89.173813,42.311474],[-89.173823,42.312649],[-89.173824,42.312863],[-89.173828,42.313327],[-89.173828,42.313361],[-89.173828,42.313465],[-89.173829,42.3135],[-89.173831,42.313719],[-89.173837,42.314376],[-89.173839,42.314596],[-89.173839,42.314635],[-89.173843,42.315085],[-89.173855,42.316554],[-89.173859,42.317044],[-89.173864,42.317574],[-89.173879,42.319164],[-89.173885,42.319695],[-89.173886,42.319842],[-89.173888,42.320068],[-89.17389,42.320283],[-89.173892,42.320431],[-89.173899,42.321229],[-89.173907,42.321987],[-89.173915,42.322728],[-89.173922,42.323625],[-89.173929,42.324424],[-89.173419,42.324409],[-89.171892,42.324365],[-89.171383,42.324351],[-89.171148,42.324344],[-89.170861,42.324335],[-89.170846,42.326669],[-89.168091,42.32669],[-89.168024,42.326691],[-89.166779,42.325909],[-89.166709,42.324345],[-89.166549,42.324341],[-89.166126,42.324325],[-89.165908,42.324318],[-89.164857,42.324327],[-89.164435,42.324332],[-89.162603,42.324345],[-89.157111,42.324387],[-89.15528,42.324401],[-89.15535,42.324434],[-89.155562,42.324536],[-89.155633,42.32457],[-89.15564,42.325948],[-89.155661,42.330084],[-89.155668,42.331463],[-89.151779,42.331496],[-89.140113,42.331594],[-89.136225,42.331628],[-89.135916,42.33163],[-89.13499,42.331637],[-89.134682,42.33164],[-89.133024,42.331652],[-89.128481,42.331686],[-89.12805,42.331689],[-89.126393,42.331702],[-89.125839,42.331705],[-89.124181,42.331717],[-89.123628,42.331722],[-89.122528,42.331729],[-89.119231,42.331754],[-89.118314,42.331761],[-89.118317,42.331852],[-89.118319,42.332028],[-89.11833,42.333031],[-89.118203,42.333031],[-89.11671,42.333041],[-89.116713,42.3332],[-89.116716,42.333419],[-89.116727,42.334078],[-89.116731,42.334298],[-89.116731,42.334397],[-89.116734,42.334697],[-89.116735,42.334797],[-89.116229,42.334813],[-89.114711,42.334863],[-89.114206,42.33488],[-89.110395,42.334915],[-89.10827,42.334935],[-89.106919,42.334947],[-89.10691,42.3335],[-89.105061,42.333515],[-89.105048,42.331867],[-89.10345,42.331881],[-89.102784,42.331887],[-89.102543,42.331889],[-89.101457,42.331897],[-89.100839,42.331902],[-89.098199,42.331925],[-89.097113,42.331934],[-89.095886,42.331942],[-89.095893,42.332535],[-89.097114,42.332527],[-89.097114,42.332586],[-89.097117,42.334229],[-89.097117,42.334484],[-89.0955,42.334448],[-89.094951,42.334869],[-89.094683,42.335111],[-89.094464,42.335408],[-89.094467,42.336407],[-89.089911,42.336412],[-89.087661,42.336415],[-89.087613,42.331997],[-89.08614,42.332008],[-89.084931,42.332017],[-89.084749,42.332018],[-89.084424,42.33202],[-89.084318,42.332021],[-89.082906,42.33203],[-89.0824,42.332034],[-89.081885,42.332037],[-89.08177,42.332038],[-89.080347,42.332048],[-89.079834,42.332052],[-89.07945,42.332054],[-89.078605,42.33206],[-89.078301,42.332062],[-89.077918,42.332065],[-89.077958,42.332888],[-89.078078,42.335359],[-89.078086,42.335514],[-89.078111,42.336184],[-89.077336,42.336184],[-89.076787,42.336184],[-89.075014,42.336184],[-89.074809,42.336184],[-89.074497,42.336275],[-89.074284,42.33635],[-89.074153,42.336397],[-89.069693,42.337685],[-89.069303,42.337799],[-89.067312,42.338375],[-89.066825,42.338502],[-89.066309,42.33864],[-89.066258,42.338586],[-89.06622,42.338545],[-89.066185,42.338506],[-89.066157,42.338474],[-89.066123,42.338435],[-89.066091,42.338397],[-89.066044,42.338342],[-89.065994,42.338276],[-89.065944,42.338202],[-89.065853,42.338084],[-89.065804,42.338024],[-89.065665,42.33788],[-89.065528,42.337732],[-89.06545,42.337656],[-89.065378,42.337584],[-89.065312,42.337531],[-89.065202,42.337447],[-89.065075,42.337351],[-89.06498,42.337285],[-89.064885,42.33722],[-89.064752,42.337128],[-89.064641,42.337052],[-89.064532,42.336977],[-89.064481,42.336941],[-89.064337,42.336842],[-89.06421,42.336754],[-89.064114,42.336685],[-89.064017,42.336613],[-89.063944,42.33656],[-89.063791,42.336446],[-89.063678,42.336362],[-89.063508,42.336236],[-89.063376,42.336138],[-89.063164,42.335979],[-89.063036,42.335878],[-89.062912,42.335779],[-89.062786,42.335679],[-89.062621,42.335549],[-89.062497,42.33545],[-89.062368,42.335348],[-89.062275,42.335266],[-89.062147,42.335152],[-89.062095,42.335106],[-89.062051,42.335066],[-89.061986,42.335009],[-89.06189,42.334923],[-89.061771,42.334817],[-89.06166,42.334718],[-89.061551,42.33462],[-89.061468,42.334546],[-89.061352,42.334452],[-89.061254,42.334371],[-89.061141,42.334278],[-89.061023,42.334182],[-89.060941,42.334116],[-89.060745,42.333955],[-89.06066,42.333886],[-89.060374,42.333559],[-89.060083,42.333214],[-89.059986,42.333055],[-89.059836,42.332805],[-89.059705,42.332586],[-89.059648,42.332491],[-89.059604,42.332348],[-89.059497,42.332004],[-89.059394,42.33167],[-89.059347,42.331518],[-89.059305,42.331348],[-89.059282,42.33121],[-89.059256,42.330992],[-89.059241,42.330804],[-89.059235,42.330613],[-89.059237,42.330394],[-89.059238,42.330344],[-89.059257,42.33013],[-89.05928,42.329922],[-89.059308,42.329732],[-89.059368,42.329449],[-89.05943,42.329241],[-89.059494,42.32907],[-89.059583,42.328871],[-89.059706,42.328618],[-89.059855,42.328348],[-89.059994,42.328158],[-89.060061,42.32806],[-89.060179,42.327929],[-89.060322,42.327775],[-89.06049,42.327612],[-89.060651,42.327455],[-89.06078,42.32733],[-89.060927,42.327195],[-89.061082,42.327053],[-89.060574,42.327056],[-89.059934,42.327061],[-89.057896,42.327093],[-89.057312,42.327086],[-89.057243,42.327084],[-89.05716,42.327082],[-89.057039,42.327079],[-89.056971,42.327078],[-89.056982,42.327044],[-89.057012,42.326956],[-89.057016,42.326942],[-89.057029,42.326909],[-89.057215,42.326335],[-89.05702,42.326318],[-89.056682,42.326291],[-89.056757,42.326055],[-89.056817,42.325869],[-89.05675,42.325856],[-89.056585,42.325826],[-89.056521,42.325821],[-89.05645,42.325515],[-89.05643,42.325428],[-89.056332,42.325402],[-89.056132,42.325398],[-89.055582,42.325388],[-89.055269,42.325383],[-89.055266,42.325313],[-89.055259,42.325105],[-89.055257,42.325036],[-89.054924,42.325042],[-89.053924,42.325062],[-89.053592,42.325069],[-89.0536,42.325258],[-89.053613,42.325553],[-89.053624,42.325828],[-89.053633,42.326018],[-89.053543,42.326019],[-89.053276,42.326024],[-89.053187,42.326026],[-89.053084,42.326005],[-89.05285,42.32596],[-89.052783,42.32599],[-89.052689,42.326034],[-89.052725,42.326033],[-89.052837,42.326031],[-89.052874,42.326031],[-89.05289,42.326297],[-89.052899,42.326339],[-89.052934,42.326491],[-89.051985,42.32651],[-89.051755,42.326513],[-89.049944,42.326543],[-89.047995,42.326592],[-89.047983,42.326123],[-89.047972,42.325659],[-89.046083,42.325705],[-89.046079,42.326041],[-89.046079,42.326163],[-89.046084,42.326347],[-89.046102,42.326899],[-89.046108,42.327084],[-89.046108,42.327267],[-89.046109,42.327819],[-89.04611,42.328003],[-89.046116,42.328183],[-89.046123,42.328415],[-89.045859,42.328442],[-89.038285,42.328559],[-89.038289,42.328743],[-89.038291,42.332626],[-89.038299,42.333277],[-89.038323,42.335231],[-89.038331,42.335883],[-89.038187,42.3359],[-89.038077,42.335925],[-89.038065,42.335928],[-89.03793,42.335973],[-89.037702,42.33608],[-89.037572,42.336124],[-89.037436,42.336157],[-89.037348,42.336169],[-89.037296,42.336177],[-89.037132,42.336184],[-89.037092,42.336182],[-89.036923,42.336185],[-89.036419,42.336193],[-89.036251,42.336197],[-89.036248,42.336527],[-89.035762,42.336498],[-89.035805,42.338977],[-89.035812,42.339365],[-89.03582,42.339801],[-89.035746,42.339802],[-89.035524,42.339805],[-89.035451,42.339807],[-89.032791,42.339844],[-89.031812,42.339857],[-89.031601,42.33986],[-89.031572,42.339997],[-89.031421,42.340721],[-89.03161,42.340722],[-89.03182,42.340724],[-89.031835,42.340725],[-89.031831,42.341833],[-89.029957,42.341854],[-89.029494,42.34186],[-89.029475,42.342465],[-89.02943,42.342459],[-89.029348,42.342455],[-89.029238,42.342451],[-89.029047,42.34246],[-89.028966,42.342459],[-89.028839,42.342458],[-89.028755,42.342458],[-89.028678,42.342458],[-89.028696,42.34352],[-89.0263,42.343558],[-89.023848,42.343555],[-89.023835,42.342894],[-89.019783,42.342962],[-89.018928,42.342975],[-89.01701,42.343014],[-89.016789,42.343025],[-89.016234,42.344625],[-89.015782,42.345924],[-89.015667,42.346285],[-89.015636,42.346388],[-89.015545,42.346697],[-89.015515,42.346801],[-89.015442,42.34705],[-89.015427,42.347109],[-89.015231,42.34792],[-89.015204,42.348045],[-89.015139,42.348359],[-89.015101,42.348574],[-89.015029,42.34899],[-89.014997,42.349222],[-89.014969,42.349439],[-89.014914,42.349945],[-89.014891,42.350166],[-89.014846,42.350793],[-89.014822,42.35147],[-89.014805,42.35198],[-89.014797,42.352272],[-89.014773,42.353149],[-89.014766,42.353442],[-89.01476,42.353681],[-89.014741,42.354401],[-89.014736,42.354641],[-89.014735,42.35468],[-89.014732,42.354797],[-89.014731,42.354836],[-89.014902,42.354856],[-89.015416,42.354916],[-89.015588,42.354936],[-89.016433,42.354922],[-89.018972,42.354881],[-89.019818,42.354868],[-89.020192,42.354869],[-89.021315,42.354874],[-89.02169,42.354876],[-89.022151,42.354865],[-89.02216,42.355391],[-89.022213,42.358352],[-89.022231,42.35934],[-89.023612,42.359347],[-89.027755,42.359371],[-89.028775,42.359377],[-89.028987,42.359377],[-89.028989,42.35961],[-89.02903,42.361511],[-89.025001,42.361576],[-89.022504,42.361616],[-89.022574,42.36564],[-89.022471,42.365642],[-89.021938,42.365638],[-89.021346,42.365635],[-89.02003,42.365656],[-89.019395,42.365667],[-89.018403,42.365685],[-89.015427,42.36574],[-89.014436,42.365759],[-89.014051,42.365763],[-89.013172,42.36577],[-89.011397,42.365791],[-89.011167,42.365794],[-89.010956,42.365797],[-89.009648,42.365818],[-89.00911,42.365826],[-89.00902,42.365827],[-89.008902,42.365829],[-89.007692,42.365857],[-89.007556,42.36586],[-89.007286,42.365867],[-89.00483,42.365892],[-89.004153,42.3659],[-89.004053,42.365902],[-89.00397,42.365902],[-89.003721,42.365905],[-89.003639,42.365907],[-89.001823,42.36593],[-89.000938,42.365942],[-88.999869,42.365972],[-88.99873,42.365981],[-88.997901,42.365993],[-88.997308,42.36602],[-88.996693,42.366078],[-88.996382,42.366112],[-88.996343,42.366117],[-88.996216,42.366133],[-88.995612,42.366239],[-88.995095,42.366341],[-88.994602,42.366463],[-88.994185,42.366588],[-88.993774,42.366725],[-88.993543,42.366808],[-88.993088,42.366986],[-88.992644,42.367179],[-88.992212,42.367386],[-88.992106,42.36744],[-88.989397,42.368908],[-88.989279,42.368973],[-88.988857,42.369192],[-88.988316,42.369422],[-88.988012,42.369531],[-88.987738,42.369615],[-88.987418,42.369695],[-88.987132,42.369751],[-88.986842,42.369795],[-88.986549,42.369826],[-88.986254,42.369844],[-88.984857,42.369868],[-88.983272,42.369875],[-88.981778,42.369882],[-88.979801,42.369897],[-88.978618,42.3699],[-88.978283,42.3699],[-88.977869,42.369901],[-88.977195,42.369903],[-88.974945,42.369939],[-88.973359,42.369952],[-88.972268,42.36996],[-88.970914,42.369971],[-88.970651,42.369973],[-88.970123,42.369978],[-88.967812,42.369986],[-88.966503,42.369996],[-88.966353,42.369998],[-88.966221,42.37],[-88.965379,42.370005],[-88.965099,42.370008],[-88.964703,42.37001],[-88.964113,42.370013],[-88.961155,42.370031],[-88.960271,42.370037],[-88.96017,42.370038],[-88.959359,42.370045],[-88.959154,42.370046],[-88.958428,42.370054],[-88.956926,42.370064],[-88.956115,42.37007],[-88.9559,42.370071],[-88.955171,42.370075],[-88.95435,42.370081],[-88.953352,42.37009],[-88.952342,42.3701],[-88.951574,42.370107],[-88.951399,42.370109],[-88.950273,42.370119],[-88.949642,42.370125],[-88.946898,42.370164],[-88.945773,42.37018],[-88.945589,42.369599],[-88.945038,42.367856],[-88.945026,42.367815],[-88.944934,42.367569],[-88.94481,42.367292],[-88.944739,42.367153],[-88.944082,42.366008],[-88.942311,42.362917],[-88.941875,42.362171],[-88.941767,42.361986],[-88.941493,42.361519],[-88.941408,42.3614],[-88.941223,42.361168],[-88.941158,42.361096],[-88.944064,42.359269],[-88.94529,42.359269],[-88.945817,42.359601],[-88.945817,42.362018],[-88.946524,42.362024],[-88.946524,42.360409],[-88.956046,42.360409],[-88.955904,42.357282],[-88.955882,42.356788],[-88.955877,42.356678],[-88.955853,42.356153],[-88.955829,42.355432],[-88.955819,42.355118],[-88.955718,42.355113],[-88.953971,42.355026],[-88.953251,42.354991],[-88.952589,42.354997],[-88.950907,42.355015],[-88.950892,42.354715],[-88.950862,42.354055],[-88.950817,42.352972],[-88.950685,42.349725],[-88.950671,42.349361],[-88.950667,42.348642],[-88.951183,42.348857],[-88.951382,42.348874],[-88.95179,42.348775],[-88.951906,42.348785],[-88.9529,42.348874],[-88.953306,42.348846],[-88.953418,42.34889],[-88.95361,42.349027],[-88.953765,42.349049],[-88.953876,42.349022],[-88.954061,42.348835],[-88.954127,42.348835],[-88.954571,42.349132],[-88.954542,42.349219],[-88.954365,42.349362],[-88.954312,42.349433],[-88.95438,42.349565],[-88.954646,42.349818],[-88.954711,42.349842],[-88.954846,42.349894],[-88.95512,42.34991],[-88.955371,42.34985],[-88.955723,42.349709],[-88.955889,42.349642],[-88.955933,42.349599],[-88.955963,42.34957],[-88.956013,42.349448],[-88.956059,42.34934],[-88.95617,42.349258],[-88.956425,42.349192],[-88.956473,42.34918],[-88.956596,42.349161],[-88.957293,42.34927],[-88.959386,42.349599],[-88.960068,42.349707],[-88.960065,42.349691],[-88.960058,42.349651],[-88.960038,42.349532],[-88.960032,42.349493],[-88.959899,42.348606],[-88.959503,42.345946],[-88.959371,42.34506],[-88.959366,42.345027],[-88.959353,42.344928],[-88.959349,42.344896],[-88.959348,42.344849],[-88.959345,42.344708],[-88.959345,42.344662],[-88.959242,42.344683],[-88.958544,42.344808],[-88.958301,42.344838],[-88.958255,42.344841],[-88.958055,42.344855],[-88.957665,42.34487],[-88.957424,42.34487],[-88.956754,42.344853],[-88.955196,42.344799],[-88.954944,42.34479],[-88.953841,42.344753],[-88.953109,42.344729],[-88.951397,42.344675],[-88.950914,42.344646],[-88.950183,42.344604],[-88.950195,42.34349],[-88.95012,42.343138],[-88.950098,42.34109],[-88.950093,42.340188],[-88.950089,42.339083],[-88.950985,42.339074],[-88.951953,42.339065],[-88.951948,42.338309],[-88.950982,42.338313],[-88.950086,42.338318],[-88.950081,42.33719],[-88.950073,42.335114],[-88.950066,42.333809],[-88.950066,42.332682],[-88.950065,42.332436],[-88.950064,42.331697],[-88.950064,42.331452],[-88.950062,42.330011],[-88.950261,42.32854],[-88.950218,42.326567],[-88.950223,42.326474],[-88.950254,42.325712],[-88.950264,42.325248],[-88.945191,42.325266],[-88.945172,42.326614],[-88.943375,42.326631],[-88.942743,42.326636],[-88.940849,42.326653],[-88.940218,42.32666],[-88.94022,42.327458],[-88.940229,42.329851],[-88.940232,42.33065],[-88.940233,42.330981],[-88.940236,42.331975],[-88.940237,42.332307],[-88.940237,42.332357],[-88.940237,42.332507],[-88.940238,42.332557],[-88.940238,42.332788],[-88.940241,42.333481],[-88.940242,42.333713],[-88.930672,42.334058],[-88.93062,42.335912],[-88.926658,42.335925],[-88.921131,42.335925],[-88.920174,42.335928],[-88.92012,42.333314],[-88.91999,42.326865],[-88.921142,42.32685],[-88.922378,42.326833],[-88.923499,42.326822],[-88.923831,42.326818],[-88.924526,42.326811],[-88.924652,42.32681],[-88.924652,42.328484],[-88.925301,42.328489],[-88.925459,42.328486],[-88.926096,42.328476],[-88.926096,42.328764],[-88.927843,42.328777],[-88.927849,42.329436],[-88.930637,42.329438],[-88.930647,42.326772],[-88.931501,42.326763],[-88.931789,42.32676],[-88.933823,42.326734],[-88.934143,42.326439],[-88.934153,42.326069],[-88.934473,42.325614],[-88.934936,42.32518],[-88.935832,42.324852],[-88.936577,42.324502],[-88.937218,42.323999],[-88.937766,42.323572],[-88.938473,42.322956],[-88.939416,42.322411],[-88.939704,42.322375],[-88.939686,42.322053],[-88.939558,42.319759],[-88.940387,42.319664],[-88.94042,42.31966],[-88.940602,42.319624],[-88.940583,42.319529],[-88.940415,42.318686],[-88.940414,42.318364],[-88.940423,42.316866],[-88.940464,42.316866],[-88.940472,42.316427],[-88.94048,42.315988],[-88.940483,42.315549],[-88.940503,42.313187],[-88.940508,42.312604],[-88.940512,42.312358],[-88.940912,42.312228],[-88.94143,42.312139],[-88.94172,42.312125],[-88.942907,42.312095],[-88.944438,42.312078],[-88.94545,42.312067],[-88.947426,42.312044],[-88.948737,42.312029],[-88.950018,42.312015],[-88.953356,42.311978],[-88.955333,42.311956],[-88.960044,42.311903],[-88.960789,42.311903],[-88.962811,42.311881],[-88.963386,42.311855],[-88.963638,42.311829],[-88.963834,42.311803],[-88.963888,42.311918],[-88.964491,42.311904],[-88.964506,42.310254],[-88.964562,42.304545],[-88.964838,42.304543],[-88.964857,42.302436],[-88.964872,42.300826],[-88.964917,42.296115],[-88.964922,42.295534],[-88.964652,42.295534],[-88.964228,42.295534],[-88.960432,42.295555],[-88.960429,42.293776],[-88.964655,42.293736],[-88.964928,42.293733],[-88.964927,42.29335],[-88.964927,42.293202],[-88.964923,42.290784],[-88.964922,42.289978],[-88.964924,42.288527],[-88.964931,42.284624],[-88.964667,42.284628],[-88.962263,42.284659],[-88.960439,42.284678],[-88.960439,42.28439],[-88.957255,42.284395],[-88.957247,42.285274],[-88.957248,42.286466],[-88.960435,42.28645],[-88.960557,42.286455],[-88.960557,42.286674],[-88.960552,42.288633],[-88.960429,42.288633],[-88.959524,42.288631],[-88.959512,42.289602],[-88.960427,42.289599],[-88.960549,42.289595],[-88.960555,42.290048],[-88.960536,42.290048],[-88.960426,42.29005],[-88.960426,42.290138],[-88.958822,42.290163],[-88.956767,42.290193],[-88.956289,42.2902],[-88.955617,42.29021],[-88.955367,42.290213],[-88.953819,42.29024],[-88.953817,42.290145],[-88.953814,42.290055],[-88.953815,42.289806],[-88.953815,42.28968],[-88.953819,42.289371],[-88.953819,42.289111],[-88.953818,42.288829],[-88.953329,42.288835],[-88.952144,42.288852],[-88.952127,42.288853],[-88.952128,42.288741],[-88.952151,42.285472],[-88.952161,42.284383],[-88.952174,42.282884],[-88.950637,42.282906],[-88.946456,42.282976],[-88.946459,42.282702],[-88.945316,42.279514],[-88.945123,42.27895],[-88.94487,42.278189],[-88.944619,42.277438],[-88.944499,42.277075],[-88.943537,42.274457],[-88.943537,42.274019],[-88.943538,42.27385],[-88.943551,42.273848],[-88.943692,42.273828],[-88.944148,42.273768],[-88.944348,42.273742],[-88.946493,42.273462],[-88.948718,42.273166],[-88.948718,42.273057],[-88.948723,42.272313],[-88.948735,42.268425],[-88.948862,42.268423],[-88.956586,42.268286],[-88.956562,42.272059],[-88.95656,42.272168],[-88.9566,42.272163],[-88.957228,42.272082],[-88.957665,42.272027],[-88.957824,42.272006],[-88.958305,42.271944],[-88.958465,42.271924],[-88.958868,42.271871],[-88.958932,42.271862],[-88.958932,42.271761],[-88.95893,42.270809],[-88.95893,42.270726],[-88.960078,42.270726],[-88.960484,42.270726],[-88.960485,42.269941],[-88.960489,42.268224],[-88.96427,42.268155],[-88.964681,42.268148],[-88.964959,42.268143],[-88.968049,42.26809],[-88.968567,42.268082],[-88.968916,42.268076],[-88.96951,42.268066],[-88.969601,42.268064],[-88.970118,42.268055],[-88.970117,42.26802],[-88.970118,42.267813],[-88.970119,42.267443],[-88.970122,42.266191],[-88.970123,42.264686],[-88.970122,42.263809],[-88.970127,42.263247],[-88.970137,42.262765],[-88.970186,42.262777],[-88.970274,42.262799],[-88.970274,42.26277],[-88.970274,42.262686],[-88.970274,42.262658],[-88.971036,42.262873],[-88.973324,42.263521],[-88.973484,42.263567],[-88.973911,42.263688],[-88.974183,42.263768],[-88.975209,42.264071],[-88.975209,42.264167],[-88.975208,42.26581],[-88.975218,42.26602],[-88.975336,42.26602],[-88.978867,42.26602],[-88.980044,42.26602],[-88.980044,42.265917],[-88.980044,42.265611],[-88.980045,42.265509],[-88.980045,42.265153],[-88.980047,42.264088],[-88.980048,42.263733],[-88.980048,42.263315],[-88.98005,42.262629],[-88.980051,42.262063],[-88.980052,42.261646],[-88.980052,42.261581],[-88.980052,42.261388],[-88.980053,42.261324],[-88.980053,42.261241],[-88.980053,42.260992],[-88.980053,42.260909],[-88.980053,42.260606],[-88.982075,42.260579],[-88.982673,42.260568],[-88.983411,42.260563],[-88.984354,42.260548],[-88.984962,42.260546],[-88.984962,42.259819],[-88.984962,42.258773],[-88.984964,42.257682],[-88.984964,42.257448],[-88.984965,42.25658],[-88.98441,42.256578],[-88.984113,42.25662],[-88.983349,42.256594],[-88.983163,42.256588],[-88.98104,42.256596],[-88.98095,42.257175],[-88.980943,42.257216],[-88.981141,42.25725],[-88.981195,42.257368],[-88.981261,42.257509],[-88.98127,42.25752],[-88.981325,42.257602],[-88.98122,42.25765],[-88.980428,42.25781],[-88.980058,42.257809],[-88.980059,42.257694],[-88.980059,42.257595],[-88.980059,42.257297],[-88.98006,42.257199],[-88.980061,42.256423],[-88.980065,42.254098],[-88.980067,42.253436],[-88.980067,42.253323],[-88.980406,42.253318],[-88.981426,42.253305],[-88.981766,42.253301],[-88.981842,42.253299],[-88.98207,42.253297],[-88.982146,42.253296],[-88.982605,42.253289],[-88.983888,42.253273],[-88.983886,42.254096],[-88.984969,42.254082],[-88.984969,42.253756],[-88.98497,42.253547],[-88.984973,42.253259],[-88.984972,42.252542],[-88.984331,42.252746],[-88.984247,42.252631],[-88.984191,42.252576],[-88.984971,42.252114],[-88.98497,42.249473],[-88.984969,42.249406],[-88.984969,42.248933],[-88.984968,42.248888],[-88.984967,42.248135],[-88.98497,42.245989],[-88.985788,42.245983],[-88.986532,42.245968],[-88.988267,42.245943],[-88.98865,42.245938],[-88.994286,42.24586],[-88.994286,42.245739],[-88.994284,42.243854],[-88.994612,42.243893],[-88.994659,42.243898],[-88.994802,42.243915],[-88.99485,42.243921],[-88.995317,42.243975],[-88.995496,42.243997],[-88.996676,42.244135],[-88.99669,42.245827],[-88.998205,42.245805],[-88.998207,42.246362],[-88.999665,42.246363],[-88.999666,42.246485],[-88.999666,42.246551],[-88.999833,42.246556],[-89.00087,42.246547],[-89.000848,42.246422],[-89.000884,42.2453],[-89.000906,42.244632],[-89.000656,42.244602],[-88.999908,42.244513],[-88.999659,42.244484],[-88.999656,42.243953],[-88.99965,42.242364],[-88.999648,42.241834],[-88.999677,42.241169],[-88.999715,42.240279],[-88.999734,42.239866],[-88.999602,42.239187],[-88.999535,42.238839],[-88.999476,42.238534],[-88.999463,42.238477],[-88.999452,42.238422],[-88.999369,42.238025],[-88.999055,42.236512],[-89.001039,42.236494],[-89.001073,42.2384],[-89.001169,42.2384],[-89.003312,42.238383],[-89.003784,42.238378],[-89.003986,42.238375],[-89.003979,42.237804],[-89.003978,42.237713],[-89.003977,42.237623],[-89.003975,42.237521],[-89.003972,42.237321],[-89.003968,42.23702],[-89.003965,42.2368],[-89.003964,42.236746],[-89.003961,42.236486],[-89.003961,42.236472],[-89.003956,42.236198],[-89.003937,42.234828],[-89.003931,42.234437],[-89.003908,42.232809],[-89.003879,42.230742],[-89.003857,42.229233],[-88.998834,42.22848],[-88.998834,42.228358],[-88.998833,42.228289],[-88.998832,42.228167],[-88.998831,42.228084],[-88.998831,42.228016],[-88.99883,42.227937],[-88.998828,42.227702],[-88.998828,42.227624],[-88.998827,42.227555],[-88.998825,42.22735],[-88.998825,42.227282],[-88.998824,42.227239],[-88.998823,42.22711],[-88.998823,42.227067],[-88.998822,42.226922],[-88.998821,42.226787],[-88.998813,42.22584],[-88.998811,42.225593],[-88.998805,42.224855],[-88.998803,42.224609],[-88.998802,42.224541],[-88.9988,42.224337],[-88.9988,42.22427],[-88.998799,42.224219],[-88.998799,42.22407],[-88.998799,42.22402],[-88.998794,42.223269],[-88.998781,42.221016],[-88.998778,42.220423],[-88.998777,42.220266],[-88.998815,42.220266],[-88.998929,42.220266],[-88.998968,42.220266],[-88.999071,42.220266],[-88.999383,42.220266],[-88.999487,42.220267],[-89.00041,42.220267],[-89.001399,42.220269],[-89.003179,42.220273],[-89.004102,42.220276],[-89.004553,42.220277],[-89.005908,42.22028],[-89.006107,42.220281],[-89.00636,42.220286],[-89.007225,42.220278],[-89.009795,42.220286],[-89.010654,42.220289],[-89.010741,42.220289],[-89.011002,42.220289],[-89.01109,42.22029],[-89.011124,42.220289],[-89.011227,42.220287],[-89.011262,42.220287],[-89.011507,42.220283],[-89.011757,42.220286],[-89.012171,42.220286],[-89.01219,42.221756],[-89.012005,42.224123],[-89.012034,42.224123],[-89.012529,42.224118],[-89.012551,42.223885],[-89.012503,42.221511],[-89.012479,42.220287],[-89.012477,42.220109],[-89.012469,42.219818],[-89.012482,42.219818],[-89.01247,42.218962],[-89.015319,42.21893],[-89.015807,42.218925],[-89.015993,42.219057],[-89.016322,42.219294],[-89.017091,42.219539],[-89.017145,42.219556],[-89.017137,42.219119],[-89.017134,42.218859],[-89.017887,42.218856],[-89.018884,42.218835],[-89.018838,42.217558],[-89.01877,42.216793],[-89.018736,42.215014],[-89.018731,42.21484],[-89.018686,42.213191],[-89.017724,42.213205],[-89.017461,42.213209],[-89.017473,42.213675],[-89.017504,42.214573],[-89.017506,42.214915],[-89.017508,42.214973],[-89.017529,42.215767],[-89.017556,42.216808],[-89.017322,42.216811],[-89.017144,42.216812],[-89.016522,42.216819],[-89.015183,42.216838],[-89.01453,42.216848],[-89.014223,42.215804],[-89.013453,42.213183],[-89.013296,42.212677],[-89.012975,42.211639],[-89.012932,42.211489],[-89.012914,42.211429],[-89.013674,42.211383],[-89.015311,42.211353],[-89.018635,42.211292],[-89.018636,42.211331],[-89.018654,42.211977],[-89.021036,42.21196],[-89.021019,42.210266],[-89.021012,42.209648],[-89.021721,42.209648],[-89.023021,42.209625],[-89.023152,42.209653],[-89.023148,42.209444],[-89.023344,42.209441],[-89.023981,42.209433],[-89.024223,42.20943],[-89.025893,42.209409],[-89.026531,42.209401],[-89.027094,42.209394],[-89.028465,42.209377],[-89.028784,42.20937],[-89.029348,42.20936],[-89.029676,42.209353],[-89.030664,42.209335],[-89.030993,42.209329],[-89.031477,42.209319],[-89.032932,42.209291],[-89.033417,42.209282],[-89.033407,42.208555],[-89.033378,42.206376],[-89.033369,42.20565],[-89.033366,42.205473],[-89.03336,42.204945],[-89.033358,42.204769],[-89.033356,42.204638],[-89.033355,42.204555],[-89.03335,42.204247],[-89.033349,42.204117],[-89.033346,42.203924],[-89.033346,42.203871],[-89.033339,42.203348],[-89.033337,42.203156],[-89.033333,42.202926],[-89.033323,42.202239],[-89.03332,42.20201],[-89.03355,42.202001],[-89.034242,42.201976],[-89.034473,42.201969],[-89.035355,42.201967],[-89.038001,42.201963],[-89.038884,42.201963],[-89.039538,42.201955],[-89.039841,42.201952],[-89.039851,42.201923],[-89.043116,42.201866],[-89.043108,42.201486],[-89.043002,42.196457],[-89.043006,42.196375],[-89.042992,42.196006],[-89.043761,42.19599],[-89.045462,42.195974],[-89.045525,42.195973],[-89.046611,42.195959],[-89.046579,42.194593],[-89.046576,42.194483],[-89.04783,42.194467],[-89.047833,42.194577],[-89.047866,42.196152],[-89.047928,42.199029],[-89.04798,42.201284],[-89.047981,42.201517],[-89.047987,42.201782],[-89.044556,42.201842],[-89.044424,42.201843],[-89.043749,42.201856],[-89.043758,42.2023],[-89.04376,42.202382],[-89.043704,42.202465],[-89.043718,42.202923],[-89.044271,42.202917],[-89.044383,42.202957],[-89.044494,42.202996],[-89.045065,42.202987],[-89.045105,42.2047],[-89.045005,42.205146],[-89.044986,42.20524],[-89.045137,42.205299],[-89.045302,42.205356],[-89.045323,42.205364],[-89.045519,42.205414],[-89.045706,42.205445],[-89.045882,42.205464],[-89.04609,42.205469],[-89.046273,42.205458],[-89.046296,42.205457],[-89.046462,42.205435],[-89.046474,42.205433],[-89.04655,42.205417],[-89.04664,42.205399],[-89.046812,42.205351],[-89.0469,42.205327],[-89.047004,42.205298],[-89.047084,42.20528],[-89.047293,42.205773],[-89.048011,42.205685],[-89.048393,42.205637],[-89.048406,42.206143],[-89.0484,42.206223],[-89.048393,42.206308],[-89.048395,42.206782],[-89.050095,42.206466],[-89.050761,42.206246],[-89.051194,42.206103],[-89.051289,42.20606],[-89.051384,42.206016],[-89.051715,42.205909],[-89.051795,42.205883],[-89.052084,42.205863],[-89.052469,42.205838],[-89.052573,42.205831],[-89.052806,42.20587],[-89.05336,42.205965],[-89.053637,42.206013],[-89.05438,42.20614],[-89.054488,42.206159],[-89.055129,42.20627],[-89.055339,42.206261],[-89.055759,42.20624],[-89.056114,42.206166],[-89.05647,42.206081],[-89.056464,42.205752],[-89.056573,42.205705],[-89.056676,42.205658],[-89.057236,42.205656],[-89.057233,42.205421],[-89.057232,42.205319],[-89.05723,42.205111],[-89.057227,42.204526],[-89.057448,42.204525],[-89.058604,42.20452],[-89.065596,42.20449],[-89.067222,42.204483],[-89.067199,42.200948],[-89.067198,42.200788],[-89.071643,42.20079],[-89.071626,42.198024],[-89.067177,42.19805],[-89.067166,42.196623],[-89.067163,42.196256],[-89.067901,42.196262],[-89.068017,42.19625],[-89.068013,42.195673],[-89.068512,42.195675],[-89.068695,42.195671],[-89.068694,42.195265],[-89.068685,42.19512],[-89.068681,42.194523],[-89.068683,42.194432],[-89.068811,42.194432],[-89.069052,42.194431],[-89.069541,42.194429],[-89.069571,42.194428],[-89.069585,42.19297],[-89.068249,42.192972],[-89.068296,42.194433],[-89.068036,42.194433],[-89.068019,42.193723],[-89.067152,42.19372],[-89.067146,42.190804],[-89.067839,42.190808],[-89.068542,42.190817],[-89.069578,42.190831],[-89.069605,42.190831],[-89.070607,42.190845],[-89.07062,42.191661],[-89.070661,42.191661],[-89.070698,42.191661],[-89.071691,42.191666],[-89.071924,42.191667],[-89.072245,42.191667],[-89.072393,42.191667],[-89.072802,42.19167],[-89.072802,42.191695],[-89.072785,42.191947],[-89.072912,42.19195],[-89.074134,42.191962],[-89.074134,42.192618],[-89.074377,42.19262],[-89.074621,42.192622],[-89.074625,42.194413],[-89.075747,42.19441],[-89.076952,42.194407],[-89.077113,42.194406],[-89.078347,42.194399],[-89.080319,42.194389],[-89.081843,42.194382],[-89.081824,42.193662],[-89.081769,42.191504],[-89.081751,42.190785],[-89.081751,42.190675],[-89.085394,42.190552],[-89.085521,42.190538],[-89.085018,42.187159],[-89.085061,42.189618],[-89.081465,42.189639],[-89.081453,42.187591],[-89.080624,42.187603],[-89.079586,42.187602],[-89.079593,42.187476],[-89.079582,42.18719],[-89.079022,42.187193],[-89.078421,42.187195],[-89.078318,42.187198],[-89.078321,42.187609],[-89.077574,42.187613],[-89.077566,42.187202],[-89.077107,42.187205],[-89.076979,42.187206],[-89.076454,42.187209],[-89.076455,42.18762],[-89.075994,42.187623],[-89.075735,42.187628],[-89.075441,42.187626],[-89.075144,42.187626],[-89.075133,42.1872],[-89.075131,42.187125],[-89.075324,42.187124],[-89.075524,42.187123],[-89.075773,42.187122],[-89.075907,42.18712],[-89.075993,42.187119],[-89.076227,42.187118],[-89.076309,42.187118],[-89.076444,42.187118],[-89.077161,42.187113],[-89.077152,42.18491],[-89.077795,42.184637],[-89.078277,42.184161],[-89.078694,42.184098],[-89.081679,42.18364],[-89.083013,42.183435],[-89.083292,42.1834],[-89.083291,42.183679],[-89.08614,42.183681],[-89.086133,42.181661],[-89.086132,42.181472],[-89.086266,42.181443],[-89.0865,42.181391],[-89.086501,42.181354],[-89.086499,42.181047],[-89.086497,42.180762],[-89.08626,42.180827],[-89.086254,42.180205],[-89.086254,42.180074],[-89.086269,42.178047],[-89.086279,42.177817],[-89.086295,42.177459],[-89.086307,42.177065],[-89.086306,42.177042],[-89.086306,42.176973],[-89.086306,42.176951],[-89.086305,42.176923],[-89.086304,42.17684],[-89.086304,42.176813],[-89.0863,42.176697],[-89.08629,42.176352],[-89.086287,42.176237],[-89.086451,42.176408],[-89.086443,42.175833],[-89.086424,42.174374],[-89.086436,42.173868],[-89.086464,42.173432],[-89.0865,42.173067],[-89.086594,42.172416],[-89.086788,42.171509],[-89.086935,42.170916],[-89.087368,42.169142],[-89.087568,42.168323],[-89.087417,42.168277],[-89.087228,42.168218],[-89.087135,42.168577],[-89.087059,42.168869],[-89.0864,42.16888],[-89.086401,42.16826],[-89.086401,42.167978],[-89.086419,42.167982],[-89.086639,42.168039],[-89.086638,42.165233],[-89.086638,42.16384],[-89.086227,42.163841],[-89.086085,42.163843],[-89.086084,42.163326],[-89.086085,42.161614],[-89.086258,42.161614],[-89.087204,42.161606],[-89.087436,42.161604],[-89.087437,42.161646],[-89.087434,42.161667],[-89.087455,42.16165],[-89.087463,42.161631],[-89.087471,42.161601],[-89.087483,42.161524],[-89.08749,42.161467],[-89.087528,42.161376],[-89.087549,42.161351],[-89.087669,42.16124],[-89.087676,42.161205],[-89.087676,42.161098],[-89.087653,42.160993],[-89.087631,42.160924],[-89.087594,42.160858],[-89.087539,42.160801],[-89.087507,42.160774],[-89.087267,42.160599],[-89.087151,42.160536],[-89.087022,42.160488],[-89.086975,42.16048],[-89.086493,42.160472],[-89.08635,42.16045],[-89.086326,42.160416],[-89.086292,42.16039],[-89.086139,42.160304],[-89.086093,42.160292],[-89.086046,42.160286],[-89.085994,42.160288],[-89.085949,42.16029],[-89.085777,42.16022],[-89.085686,42.160197],[-89.085548,42.160169],[-89.085356,42.160163],[-89.085309,42.160167],[-89.085214,42.160168],[-89.085072,42.160188],[-89.084932,42.160213],[-89.084839,42.16024],[-89.084837,42.160159],[-89.084796,42.158341],[-89.08467,42.152644],[-89.084629,42.150746]]]},"properties":{"ID":2,"DISTRICT":"2","DISTRICTN":2}}
]}