<?xml version="1.0" encoding="UTF-8"?>
<kml xmlns="http://www.opengis.net/kml/2.2">
  <Document>
    <name>Stark County, Illinois - Maps</name>
    <description/>
    <Style id="poly-0097A7-1200-66-normal">
      <LineStyle>
        <color>ffa79700</color>
        <width>1.2</width>
      </LineStyle>
      <PolyStyle>
        <color>42a79700</color>
        <fill>1</fill>
        <outline>1</outline>
      </PolyStyle>
    </Style>
    <Style id="poly-0097A7-1200-66-highlight">
      <LineStyle>
        <color>ffa79700</color>
        <width>1.8</width>
      </LineStyle>
      <PolyStyle>
        <color>42a79700</color>
        <fill>1</fill>
        <outline>1</outline>
      </PolyStyle>
    </Style>
    <StyleMap id="poly-0097A7-1200-66">
      <Pair>
        <key>normal</key>
        <styleUrl>#poly-0097A7-1200-66-normal</styleUrl>
      </Pair>
      <Pair>
        <key>highlight</key>
        <styleUrl>#poly-0097A7-1200-66-highlight</styleUrl>
      </Pair>
    </StyleMap>
    <Style id="poly-0288D1-1200-76-normal">
      <LineStyle>
        <color>ffd18802</color>
        <width>1.2</width>
      </LineStyle>
      <PolyStyle>
        <color>4cd18802</color>
        <fill>1</fill>
        <outline>1</outline>
      </PolyStyle>
    </Style>
    <Style id="poly-0288D1-1200-76-highlight">
      <LineStyle>
        <color>ffd18802</color>
        <width>1.8</width>
      </LineStyle>
      <PolyStyle>
        <color>4cd18802</color>
        <fill>1</fill>
        <outline>1</outline>
      </PolyStyle>
    </Style>
    <StyleMap id="poly-0288D1-1200-76">
      <Pair>
        <key>normal</key>
        <styleUrl>#poly-0288D1-1200-76-normal</styleUrl>
      </Pair>
      <Pair>
        <key>highlight</key>
        <styleUrl>#poly-0288D1-1200-76-highlight</styleUrl>
      </Pair>
    </StyleMap>
    <Style id="poly-0288D1-4001-77-nodesc-normal">
      <LineStyle>
        <color>ffd18802</color>
        <width>4.001</width>
      </LineStyle>
      <PolyStyle>
        <color>4dd18802</color>
        <fill>1</fill>
        <outline>1</outline>
      </PolyStyle>
      <BalloonStyle>
        <text><![CDATA[<h3>$[name]</h3>]]></text>
      </BalloonStyle>
    </Style>
    <Style id="poly-0288D1-4001-77-nodesc-highlight">
      <LineStyle>
        <color>ffd18802</color>
        <width>6.0015</width>
      </LineStyle>
      <PolyStyle>
        <color>4dd18802</color>
        <fill>1</fill>
        <outline>1</outline>
      </PolyStyle>
      <BalloonStyle>
        <text><![CDATA[<h3>$[name]</h3>]]></text>
      </BalloonStyle>
    </Style>
    <StyleMap id="poly-0288D1-4001-77-nodesc">
      <Pair>
        <key>normal</key>
        <styleUrl>#poly-0288D1-4001-77-nodesc-normal</styleUrl>
      </Pair>
      <Pair>
        <key>highlight</key>
        <styleUrl>#poly-0288D1-4001-77-nodesc-highlight</styleUrl>
      </Pair>
    </StyleMap>
    <Style id="poly-0F9D58-1611-74-normal">
      <LineStyle>
        <color>ff589d0f</color>
        <width>1.611</width>
      </LineStyle>
      <PolyStyle>
        <color>4a589d0f</color>
        <fill>1</fill>
        <outline>1</outline>
      </PolyStyle>
    </Style>
    <Style id="poly-0F9D58-1611-74-highlight">
      <LineStyle>
        <color>ff589d0f</color>
        <width>2.4165</width>
      </LineStyle>
      <PolyStyle>
        <color>4a589d0f</color>
        <fill>1</fill>
        <outline>1</outline>
      </PolyStyle>
    </Style>
    <StyleMap id="poly-0F9D58-1611-74">
      <Pair>
        <key>normal</key>
        <styleUrl>#poly-0F9D58-1611-74-normal</styleUrl>
      </Pair>
      <Pair>
        <key>highlight</key>
        <styleUrl>#poly-0F9D58-1611-74-highlight</styleUrl>
      </Pair>
    </StyleMap>
    <Style id="poly-4E342E-1913-76-nodesc-normal">
      <LineStyle>
        <color>ff2e344e</color>
        <width>1.913</width>
      </LineStyle>
      <PolyStyle>
        <color>4c2e344e</color>
        <fill>1</fill>
        <outline>1</outline>
      </PolyStyle>
      <BalloonStyle>
        <text><![CDATA[<h3>$[name]</h3>]]></text>
      </BalloonStyle>
    </Style>
    <Style id="poly-4E342E-1913-76-nodesc-highlight">
      <LineStyle>
        <color>ff2e344e</color>
        <width>2.8695</width>
      </LineStyle>
      <PolyStyle>
        <color>4c2e344e</color>
        <fill>1</fill>
        <outline>1</outline>
      </PolyStyle>
      <BalloonStyle>
        <text><![CDATA[<h3>$[name]</h3>]]></text>
      </BalloonStyle>
    </Style>
    <StyleMap id="poly-4E342E-1913-76-nodesc">
      <Pair>
        <key>normal</key>
        <styleUrl>#poly-4E342E-1913-76-nodesc-normal</styleUrl>
      </Pair>
      <Pair>
        <key>highlight</key>
        <styleUrl>#poly-4E342E-1913-76-nodesc-highlight</styleUrl>
      </Pair>
    </StyleMap>
    <Style id="poly-673AB7-1200-77-nodesc-normal">
      <LineStyle>
        <color>ffb73a67</color>
        <width>1.2</width>
      </LineStyle>
      <PolyStyle>
        <color>4db73a67</color>
        <fill>1</fill>
        <outline>1</outline>
      </PolyStyle>
      <BalloonStyle>
        <text><![CDATA[<h3>$[name]</h3>]]></text>
      </BalloonStyle>
    </Style>
    <Style id="poly-673AB7-1200-77-nodesc-highlight">
      <LineStyle>
        <color>ffb73a67</color>
        <width>1.8</width>
      </LineStyle>
      <PolyStyle>
        <color>4db73a67</color>
        <fill>1</fill>
        <outline>1</outline>
      </PolyStyle>
      <BalloonStyle>
        <text><![CDATA[<h3>$[name]</h3>]]></text>
      </BalloonStyle>
    </Style>
    <StyleMap id="poly-673AB7-1200-77-nodesc">
      <Pair>
        <key>normal</key>
        <styleUrl>#poly-673AB7-1200-77-nodesc-normal</styleUrl>
      </Pair>
      <Pair>
        <key>highlight</key>
        <styleUrl>#poly-673AB7-1200-77-nodesc-highlight</styleUrl>
      </Pair>
    </StyleMap>
    <Style id="poly-880E4F-1201-76-normal">
      <LineStyle>
        <color>ff4f0e88</color>
        <width>1.201</width>
      </LineStyle>
      <PolyStyle>
        <color>4c4f0e88</color>
        <fill>1</fill>
        <outline>1</outline>
      </PolyStyle>
    </Style>
    <Style id="poly-880E4F-1201-76-highlight">
      <LineStyle>
        <color>ff4f0e88</color>
        <width>1.8015</width>
      </LineStyle>
      <PolyStyle>
        <color>4c4f0e88</color>
        <fill>1</fill>
        <outline>1</outline>
      </PolyStyle>
    </Style>
    <StyleMap id="poly-880E4F-1201-76">
      <Pair>
        <key>normal</key>
        <styleUrl>#poly-880E4F-1201-76-normal</styleUrl>
      </Pair>
      <Pair>
        <key>highlight</key>
        <styleUrl>#poly-880E4F-1201-76-highlight</styleUrl>
      </Pair>
    </StyleMap>
    <Style id="poly-C2185B-1200-51-normal">
      <LineStyle>
        <color>ff5b18c2</color>
        <width>1.2</width>
      </LineStyle>
      <PolyStyle>
        <color>335b18c2</color>
        <fill>1</fill>
        <outline>1</outline>
      </PolyStyle>
    </Style>
    <Style id="poly-C2185B-1200-51-highlight">
      <LineStyle>
        <color>ff5b18c2</color>
        <width>1.8</width>
      </LineStyle>
      <PolyStyle>
        <color>335b18c2</color>
        <fill>1</fill>
        <outline>1</outline>
      </PolyStyle>
    </Style>
    <StyleMap id="poly-C2185B-1200-51">
      <Pair>
        <key>normal</key>
        <styleUrl>#poly-C2185B-1200-51-normal</styleUrl>
      </Pair>
      <Pair>
        <key>highlight</key>
        <styleUrl>#poly-C2185B-1200-51-highlight</styleUrl>
      </Pair>
    </StyleMap>
    <Style id="poly-F9A825-1913-48-nodesc-normal">
      <LineStyle>
        <color>ff25a8f9</color>
        <width>1.913</width>
      </LineStyle>
      <PolyStyle>
        <color>3025a8f9</color>
        <fill>1</fill>
        <outline>1</outline>
      </PolyStyle>
      <BalloonStyle>
        <text><![CDATA[<h3>$[name]</h3>]]></text>
      </BalloonStyle>
    </Style>
    <Style id="poly-F9A825-1913-48-nodesc-highlight">
      <LineStyle>
        <color>ff25a8f9</color>
        <width>2.8695</width>
      </LineStyle>
      <PolyStyle>
        <color>3025a8f9</color>
        <fill>1</fill>
        <outline>1</outline>
      </PolyStyle>
      <BalloonStyle>
        <text><![CDATA[<h3>$[name]</h3>]]></text>
      </BalloonStyle>
    </Style>
    <StyleMap id="poly-F9A825-1913-48-nodesc">
      <Pair>
        <key>normal</key>
        <styleUrl>#poly-F9A825-1913-48-nodesc-normal</styleUrl>
      </Pair>
      <Pair>
        <key>highlight</key>
        <styleUrl>#poly-F9A825-1913-48-nodesc-highlight</styleUrl>
      </Pair>
    </StyleMap>
    <Style id="poly-FF5252-2001-43-normal">
      <LineStyle>
        <color>ff5252ff</color>
        <width>2.001</width>
      </LineStyle>
      <PolyStyle>
        <color>2b5252ff</color>
        <fill>1</fill>
        <outline>1</outline>
      </PolyStyle>
    </Style>
    <Style id="poly-FF5252-2001-43-highlight">
      <LineStyle>
        <color>ff5252ff</color>
        <width>3.0015</width>
      </LineStyle>
      <PolyStyle>
        <color>2b5252ff</color>
        <fill>1</fill>
        <outline>1</outline>
      </PolyStyle>
    </Style>
    <StyleMap id="poly-FF5252-2001-43">
      <Pair>
        <key>normal</key>
        <styleUrl>#poly-FF5252-2001-43-normal</styleUrl>
      </Pair>
      <Pair>
        <key>highlight</key>
        <styleUrl>#poly-FF5252-2001-43-highlight</styleUrl>
      </Pair>
    </StyleMap>
    <Style id="poly-FFEA00-1501-48-nodesc-normal">
      <LineStyle>
        <color>ff00eaff</color>
        <width>1.501</width>
      </LineStyle>
      <PolyStyle>
        <color>3000eaff</color>
        <fill>1</fill>
        <outline>1</outline>
      </PolyStyle>
      <BalloonStyle>
        <text><![CDATA[<h3>$[name]</h3>]]></text>
      </BalloonStyle>
    </Style>
    <Style id="poly-FFEA00-1501-48-nodesc-highlight">
      <LineStyle>
        <color>ff00eaff</color>
        <width>2.2515</width>
      </LineStyle>
      <PolyStyle>
        <color>3000eaff</color>
        <fill>1</fill>
        <outline>1</outline>
      </PolyStyle>
      <BalloonStyle>
        <text><![CDATA[<h3>$[name]</h3>]]></text>
      </BalloonStyle>
    </Style>
    <StyleMap id="poly-FFEA00-1501-48-nodesc">
      <Pair>
        <key>normal</key>
        <styleUrl>#poly-FFEA00-1501-48-nodesc-normal</styleUrl>
      </Pair>
      <Pair>
        <key>highlight</key>
        <styleUrl>#poly-FFEA00-1501-48-nodesc-highlight</styleUrl>
      </Pair>
    </StyleMap>
    <Folder>
      <name>County Board Districts</name>
      <Placemark>
        <name>County Board District 1</name>
        <styleUrl>#poly-0288D1-4001-77-nodesc</styleUrl>
        <Polygon>
          <outerBoundaryIs>
            <LinearRing>
              <tessellate>1</tessellate>
              <coordinates>
                -89.8111725,41.0984346,0
                -89.81143,41.0619448,0
                -89.7540092,41.0614917,0
                -89.7548,40.9737,0
                -89.6387,40.9737,0
                -89.6387386,41.2338648,0
                -89.7534943,41.2339939,0
                -89.7542,41.1479,0
                -89.7922897,41.1482197,0
                -89.7923756,41.1054844,0
                -89.7969246,41.1054844,0
                -89.7970963,41.0982406,0
                -89.8111725,41.0984346,0
              </coordinates>
            </LinearRing>
          </outerBoundaryIs>
        </Polygon>
      </Placemark>
      <Placemark>
        <name>County Board District 2</name>
        <styleUrl>#poly-673AB7-1200-77-nodesc</styleUrl>
        <Polygon>
          <outerBoundaryIs>
            <LinearRing>
              <tessellate>1</tessellate>
              <coordinates>
                -89.7548,40.9737,0
                -89.7540092,41.0614917,0
                -89.81143,41.0619448,0
                -89.8111725,41.0984346,0
                -89.7970963,41.0982406,0
                -89.7969246,41.1054844,0
                -89.7923756,41.1054844,0
                -89.7922897,41.1482197,0
                -89.7542,41.1479,0
                -89.7534943,41.2339939,0
                -89.8681212,41.2345103,0
                -89.8681641,41.1495123,0
                -89.9845505,41.149383,0
                -89.9845505,41.1456344,0
                -89.9855805,40.9745845,0
                -89.7548,40.9737,0
              </coordinates>
            </LinearRing>
          </outerBoundaryIs>
        </Polygon>
      </Placemark>
    </Folder>
    <Folder>
      <name>Fire Districts</name>
      <Placemark>
        <name>Toulon Fire Department</name>
        <description><![CDATA[description: <br>pkuid: 5<br>Fire Department: Toulon Fire<br>Ambulance: Stark County Ambulance]]></description>
        <styleUrl>#poly-FF5252-2001-43</styleUrl>
        <ExtendedData>
          <Data name="description">
            <value/>
          </Data>
          <Data name="pkuid">
            <value>5</value>
          </Data>
          <Data name="Fire Department">
            <value>Toulon Fire</value>
          </Data>
          <Data name="Ambulance">
            <value>Stark County Ambulance</value>
          </Data>
        </ExtendedData>
        <Polygon>
          <outerBoundaryIs>
            <LinearRing>
              <tessellate>1</tessellate>
              <coordinates>
                -89.98516,41.02544,0
                -89.98549,40.97414,0
                -89.869528,40.974981,0
                -89.86908,41.00412,0
                -89.83114,41.004373,0
                -89.83067,41.07655,0
                -89.811436,41.076445,0
                -89.811211,41.134895,0
                -89.792579,41.134681,0
                -89.792747,41.148551,0
                -89.773231,41.148058,0
                -89.77328,41.15516,0
                -89.778045,41.1553,0
                -89.777929,41.162709,0
                -89.773231,41.162709,0
                -89.773231,41.165783,0
                -89.76317,41.16587,0
                -89.76345,41.16954,0
                -89.782569,41.169784,0
                -89.782568,41.177382,0
                -89.782504,41.192012,0
                -89.792218,41.192004,0
                -89.792254,41.199073,0
                -89.86791,41.20036,0
                -89.868649,41.149571,0
                -89.906572,41.149376,0
                -89.90639,41.120894,0
                -89.915205,41.121068,0
                -89.915147,41.106859,0
                -89.92585,41.106929,0
                -89.92586,41.099217,0
                -89.93562,41.098739,0
                -89.936374,41.02636,0
                -89.98516,41.02544,0
              </coordinates>
            </LinearRing>
          </outerBoundaryIs>
        </Polygon>
      </Placemark>
      <Placemark>
        <name>Wyoming/Speer Fire Department</name>
        <description><![CDATA[description: <br>pkuid: 4<br>Fire Department: Wyoming Fire<br>Ambulance: Stark County Ambulance]]></description>
        <styleUrl>#poly-FF5252-2001-43</styleUrl>
        <ExtendedData>
          <Data name="description">
            <value/>
          </Data>
          <Data name="pkuid">
            <value>4</value>
          </Data>
          <Data name="Fire Department">
            <value>Wyoming Fire</value>
          </Data>
          <Data name="Ambulance">
            <value>Stark County Ambulance</value>
          </Data>
        </ExtendedData>
        <Polygon>
          <outerBoundaryIs>
            <LinearRing>
              <tessellate>1</tessellate>
              <coordinates>
                -89.869528,40.974981,0
                -89.639248,40.973693,0
                -89.638402,40.988348,0
                -89.63972,41.002973,0
                -89.639761,41.069154,0
                -89.657797,41.069299,0
                -89.657971,41.08374,0
                -89.696423,41.083392,0
                -89.696545,41.11219,0
                -89.71557,41.11221,0
                -89.71554,41.12707,0
                -89.754361,41.126773,0
                -89.753942,41.147629,0
                -89.792812,41.14858,0
                -89.792579,41.134681,0
                -89.811211,41.134895,0
                -89.811475,41.07647,0
                -89.83067,41.07655,0
                -89.831205,41.004576,0
                -89.86908,41.00406,0
                -89.869528,40.974981,0
              </coordinates>
            </LinearRing>
          </outerBoundaryIs>
        </Polygon>
      </Placemark>
      <Placemark>
        <name>Bradford Fire Department</name>
        <description><![CDATA[description: <br>pkuid: 3<br>Fire Department: Bradford Fire<br>Ambulance: Bradford Rescue Squad]]></description>
        <styleUrl>#poly-FF5252-2001-43</styleUrl>
        <ExtendedData>
          <Data name="description">
            <value/>
          </Data>
          <Data name="pkuid">
            <value>3</value>
          </Data>
          <Data name="Fire Department">
            <value>Bradford Fire</value>
          </Data>
          <Data name="Ambulance">
            <value>Bradford Rescue Squad</value>
          </Data>
        </ExtendedData>
        <Polygon>
          <outerBoundaryIs>
            <LinearRing>
              <tessellate>1</tessellate>
              <coordinates>
                -89.63848,41.234275,0
                -89.753567,41.233883,0
                -89.753591,41.20623,0
                -89.772861,41.206286,0
                -89.77289,41.192004,0
                -89.782504,41.192012,0
                -89.782569,41.169784,0
                -89.76345,41.16954,0
                -89.76327,41.16601,0
                -89.77318,41.165732,0
                -89.773238,41.162774,0
                -89.777762,41.162716,0
                -89.778052,41.155336,0
                -89.773238,41.15522,0
                -89.773282,41.148072,0
                -89.753942,41.147629,0
                -89.754433,41.126875,0
                -89.71554,41.12707,0
                -89.71559,41.11242,0
                -89.696545,41.11219,0
                -89.696437,41.083378,0
                -89.658044,41.083842,0
                -89.657812,41.069401,0
                -89.639717,41.069227,0
                -89.63848,41.234275,0
              </coordinates>
            </LinearRing>
          </outerBoundaryIs>
        </Polygon>
      </Placemark>
      <Placemark>
        <name>Kewanee Rural Fire Department</name>
        <description><![CDATA[description: <br>pkuid: 1<br>Fire Department: Kewanee Rural Fire<br>Ambulance: Kewanee Rural Fire]]></description>
        <styleUrl>#poly-FF5252-2001-43</styleUrl>
        <ExtendedData>
          <Data name="description">
            <value/>
          </Data>
          <Data name="pkuid">
            <value>1</value>
          </Data>
          <Data name="Fire Department">
            <value>Kewanee Rural Fire</value>
          </Data>
          <Data name="Ambulance">
            <value>Kewanee Rural Fire</value>
          </Data>
        </ExtendedData>
        <Polygon>
          <outerBoundaryIs>
            <LinearRing>
              <tessellate>1</tessellate>
              <coordinates>
                -89.867574,41.234449,0
                -89.86791,41.20036,0
                -89.83031,41.19986,0
                -89.830257,41.206458,0
                -89.81148,41.20694,0
                -89.810732,41.234185,0
                -89.867574,41.234449,0
              </coordinates>
            </LinearRing>
          </outerBoundaryIs>
        </Polygon>
      </Placemark>
      <Placemark>
        <name>Neponset Fire Department</name>
        <description><![CDATA[description: <br>pkuid: 2<br>Fire Department: Neponset Fire<br>Ambulance: Neponset Fire]]></description>
        <styleUrl>#poly-FF5252-2001-43</styleUrl>
        <ExtendedData>
          <Data name="description">
            <value/>
          </Data>
          <Data name="pkuid">
            <value>2</value>
          </Data>
          <Data name="Fire Department">
            <value>Neponset Fire</value>
          </Data>
          <Data name="Ambulance">
            <value>Neponset Fire</value>
          </Data>
        </ExtendedData>
        <Polygon>
          <outerBoundaryIs>
            <LinearRing>
              <tessellate>1</tessellate>
              <coordinates>
                -89.810732,41.234185,0
                -89.81128,41.2069,0
                -89.830257,41.206458,0
                -89.83031,41.19986,0
                -89.792392,41.19908,0
                -89.792218,41.192004,0
                -89.782504,41.192012,0
                -89.78233,41.19178,0
                -89.772847,41.192004,0
                -89.773021,41.206271,0
                -89.753398,41.20607,0
                -89.753567,41.233883,0
                -89.810732,41.234185,0
              </coordinates>
            </LinearRing>
          </outerBoundaryIs>
        </Polygon>
      </Placemark>
      <Placemark>
        <name>LaFayette Fire Department</name>
        <description><![CDATA[description: <br>pkuid: 6<br>Fire Department: LaFayette Fire<br>Ambulance: Stark County Ambulance]]></description>
        <styleUrl>#poly-FF5252-2001-43</styleUrl>
        <ExtendedData>
          <Data name="description">
            <value/>
          </Data>
          <Data name="pkuid">
            <value>6</value>
          </Data>
          <Data name="Fire Department">
            <value>LaFayette Fire</value>
          </Data>
          <Data name="Ambulance">
            <value>Stark County Ambulance</value>
          </Data>
        </ExtendedData>
        <Polygon>
          <outerBoundaryIs>
            <LinearRing>
              <tessellate>1</tessellate>
              <coordinates>
                -89.985641,41.026179,0
                -89.936229,41.026295,0
                -89.935533,41.09879,0
                -89.925906,41.099022,0
                -89.925906,41.106794,0
                -89.915118,41.106678,0
                -89.915118,41.120945,0
                -89.906419,41.120829,0
                -89.906071,41.149363,0
                -89.970562,41.149247,0
                -89.970562,41.142171,0
                -89.975666,41.142171,0
                -89.97555,41.149247,0
                -89.984945,41.149247,0
                -89.985641,41.026179,0
              </coordinates>
            </LinearRing>
          </outerBoundaryIs>
        </Polygon>
      </Placemark>
    </Folder>
    <Folder>
      <name>School Districts</name>
      <Placemark>
        <name>Wethersfield District #230</name>
        <description><![CDATA[Wethersfield District #230<br><br>description: <br>pkuid: 1]]></description>
        <styleUrl>#poly-0F9D58-1611-74</styleUrl>
        <ExtendedData>
          <Data name="description">
            <value/>
          </Data>
          <Data name="pkuid">
            <value>1</value>
          </Data>
        </ExtendedData>
        <Polygon>
          <outerBoundaryIs>
            <LinearRing>
              <tessellate>1</tessellate>
              <coordinates>
                -89.867718,41.234455,0
                -89.8684,41.193108,0
                -89.850257,41.192918,0
                -89.850315,41.207011,0
                -89.840282,41.206953,0
                -89.840166,41.214492,0
                -89.83019,41.21435,0
                -89.820157,41.21426,0
                -89.820257,41.207143,0
                -89.80629,41.20664,0
                -89.806238,41.210896,0
                -89.811284,41.211012,0
                -89.811342,41.214144,0
                -89.80629,41.21393,0
                -89.806606,41.21492,0
                -89.806644,41.225859,0
                -89.81099,41.22608,0
                -89.81073,41.23433,0
                -89.867718,41.234455,0
              </coordinates>
            </LinearRing>
          </outerBoundaryIs>
        </Polygon>
      </Placemark>
      <Placemark>
        <name>Bradford District #1</name>
        <description><![CDATA[Bradford District #1<br><br>description: <br>pkuid: 2]]></description>
        <styleUrl>#poly-0F9D58-1611-74</styleUrl>
        <ExtendedData>
          <Data name="description">
            <value/>
          </Data>
          <Data name="pkuid">
            <value>2</value>
          </Data>
        </ExtendedData>
        <Polygon>
          <outerBoundaryIs>
            <LinearRing>
              <tessellate>1</tessellate>
              <coordinates>
                -89.762857,41.234095,0
                -89.763089,41.198775,0
                -89.772742,41.198735,0
                -89.772782,41.184325,0
                -89.774572,41.18445,0
                -89.774572,41.177665,0
                -89.782634,41.177607,0
                -89.78282,41.13452,0
                -89.754419,41.13469,0
                -89.754367,41.141224,0
                -89.73503,41.14129,0
                -89.73556,41.13399,0
                -89.7405,41.134023,0
                -89.740471,41.130862,0
                -89.725914,41.13092,0
                -89.725885,41.126918,0
                -89.70592,41.12695,0
                -89.70599,41.12004,0
                -89.70624,41.11903,0
                -89.70629,41.11238,0
                -89.668179,41.112361,0
                -89.668179,41.103024,0
                -89.677168,41.103198,0
                -89.677168,41.101458,0
                -89.668179,41.101458,0
                -89.668208,41.090497,0
                -89.663568,41.090584,0
                -89.663626,41.08374,0
                -89.669194,41.08374,0
                -89.669194,41.076085,0
                -89.639656,41.075829,0
                -89.638538,41.233753,0
                -89.762857,41.234095,0
              </coordinates>
            </LinearRing>
          </outerBoundaryIs>
        </Polygon>
      </Placemark>
      <Placemark>
        <name>Stark County District #100</name>
        <description><![CDATA[Stark County District #100<br><br>description: <br>pkuid: 3]]></description>
        <styleUrl>#poly-0F9D58-1611-74</styleUrl>
        <ExtendedData>
          <Data name="description">
            <value/>
          </Data>
          <Data name="pkuid">
            <value>3</value>
          </Data>
        </ExtendedData>
        <Polygon>
          <outerBoundaryIs>
            <LinearRing>
              <tessellate>1</tessellate>
              <coordinates>
                -89.985915,40.98945,0
                -89.965843,40.989381,0
                -89.965785,40.978652,0
                -89.971179,40.978652,0
                -89.971179,40.974592,0
                -89.638372,40.973722,0
                -89.638402,40.988348,0
                -89.63972,41.002973,0
                -89.639656,41.075829,0
                -89.669194,41.076085,0
                -89.669194,41.08374,0
                -89.663626,41.08374,0
                -89.663568,41.090584,0
                -89.668208,41.090497,0
                -89.668179,41.101458,0
                -89.677168,41.101458,0
                -89.677168,41.103198,0
                -89.668179,41.103024,0
                -89.668179,41.112361,0
                -89.70629,41.11238,0
                -89.70624,41.11903,0
                -89.70599,41.12021,0
                -89.70592,41.12695,0
                -89.725885,41.126918,0
                -89.725914,41.13092,0
                -89.740471,41.130862,0
                -89.7405,41.134023,0
                -89.73502,41.13395,0
                -89.73503,41.14129,0
                -89.754367,41.141224,0
                -89.754419,41.13469,0
                -89.78282,41.13452,0
                -89.782634,41.177607,0
                -89.774572,41.177665,0
                -89.774572,41.18445,0
                -89.772782,41.184325,0
                -89.772742,41.198735,0
                -89.763089,41.198775,0
                -89.762857,41.234095,0
                -89.81073,41.23433,0
                -89.810908,41.225924,0
                -89.806644,41.225859,0
                -89.806606,41.21492,0
                -89.8062,41.21415,0
                -89.811342,41.214144,0
                -89.811284,41.211012,0
                -89.806238,41.210896,0
                -89.80629,41.20664,0
                -89.820257,41.207143,0
                -89.820157,41.21426,0
                -89.83019,41.2145,0
                -89.840166,41.214492,0
                -89.840282,41.206953,0
                -89.850315,41.207011,0
                -89.850257,41.192918,0
                -89.8684,41.193108,0
                -89.868649,41.149571,0
                -89.985287,41.149434,0
                -89.985915,40.98945,0
              </coordinates>
            </LinearRing>
          </outerBoundaryIs>
        </Polygon>
      </Placemark>
      <Placemark>
        <name>Williamsfield District #210</name>
        <description><![CDATA[Williamsfield District #210<br><br>description: <br>pkuid: 4]]></description>
        <styleUrl>#poly-0F9D58-1611-74</styleUrl>
        <ExtendedData>
          <Data name="description">
            <value/>
          </Data>
          <Data name="pkuid">
            <value>4</value>
          </Data>
        </ExtendedData>
        <Polygon>
          <outerBoundaryIs>
            <LinearRing>
              <tessellate>1</tessellate>
              <coordinates>
                -89.985915,40.98945,0
                -89.985924,40.974638,0
                -89.971179,40.974592,0
                -89.971179,40.978652,0
                -89.965785,40.978652,0
                -89.965843,40.989381,0
                -89.985915,40.98945,0
              </coordinates>
            </LinearRing>
          </outerBoundaryIs>
        </Polygon>
      </Placemark>
    </Folder>
    <Folder>
      <name>Library Districts</name>
      <Placemark>
        <name>Williamsfield Public</name>
        <styleUrl>#poly-F9A825-1913-48-nodesc</styleUrl>
        <Polygon>
          <outerBoundaryIs>
            <LinearRing>
              <tessellate>1</tessellate>
              <coordinates>
                -89.9855805,40.9745845,0
                -89.971179,40.974592,0
                -89.9711609,40.9779865,0
                -89.9661827,40.9779865,0
                -89.966353,40.989305,0
                -89.985506,40.989439,0
                -89.9855805,40.9745845,0
              </coordinates>
            </LinearRing>
          </outerBoundaryIs>
        </Polygon>
      </Placemark>
      <Placemark>
        <name>Bradford Public</name>
        <styleUrl>#poly-F9A825-1913-48-nodesc</styleUrl>
        <Polygon>
          <outerBoundaryIs>
            <LinearRing>
              <tessellate>1</tessellate>
              <coordinates>
                -89.762857,41.234095,0
                -89.763089,41.198775,0
                -89.772742,41.198735,0
                -89.772782,41.184325,0
                -89.7749519,41.1843386,0
                -89.7749949,41.1771035,0
                -89.782505,41.1771681,0
                -89.7824621,41.1345164,0
                -89.754472,41.13408,0
                -89.754367,41.141224,0
                -89.73503,41.14129,0
                -89.73502,41.13395,0
                -89.7398901,41.1338699,0
                -89.7398901,41.1308962,0
                -89.7398901,41.1305729,0
                -89.725256,41.1306053,0
                -89.725256,41.1269525,0
                -89.70592,41.12695,0
                -89.7060299,41.1195494,0
                -89.70624,41.11903,0
                -89.70629,41.11238,0
                -89.667449,41.1124041,0
                -89.6675348,41.1032855,0
                -89.677168,41.103198,0
                -89.6771049,41.1019273,0
                -89.6675348,41.1019273,0
                -89.6675348,41.0905108,0
                -89.6627283,41.0905755,0
                -89.6626425,41.0832653,0
                -89.6675348,41.083233,0
                -89.667449,41.0760514,0
                -89.6387815,41.0758573,0
                -89.6387386,41.2338648,0
                -89.762857,41.234095,0
              </coordinates>
            </LinearRing>
          </outerBoundaryIs>
        </Polygon>
      </Placemark>
      <Placemark>
        <name>LaFayette Public Library</name>
        <styleUrl>#poly-F9A825-1913-48-nodesc</styleUrl>
        <Polygon>
          <outerBoundaryIs>
            <LinearRing>
              <tessellate>1</tessellate>
              <coordinates>
                -89.9771368,41.1060624,0
                -89.9697661,41.1060826,0
                -89.9698734,41.1126466,0
                -89.9771905,41.1126466,0
                -89.9771368,41.1060624,0
              </coordinates>
            </LinearRing>
          </outerBoundaryIs>
        </Polygon>
      </Placemark>
      <Placemark>
        <name>Toulon Public</name>
        <styleUrl>#poly-F9A825-1913-48-nodesc</styleUrl>
        <Polygon>
          <outerBoundaryIs>
            <LinearRing>
              <tessellate>1</tessellate>
              <coordinates>
                -89.8684,41.193108,0
                -89.8681641,41.1495123,0
                -89.9845505,41.149383,0
                -89.985506,40.989439,0
                -89.966353,40.989305,0
                -89.9661827,40.9779865,0
                -89.9711609,40.9779865,0
                -89.971179,40.974592,0
                -89.830656,40.9749085,0
                -89.8309565,41.0621389,0
                -89.81143,41.0619448,0
                -89.8114729,41.0802569,0
                -89.8019886,41.0801922,0
                -89.8019457,41.0910607,0
                -89.7971392,41.090996,0
                -89.7970963,41.0982406,0
                -89.8019886,41.0982729,0
                -89.8020315,41.1019273,0
                -89.7968817,41.1018303,0
                -89.7969246,41.1054844,0
                -89.8019457,41.1057108,0
                -89.8018169,41.109203,0
                -89.7823763,41.108815,0
                -89.782505,41.1771681,0
                -89.7749949,41.1771035,0
                -89.7749519,41.1843386,0
                -89.772782,41.184325,0
                -89.7728062,41.1989357,0
                -89.763089,41.198775,0
                -89.7630215,41.2279263,0
                -89.7630209,41.2305083,0
                -89.762857,41.234095,0
                -89.810732,41.234185,0
                -89.8107862,41.2253441,0
                -89.8061943,41.2252795,0
                -89.8062,41.21415,0
                -89.8109579,41.2143365,0
                -89.8110008,41.210979,0
                -89.806238,41.210896,0
                -89.80629,41.20664,0
                -89.8206139,41.2072016,0
                -89.8206139,41.2143688,0
                -89.8398399,41.2145948,0
                -89.8399472,41.2074276,0
                -89.8494959,41.207476,0
                -89.8493671,41.1929132,0
                -89.8684,41.193108,0
              </coordinates>
            </LinearRing>
          </outerBoundaryIs>
        </Polygon>
      </Placemark>
      <Placemark>
        <name>Kewanee Public</name>
        <styleUrl>#poly-F9A825-1913-48-nodesc</styleUrl>
        <Polygon>
          <outerBoundaryIs>
            <LinearRing>
              <tessellate>1</tessellate>
              <coordinates>
                -89.8684,41.193108,0
                -89.8493671,41.1929132,0
                -89.8494959,41.207476,0
                -89.8399472,41.2074276,0
                -89.8398399,41.2145948,0
                -89.8206139,41.2143688,0
                -89.8206139,41.2072016,0
                -89.80629,41.20664,0
                -89.806238,41.210896,0
                -89.8110008,41.210979,0
                -89.8109579,41.2143365,0
                -89.8062,41.21415,0
                -89.8061943,41.2252795,0
                -89.8107862,41.2253441,0
                -89.810732,41.234185,0
                -89.8681212,41.2345103,0
                -89.8684,41.193108,0
              </coordinates>
            </LinearRing>
          </outerBoundaryIs>
        </Polygon>
      </Placemark>
      <Placemark>
        <name>Wyoming Public</name>
        <styleUrl>#poly-F9A825-1913-48-nodesc</styleUrl>
        <Polygon>
          <outerBoundaryIs>
            <LinearRing>
              <tessellate>1</tessellate>
              <coordinates>
                -89.830656,40.9749085,0
                -89.6387,40.9737,0
                -89.6387815,41.0758573,0
                -89.667449,41.0760514,0
                -89.6675348,41.083233,0
                -89.6626425,41.0832653,0
                -89.6627283,41.0905755,0
                -89.6675348,41.0905108,0
                -89.6675348,41.1019273,0
                -89.6771049,41.1019273,0
                -89.677168,41.103198,0
                -89.6675348,41.1032855,0
                -89.667449,41.1124041,0
                -89.70629,41.11238,0
                -89.70624,41.11903,0
                -89.7060299,41.1195494,0
                -89.70592,41.12695,0
                -89.725256,41.1269525,0
                -89.725256,41.1306053,0
                -89.7398901,41.1305729,0
                -89.7398901,41.1338699,0
                -89.73502,41.13395,0
                -89.73503,41.14129,0
                -89.754367,41.141224,0
                -89.754472,41.13408,0
                -89.7824621,41.1345164,0
                -89.7823763,41.108815,0
                -89.8018169,41.109203,0
                -89.8019457,41.1057108,0
                -89.7969246,41.1054844,0
                -89.7968817,41.1018303,0
                -89.8020315,41.1019273,0
                -89.8019886,41.0982729,0
                -89.7970963,41.0982406,0
                -89.7971392,41.090996,0
                -89.8019457,41.0910607,0
                -89.8019886,41.0801922,0
                -89.8114729,41.0802569,0
                -89.81143,41.0619448,0
                -89.8309565,41.0621389,0
                -89.830656,40.9749085,0
              </coordinates>
            </LinearRing>
          </outerBoundaryIs>
        </Polygon>
      </Placemark>
    </Folder>
    <Folder>
      <name>Precincts</name>
      <Placemark>
        <name>West Toulon</name>
        <styleUrl>#poly-FFEA00-1501-48-nodesc</styleUrl>
        <Polygon>
          <outerBoundaryIs>
            <LinearRing>
              <tessellate>1</tessellate>
              <coordinates>
                -89.81143,41.0619448,0
                -89.8111725,41.0984346,0
                -89.7970963,41.0982406,0
                -89.7969246,41.1054844,0
                -89.7923756,41.1054844,0
                -89.7922897,41.1482197,0
                -89.8681641,41.1495123,0
                -89.8687172,41.0622036,0
                -89.81143,41.0619448,0
              </coordinates>
            </LinearRing>
          </outerBoundaryIs>
        </Polygon>
      </Placemark>
      <Placemark>
        <name>East Toulon</name>
        <styleUrl>#poly-FFEA00-1501-48-nodesc</styleUrl>
        <Polygon>
          <outerBoundaryIs>
            <LinearRing>
              <tessellate>1</tessellate>
              <coordinates>
                -89.81143,41.0619448,0
                -89.7540092,41.0614917,0
                -89.7542,41.1479,0
                -89.7922897,41.1482197,0
                -89.7923756,41.1054844,0
                -89.7969246,41.1054844,0
                -89.7970963,41.0982406,0
                -89.8111725,41.0984346,0
                -89.81143,41.0619448,0
              </coordinates>
            </LinearRing>
          </outerBoundaryIs>
        </Polygon>
      </Placemark>
      <Placemark>
        <name>Essex</name>
        <styleUrl>#poly-FFEA00-1501-48-nodesc</styleUrl>
        <Polygon>
          <outerBoundaryIs>
            <LinearRing>
              <tessellate>1</tessellate>
              <coordinates>
                -89.8687172,41.0622036,0
                -89.8694515,40.9741957,0
                -89.7548,40.9737,0
                -89.7540092,41.0614917,0
                -89.8687172,41.0622036,0
              </coordinates>
            </LinearRing>
          </outerBoundaryIs>
        </Polygon>
      </Placemark>
      <Placemark>
        <name>West Jersey</name>
        <styleUrl>#poly-FFEA00-1501-48-nodesc</styleUrl>
        <Polygon>
          <outerBoundaryIs>
            <LinearRing>
              <tessellate>1</tessellate>
              <coordinates>
                -89.8687172,41.0622036,0
                -89.9850655,41.0622468,0
                -89.9855805,40.9745845,0
                -89.8694515,40.9741957,0
                -89.8687172,41.0622036,0
              </coordinates>
            </LinearRing>
          </outerBoundaryIs>
        </Polygon>
      </Placemark>
      <Placemark>
        <name>Goshen</name>
        <styleUrl>#poly-FFEA00-1501-48-nodesc</styleUrl>
        <Polygon>
          <outerBoundaryIs>
            <LinearRing>
              <tessellate>1</tessellate>
              <coordinates>
                -89.8687172,41.0622036,0
                -89.8681641,41.1495123,0
                -89.9845505,41.149383,0
                -89.9850655,41.0622468,0
                -89.8687172,41.0622036,0
              </coordinates>
            </LinearRing>
          </outerBoundaryIs>
        </Polygon>
      </Placemark>
      <Placemark>
        <name>Elmira</name>
        <styleUrl>#poly-FFEA00-1501-48-nodesc</styleUrl>
        <Polygon>
          <outerBoundaryIs>
            <LinearRing>
              <tessellate>1</tessellate>
              <coordinates>
                -89.8681641,41.1495123,0
                -89.7922897,41.1482197,0
                -89.7542,41.1479,0
                -89.7534943,41.2339939,0
                -89.8681212,41.2345103,0
                -89.8681641,41.1495123,0
              </coordinates>
            </LinearRing>
          </outerBoundaryIs>
        </Polygon>
      </Placemark>
      <Placemark>
        <name>Valley</name>
        <styleUrl>#poly-FFEA00-1501-48-nodesc</styleUrl>
        <Polygon>
          <outerBoundaryIs>
            <LinearRing>
              <tessellate>1</tessellate>
              <coordinates>
                -89.7540092,41.0614917,0
                -89.7548,40.9737,0
                -89.6387,40.9737,0
                -89.6387815,41.061427,0
                -89.7540092,41.0614917,0
              </coordinates>
            </LinearRing>
          </outerBoundaryIs>
        </Polygon>
      </Placemark>
      <Placemark>
        <name>Penn</name>
        <styleUrl>#poly-FFEA00-1501-48-nodesc</styleUrl>
        <Polygon>
          <outerBoundaryIs>
            <LinearRing>
              <tessellate>1</tessellate>
              <coordinates>
                -89.7542,41.1479,0
                -89.7540092,41.0614917,0
                -89.6387815,41.061427,0
                -89.6388,41.148444,0
                -89.7542,41.1479,0
              </coordinates>
            </LinearRing>
          </outerBoundaryIs>
        </Polygon>
      </Placemark>
      <Placemark>
        <name>Osceola</name>
        <styleUrl>#poly-FFEA00-1501-48-nodesc</styleUrl>
        <Polygon>
          <outerBoundaryIs>
            <LinearRing>
              <tessellate>1</tessellate>
              <coordinates>
                -89.7542,41.1479,0
                -89.6388,41.148444,0
                -89.6387386,41.2338648,0
                -89.7534943,41.2339939,0
                -89.7542,41.1479,0
              </coordinates>
            </LinearRing>
          </outerBoundaryIs>
        </Polygon>
      </Placemark>
    </Folder>
    <Folder>
      <name>Congressional Districts</name>
      <Placemark>
        <name>Illinois 16th Congressional</name>
        <styleUrl>#poly-4E342E-1913-76-nodesc</styleUrl>
        <Polygon>
          <outerBoundaryIs>
            <LinearRing>
              <tessellate>1</tessellate>
              <coordinates>
                -89.7542,41.1479,0
                -89.7542286,41.1351952,0
                -89.7513533,41.1339669,0
                -89.73502,41.13395,0
                -89.73503,41.14129,0
                -89.7154713,41.1415623,0
                -89.6388674,41.1413361,0
                -89.6387386,41.2338648,0
                -89.8681212,41.2345103,0
                -89.8681641,41.1495123,0
                -89.7922897,41.1482197,0
                -89.7542,41.1479,0
              </coordinates>
            </LinearRing>
          </outerBoundaryIs>
        </Polygon>
      </Placemark>
      <Placemark>
        <name>Illinois 18th Congressional</name>
        <styleUrl>#poly-4E342E-1913-76-nodesc</styleUrl>
        <Polygon>
          <outerBoundaryIs>
            <LinearRing>
              <tessellate>1</tessellate>
              <coordinates>
                -89.7542,41.1479,0
                -89.7922897,41.1482197,0
                -89.8681641,41.1495123,0
                -89.9845505,41.149383,0
                -89.9850655,41.0622468,0
                -89.9855805,40.9745845,0
                -89.8694515,40.9741957,0
                -89.6387,40.9737,0
                -89.6388674,41.1413361,0
                -89.7059441,41.14153,0
                -89.73503,41.14129,0
                -89.73502,41.13395,0
                -89.7513533,41.1339669,0
                -89.7542286,41.1351952,0
                -89.7542,41.1479,0
              </coordinates>
            </LinearRing>
          </outerBoundaryIs>
        </Polygon>
      </Placemark>
    </Folder>
    <Folder>
      <name>Zip Codes</name>
      <Placemark>
        <name>61421</name>
        <description><![CDATA[61421<br><br>description: <br>STATEFP10: 17<br>GEOID10: 1761421<br>CLASSFP10: B5<br>MTFCC10: G6350<br>FUNCSTAT10: S<br>ALAND10: 245234078<br>AWATER10: 209610<br>INTPTLAT10: +41.1875389<br>INTPTLON10: -089.6479347<br>PARTFLG10: N]]></description>
        <styleUrl>#poly-0097A7-1200-66</styleUrl>
        <ExtendedData>
          <Data name="description">
            <value/>
          </Data>
          <Data name="STATEFP10">
            <value>17</value>
          </Data>
          <Data name="GEOID10">
            <value>1761421</value>
          </Data>
          <Data name="CLASSFP10">
            <value>B5</value>
          </Data>
          <Data name="MTFCC10">
            <value>G6350</value>
          </Data>
          <Data name="FUNCSTAT10">
            <value>S</value>
          </Data>
          <Data name="ALAND10">
            <value>245234078</value>
          </Data>
          <Data name="AWATER10">
            <value>209610</value>
          </Data>
          <Data name="INTPTLAT10">
            <value>+41.1875389</value>
          </Data>
          <Data name="INTPTLON10">
            <value>-089.6479347</value>
          </Data>
          <Data name="PARTFLG10">
            <value>N</value>
          </Data>
        </ExtendedData>
        <Polygon>
          <outerBoundaryIs>
            <LinearRing>
              <tessellate>1</tessellate>
              <coordinates>
                -89.782319,41.198965,0
                -89.783891,41.198992,0
                -89.78484,41.19902,0
                -89.786739,41.199045,0
                -89.790069,41.199111,0
                -89.793397,41.199196,0
                -89.796243,41.199281,0
                -89.796527,41.199271,0
                -89.79662,41.199255,0
                -89.796802,41.199211,0
                -89.797051,41.199104,0
                -89.797279,41.198971,0
                -89.797554,41.198772,0
                -89.7979,41.19843,0
                -89.798138,41.198122,0
                -89.798581,41.19749,0
                -89.798781,41.197164,0
                -89.799486,41.195834,0
                -89.799607,41.19559,0
                -89.79982,41.195164,0
                -89.800067,41.194621,0
                -89.800154,41.194342,0
                -89.800178,41.194129,0
                -89.800166,41.193986,0
                -89.800074,41.193565,0
                -89.800033,41.193287,0
                -89.800037,41.193076,0
                -89.80007,41.192938,0
                -89.800128,41.192804,0
                -89.8003,41.192555,0
                -89.800437,41.19242,0
                -89.800772,41.192352,0
                -89.801309,41.192299,0
                -89.802001,41.192232,0
                -89.802936,41.192141,0
                -89.80349,41.192105,0
                -89.803473,41.191892,0
                -89.803485,41.191749,0
                -89.803509,41.19132,0
                -89.803539,41.191179,0
                -89.803597,41.191045,0
                -89.803736,41.190859,0
                -89.805326,41.189171,0
                -89.805752,41.1887,0
                -89.805888,41.188516,0
                -89.805956,41.188385,0
                -89.805983,41.188247,0
                -89.805983,41.188155,0
                -89.805983,41.188106,0
                -89.805909,41.187685,0
                -89.805907,41.18747,0
                -89.805932,41.187328,0
                -89.805952,41.187258,0
                -89.80585,41.187153,0
                -89.805426,41.187024,0
                -89.804057,41.186488,0
                -89.8034,41.186231,0
                -89.802815,41.186016,0
                -89.802224,41.185788,0
                -89.801977,41.185677,0
                -89.801908,41.185626,0
                -89.801854,41.185564,0
                -89.801817,41.185495,0
                -89.801799,41.185423,0
                -89.801752,41.184851,0
                -89.801744,41.184455,0
                -89.801742,41.184349,0
                -89.801742,41.183562,0
                -89.801744,41.180836,0
                -89.801755,41.180675,0
                -89.799171,41.180678,0
                -89.797894,41.180678,0
                -89.796706,41.180679,0
                -89.788394,41.180684,0
                -89.788177,41.180353,0
                -89.788118,41.180077,0
                -89.787336,41.179063,0
                -89.786583,41.178556,0
                -89.786463,41.178143,0
                -89.78695,41.177497,0
                -89.786982,41.177268,0
                -89.786257,41.17715,0
                -89.78484,41.176319,0
                -89.784086,41.176133,0
                -89.783604,41.176655,0
                -89.783393,41.176699,0
                -89.782973,41.175894,0
                -89.782702,41.175502,0
                -89.782443,41.175386,0
                -89.782468,41.169953,0
                -89.780168,41.169884,0
                -89.779141,41.16984,0
                -89.779718,41.168205,0
                -89.779751,41.167421,0
                -89.779327,41.167119,0
                -89.778814,41.166932,0
                -89.777213,41.165819,0
                -89.776639,41.165655,0
                -89.775974,41.165651,0
                -89.7754,41.165874,0
                -89.774796,41.166507,0
                -89.77395,41.167048,0
                -89.773164,41.167407,0
                -89.771865,41.167535,0
                -89.771653,41.167466,0
                -89.771382,41.167141,0
                -89.770929,41.167047,0
                -89.770567,41.166792,0
                -89.770447,41.166169,0
                -89.770115,41.166144,0
                -89.769359,41.166639,0
                -89.768393,41.166701,0
                -89.76797,41.166629,0
                -89.767638,41.16642,0
                -89.767638,41.166259,0
                -89.768395,41.165276,0
                -89.768486,41.164864,0
                -89.768759,41.16443,0
                -89.769213,41.164087,0
                -89.77009,41.163722,0
                -89.770393,41.16347,0
                -89.770817,41.162945,0
                -89.770848,41.162419,0
                -89.770576,41.161733,0
                -89.770364,41.161527,0
                -89.770364,41.160795,0
                -89.76976,41.1602,0
                -89.769276,41.159972,0
                -89.768096,41.159651,0
                -89.767703,41.159354,0
                -89.767643,41.158233,0
                -89.767734,41.158027,0
                -89.768037,41.157799,0
                -89.768763,41.157616,0
                -89.769307,41.157776,0
                -89.770124,41.158143,0
                -89.771274,41.158166,0
                -89.772514,41.157938,0
                -89.773845,41.157801,0
                -89.77433,41.157595,0
                -89.77663,41.156064,0
                -89.777054,41.155698,0
                -89.777266,41.155607,0
                -89.777415,41.15527,0
                -89.777514,41.155045,0
                -89.777394,41.154177,0
                -89.777181,41.153401,0
                -89.77697,41.153195,0
                -89.776212,41.153286,0
                -89.775698,41.152807,0
                -89.774669,41.152625,0
                -89.774004,41.152258,0
                -89.773217,41.152191,0
                -89.772401,41.151847,0
                -89.772098,41.151939,0
                -89.772127,41.152511,0
                -89.771825,41.152603,0
                -89.77131,41.152488,0
                -89.770706,41.152032,0
                -89.770221,41.151415,0
                -89.770221,41.151049,0
                -89.771189,41.150936,0
                -89.771371,41.150731,0
                -89.771401,41.150502,0
                -89.770736,41.149885,0
                -89.770705,41.14952,0
                -89.770947,41.149131,0
                -89.770766,41.148972,0
                -89.77001,41.149314,0
                -89.769647,41.149337,0
                -89.769556,41.149269,0
                -89.769555,41.148515,0
                -89.769374,41.148263,0
                -89.769283,41.147899,0
                -89.769737,41.147762,0
                -89.769827,41.147707,0
                -89.760254,41.147587,0
                -89.759091,41.147612,0
                -89.758703,41.145445,0
                -89.758626,41.144948,0
                -89.758591,41.144446,0
                -89.758578,41.143943,0
                -89.758563,41.141326,0
                -89.75855,41.138333,0
                -89.758539,41.137326,0
                -89.758544,41.136254,0
                -89.758238,41.136278,0
                -89.757861,41.136282,0
                -89.757389,41.136261,0
                -89.757017,41.136215,0
                -89.756651,41.136142,0
                -89.756206,41.136023,0
                -89.755778,41.135869,0
                -89.755114,41.13559,0
                -89.753859,41.135046,0
                -89.751744,41.13413,0
                -89.751359,41.133939,0
                -89.751058,41.133984,0
                -89.750965,41.133993,0
                -89.750098,41.133992,0
                -89.74558,41.133988,0
                -89.744917,41.133981,0
                -89.743591,41.133981,0
                -89.742928,41.133973,0
                -89.739545,41.133989,0
                -89.738281,41.133995,0
                -89.736949,41.134005,0
                -89.735011,41.134006,0
                -89.734997,41.134289,0
                -89.735004,41.135006,0
                -89.735008,41.136974,0
                -89.735013,41.138946,0
                -89.735023,41.140377,0
                -89.735021,41.141283,0
                -89.729544,41.141335,0
                -89.725571,41.141419,0
                -89.722265,41.141516,0
                -89.719603,41.141554,0
                -89.718418,41.141556,0
                -89.718283,41.141557,0
                -89.717951,41.141556,0
                -89.716387,41.141571,0
                -89.715416,41.141595,0
                -89.714583,41.141615,0
                -89.707749,41.141603,0
                -89.706493,41.141587,0
                -89.705864,41.141579,0
                -89.705866,41.14115,0
                -89.705887,41.140074,0
                -89.705914,41.136485,0
                -89.705902,41.133539,0
                -89.705904,41.126932,0
                -89.699273,41.126849,0
                -89.695941,41.126821,0
                -89.69527,41.126825,0
                -89.679338,41.126926,0
                -89.676778,41.126931,0
                -89.676799,41.126347,0
                -89.676818,41.120254,0
                -89.676825,41.119807,0
                -89.676851,41.118102,0
                -89.676952,41.11488,0
                -89.677012,41.112728,0
                -89.677015,41.112366,0
                -89.668461,41.112389,0
                -89.658224,41.112417,0
                -89.657825,41.112412,0
                -89.655675,41.112405,0
                -89.638696,41.112277,0
                -89.638471,41.11228,0
                -89.63826,41.112269,0
                -89.6347,41.11226,0
                -89.634159,41.112248,0
                -89.632174,41.112263,0
                -89.630648,41.112241,0
                -89.63057,41.11224,0
                -89.62874,41.11223,0
                -89.62694,41.11223,0
                -89.623,41.11221,0
                -89.62095,41.11221,0
                -89.61977,41.11221,0
                -89.619047,41.112202,0
                -89.61771,41.11219,0
                -89.61662,41.1122,0
                -89.61544,41.11219,0
                -89.6142,41.11219,0
                -89.613342,41.112181,0
                -89.61314,41.11218,0
                -89.61144,41.11217,0
                -89.61071,41.11215,0
                -89.60854,41.11213,0
                -89.607552,41.112114,0
                -89.60663,41.1121,0
                -89.60276,41.11206,0
                -89.60132,41.11206,0
                -89.595887,41.112119,0
                -89.59582,41.11212,0
                -89.59471,41.11215,0
                -89.592,41.1122,0
                -89.591955,41.114126,0
                -89.59184,41.11912,0
                -89.591853,41.119906,0
                -89.59187,41.12089,0
                -89.591885,41.121833,0
                -89.5919,41.122841,0
                -89.59192,41.1241,0
                -89.59192,41.12443,0
                -89.59194,41.12488,0
                -89.5919,41.12518,0
                -89.59184,41.12543,0
                -89.59172,41.1257,0
                -89.591645,41.125807,0
                -89.59154,41.12596,0
                -89.59133,41.12621,0
                -89.59109,41.12641,0
                -89.59093,41.1265,0
                -89.59079,41.12658,0
                -89.59049,41.12674,0
                -89.59014,41.12685,0
                -89.58969,41.12695,0
                -89.589446,41.126976,0
                -89.58923,41.127,0
                -89.58851,41.127,0
                -89.58592,41.12702,0
                -89.58508,41.12702,0
                -89.584728,41.127036,0
                -89.58466,41.12704,0
                -89.58437,41.12708,0
                -89.58393,41.12721,0
                -89.58348,41.12739,0
                -89.58325,41.12753,0
                -89.583048,41.127375,0
                -89.58299,41.12733,0
                -89.58279,41.12723,0
                -89.5826,41.12716,0
                -89.58236,41.12712,0
                -89.582341,41.12712,0
                -89.582087,41.12712,0
                -89.58186,41.12712,0
                -89.58134,41.1271,0
                -89.58117,41.12711,0
                -89.5808,41.12709,0
                -89.580128,41.127054,0
                -89.57948,41.12702,0
                -89.57804,41.12695,0
                -89.57598,41.12686,0
                -89.57483,41.12682,0
                -89.574253,41.126796,0
                -89.572295,41.126717,0
                -89.572291,41.127467,0
                -89.572283,41.129717,0
                -89.572281,41.130468,0
                -89.572284,41.131249,0
                -89.572296,41.133592,0
                -89.5723,41.134373,0
                -89.572253,41.134377,0
                -89.572195,41.134379,0
                -89.572147,41.134386,0
                -89.571969,41.134391,0
                -89.571887,41.13439,0
                -89.571863,41.134393,0
                -89.571836,41.134386,0
                -89.571342,41.134375,0
                -89.571317,41.134378,0
                -89.571243,41.134373,0
                -89.571219,41.134375,0
                -89.571106,41.134366,0
                -89.570791,41.13436,0
                -89.570114,41.134349,0
                -89.57009,41.134351,0
                -89.569736,41.134337,0
                -89.569612,41.13434,0
                -89.569522,41.134333,0
                -89.569385,41.134333,0
                -89.569104,41.134322,0
                -89.568974,41.134324,0
                -89.568868,41.134317,0
                -89.568793,41.13432,0
                -89.568424,41.134311,0
                -89.568254,41.134302,0
                -89.567958,41.134274,0
                -89.567447,41.134236,0
                -89.567274,41.134202,0
                -89.567056,41.134183,0
                -89.566953,41.13417,0
                -89.566811,41.134158,0
                -89.566727,41.134158,0
                -89.566342,41.134143,0
                -89.566269,41.134146,0
                -89.566125,41.134152,0
                -89.566019,41.134163,0
                -89.565931,41.134161,0
                -89.56571,41.13417,0
                -89.565544,41.134184,0
                -89.565414,41.1342,0
                -89.565308,41.134221,0
                -89.565181,41.134239,0
                -89.564936,41.134262,0
                -89.56477,41.134302,0
                -89.564452,41.134297,0
                -89.563498,41.134285,0
                -89.56318,41.134281,0
                -89.56318,41.13463,0
                -89.56318,41.13491,0
                -89.56317,41.13514,0
                -89.56317,41.13551,0
                -89.563172,41.135679,0
                -89.563178,41.136029,0
                -89.56318,41.13619,0
                -89.56317,41.13631,0
                -89.56317,41.136745,0
                -89.56317,41.13703,0
                -89.56317,41.137041,0
                -89.56318,41.13778,0
                -89.56317,41.13873,0
                -89.56318,41.13956,0
                -89.56318,41.140079,0
                -89.56318,41.14107,0
                -89.563179,41.141092,0
                -89.56316,41.14151,0
                -89.563157,41.141606,0
                -89.56315,41.14193,0
                -89.563161,41.14315,0
                -89.563166,41.143665,0
                -89.56317,41.14411,0
                -89.56317,41.144333,0
                -89.56317,41.14506,0
                -89.563158,41.145639,0
                -89.56315,41.14601,0
                -89.563154,41.146339,0
                -89.56316,41.14672,0
                -89.56316,41.147008,0
                -89.56316,41.147342,0
                -89.56316,41.14794,0
                -89.563167,41.148345,0
                -89.56317,41.14848,0
                -89.56316,41.14868,0
                -89.562242,41.148683,0
                -89.56028,41.14869,0
                -89.559488,41.148686,0
                -89.558571,41.148683,0
                -89.555636,41.14867,0
                -89.546834,41.148634,0
                -89.54564,41.14863,0
                -89.5439,41.14864,0
                -89.543907,41.148817,0
                -89.543944,41.150584,0
                -89.543959,41.151466,0
                -89.543956,41.151952,0
                -89.543956,41.153347,0
                -89.543944,41.157024,0
                -89.543927,41.1598,0
                -89.543922,41.161242,0
                -89.543927,41.161504,0
                -89.543529,41.161392,0
                -89.543105,41.161049,0
                -89.542894,41.160729,0
                -89.542501,41.159471,0
                -89.542017,41.159105,0
                -89.541442,41.158419,0
                -89.54114,41.158305,0
                -89.540232,41.157687,0
                -89.539355,41.157458,0
                -89.53881,41.157458,0
                -89.538175,41.157046,0
                -89.537267,41.156863,0
                -89.535997,41.156337,0
                -89.532971,41.155513,0
                -89.530037,41.154826,0
                -89.529251,41.154552,0
                -89.52919,41.154597,0
                -89.529129,41.155421,0
                -89.528917,41.155558,0
                -89.528252,41.155626,0
                -89.527435,41.155626,0
                -89.527223,41.155489,0
                -89.527193,41.155146,0
                -89.527012,41.154871,0
                -89.526618,41.154825,0
                -89.525589,41.155168,0
                -89.524693,41.155252,0
                -89.52447,41.155328,0
                -89.524076,41.155877,0
                -89.523774,41.156082,0
                -89.523441,41.156105,0
                -89.523138,41.155922,0
                -89.522957,41.155579,0
                -89.522654,41.155419,0
                -89.522231,41.15551,0
                -89.521837,41.156059,0
                -89.521595,41.156173,0
                -89.521202,41.15615,0
                -89.520898,41.155921,0
                -89.520475,41.155898,0
                -89.519688,41.156492,0
                -89.519476,41.156538,0
                -89.519415,41.156858,0
                -89.518658,41.157796,0
                -89.518325,41.158916,0
                -89.51784,41.159922,0
                -89.517537,41.160379,0
                -89.517537,41.160882,0
                -89.51793,41.16118,0
                -89.518384,41.161294,0
                -89.518807,41.161569,0
                -89.518867,41.161935,0
                -89.5192,41.162232,0
                -89.519472,41.162895,0
                -89.520441,41.162942,0
                -89.520895,41.163079,0
                -89.521167,41.163674,0
                -89.521711,41.164017,0
                -89.522256,41.164154,0
                -89.522407,41.164337,0
                -89.522739,41.165686,0
                -89.522346,41.166372,0
                -89.522103,41.166441,0
                -89.521317,41.166486,0
                -89.520802,41.166738,0
                -89.52056,41.167081,0
                -89.51959,41.167332,0
                -89.519439,41.167469,0
                -89.519529,41.167789,0
                -89.519742,41.168087,0
                -89.519742,41.168658,0
                -89.520558,41.169253,0
                -89.520619,41.169413,0
                -89.520498,41.169596,0
                -89.519923,41.169779,0
                -89.519801,41.169893,0
                -89.519831,41.170305,0
                -89.519619,41.170671,0
                -89.51968,41.171037,0
                -89.520557,41.171654,0
                -89.520708,41.172318,0
                -89.521586,41.172249,0
                -89.521888,41.172364,0
                -89.5221,41.172684,0
                -89.522765,41.173096,0
                -89.522856,41.173279,0
                -89.522341,41.173827,0
                -89.522371,41.174125,0
                -89.522462,41.17417,0
                -89.522432,41.174513,0
                -89.522946,41.174674,0
                -89.523127,41.175154,0
                -89.523339,41.175291,0
                -89.524277,41.175474,0
                -89.524482,41.175468,0
                -89.524394,41.185474,0
                -89.524386,41.185926,0
                -89.524571,41.192673,0
                -89.524536,41.192332,0
                -89.524515,41.19227,0
                -89.524457,41.192208,0
                -89.524378,41.192162,0
                -89.524277,41.192132,0
                -89.52416,41.192116,0
                -89.521353,41.192107,0
                -89.518418,41.192112,0
                -89.51671,41.192115,0
                -89.515686,41.19214,0
                -89.514469,41.192136,0
                -89.514468,41.192167,0
                -89.514463,41.19237,0
                -89.514474,41.192713,0
                -89.5145,41.195757,0
                -89.514519,41.197183,0
                -89.514516,41.198975,0
                -89.514525,41.200766,0
                -89.514527,41.202235,0
                -89.514504,41.205416,0
                -89.514498,41.207204,0
                -89.514499,41.207282,0
                -89.514541,41.211488,0
                -89.514554,41.212203,0
                -89.51457,41.213596,0
                -89.514573,41.213813,0
                -89.514577,41.213964,0
                -89.514573,41.214042,0
                -89.514577,41.214203,0
                -89.514973,41.21419,0
                -89.518895,41.214219,0
                -89.520785,41.214245,0
                -89.523624,41.214266,0
                -89.524143,41.214267,0
                -89.524247,41.214262,0
                -89.524567,41.214261,0
                -89.52457,41.214492,0
                -89.524541,41.216832,0
                -89.524541,41.216934,0
                -89.524542,41.217612,0
                -89.524563,41.220389,0
                -89.524581,41.221038,0
                -89.524637,41.221944,0
                -89.524632,41.222658,0
                -89.524654,41.223695,0
                -89.524662,41.224096,0
                -89.524671,41.226883,0
                -89.524668,41.22763,0
                -89.52468,41.229226,0
                -89.524675,41.230803,0
                -89.524687,41.233151,0
                -89.524688,41.233333,0
                -89.524678,41.233589,0
                -89.524631,41.233813,0
                -89.524609,41.23387,0
                -89.524548,41.233954,0
                -89.543958,41.233961,0
                -89.554251,41.233956,0
                -89.563356,41.234017,0
                -89.563487,41.234032,0
                -89.563824,41.234021,0
                -89.564852,41.233994,0
                -89.565821,41.234004,0
                -89.566673,41.233994,0
                -89.570484,41.233988,0
                -89.5715,41.233982,0
                -89.572571,41.233962,0
                -89.572929,41.233933,0
                -89.573259,41.233922,0
                -89.575721,41.233929,0
                -89.576165,41.23393,0
                -89.578047,41.233917,0
                -89.57873,41.233916,0
                -89.580974,41.233912,0
                -89.581824,41.233917,0
                -89.582207,41.233923,0
                -89.582387,41.233912,0
                -89.582554,41.233878,0
                -89.58474,41.233918,0
                -89.584239,41.233791,0
                -89.584049,41.233733,0
                -89.583868,41.233668,0
                -89.583708,41.233598,0
                -89.583278,41.23336,0
                -89.583083,41.233207,0
                -89.582909,41.233023,0
                -89.58282,41.232916,0
                -89.582735,41.232792,0
                -89.582657,41.232655,0
                -89.582588,41.232504,0
                -89.582537,41.232339,0
                -89.582508,41.232162,0
                -89.582493,41.231594,0
                -89.582509,41.229459,0
                -89.58252,41.227284,0
                -89.592092,41.227256,0
                -89.591929,41.233893,0
                -89.592236,41.233892,0
                -89.595678,41.233872,0
                -89.604178,41.233859,0
                -89.604478,41.23386,0
                -89.60522,41.233864,0
                -89.606254,41.233854,0
                -89.608136,41.233859,0
                -89.608718,41.233861,0
                -89.612501,41.233858,0
                -89.614391,41.233871,0
                -89.616103,41.233876,0
                -89.616095,41.237825,0
                -89.61611,41.241189,0
                -89.624233,41.241191,0
                -89.625656,41.241191,0
                -89.625575,41.233865,0
                -89.624506,41.233868,0
                -89.622617,41.233869,0
                -89.621384,41.233873,0
                -89.62133,41.233877,0
                -89.620697,41.233871,0
                -89.620721,41.233127,0
                -89.620786,41.231658,0
                -89.620998,41.227335,0
                -89.621055,41.226253,0
                -89.625096,41.226811,0
                -89.625936,41.226825,0
                -89.626178,41.226573,0
                -89.626209,41.226276,0
                -89.626058,41.226047,0
                -89.62548,41.225384,0
                -89.625449,41.225086,0
                -89.625555,41.224812,0
                -89.625968,41.224629,0
                -89.626877,41.224516,0
                -89.628058,41.22463,0
                -89.628906,41.224288,0
                -89.629694,41.223602,0
                -89.630482,41.223077,0
                -89.63121,41.22278,0
                -89.633754,41.222186,0
                -89.634754,41.221592,0
                -89.634946,41.221279,0
                -89.636682,41.221273,0
                -89.637721,41.221281,0
                -89.638673,41.221274,0
                -89.638776,41.22866,0
                -89.638866,41.230718,0
                -89.638864,41.233852,0
                -89.638864,41.233862,0
                -89.638895,41.233863,0
                -89.639231,41.233862,0
                -89.639236,41.233862,0
                -89.64163,41.233856,0
                -89.643081,41.233857,0
                -89.643087,41.233857,0
                -89.643106,41.233857,0
                -89.643178,41.233857,0
                -89.643518,41.233857,0
                -89.643846,41.233856,0
                -89.643882,41.233856,0
                -89.643887,41.233856,0
                -89.643889,41.233856,0
                -89.643891,41.233855,0
                -89.643902,41.233855,0
                -89.643921,41.233855,0
                -89.643981,41.233855,0
                -89.644073,41.233855,0
                -89.644122,41.233855,0
                -89.644144,41.233855,0
                -89.6447,41.233853,0
                -89.644789,41.233853,0
                -89.645574,41.233851,0
                -89.646689,41.233847,0
                -89.646726,41.233847,0
                -89.648711,41.233841,0
                -89.654394,41.233838,0
                -89.655362,41.23384,0
                -89.655497,41.23384,0
                -89.657884,41.233844,0
                -89.658127,41.233844,0
                -89.658481,41.233846,0
                -89.658696,41.233847,0
                -89.658736,41.233847,0
                -89.658777,41.233847,0
                -89.658818,41.233847,0
                -89.65886,41.233847,0
                -89.658902,41.233847,0
                -89.658944,41.233847,0
                -89.658987,41.233847,0
                -89.65903,41.233847,0
                -89.659072,41.233847,0
                -89.659114,41.233847,0
                -89.659156,41.233847,0
                -89.659197,41.233847,0
                -89.659237,41.233847,0
                -89.659277,41.233847,0
                -89.659316,41.233847,0
                -89.659354,41.233847,0
                -89.659391,41.233847,0
                -89.659427,41.233847,0
                -89.659462,41.233847,0
                -89.659495,41.233847,0
                -89.659527,41.233847,0
                -89.659558,41.233847,0
                -89.659588,41.233847,0
                -89.659616,41.233847,0
                -89.659643,41.233847,0
                -89.659669,41.233847,0
                -89.66006,41.233855,0
                -89.661495,41.233851,0
                -89.661497,41.233851,0
                -89.661948,41.23385,0
                -89.663994,41.233852,0
                -89.664144,41.233852,0
                -89.66593,41.233849,0
                -89.666079,41.233849,0
                -89.666189,41.233849,0
                -89.666273,41.233849,0
                -89.66634,41.233849,0
                -89.666394,41.233849,0
                -89.666439,41.233849,0
                -89.666477,41.233849,0
                -89.666509,41.233849,0
                -89.666537,41.233849,0
                -89.666561,41.233849,0
                -89.666582,41.233849,0
                -89.666601,41.233849,0
                -89.666618,41.233849,0
                -89.666633,41.233849,0
                -89.666647,41.233849,0
                -89.666659,41.233849,0
                -89.66667,41.233849,0
                -89.66668,41.233849,0
                -89.66669,41.233849,0
                -89.666699,41.233849,0
                -89.666707,41.233849,0
                -89.666714,41.233849,0
                -89.666721,41.233849,0
                -89.666727,41.233849,0
                -89.666733,41.233849,0
                -89.666739,41.233849,0
                -89.666744,41.233849,0
                -89.666749,41.233849,0
                -89.666754,41.233849,0
                -89.666758,41.233849,0
                -89.666762,41.233849,0
                -89.666766,41.233849,0
                -89.66677,41.233849,0
                -89.666774,41.233849,0
                -89.666777,41.233849,0
                -89.66678,41.233849,0
                -89.666783,41.233849,0
                -89.666786,41.233849,0
                -89.666789,41.233849,0
                -89.666792,41.233849,0
                -89.666794,41.233849,0
                -89.666796,41.233849,0
                -89.666798,41.233849,0
                -89.6668,41.233849,0
                -89.666802,41.233849,0
                -89.666804,41.233849,0
                -89.666806,41.233849,0
                -89.666808,41.233849,0
                -89.66681,41.233849,0
                -89.666812,41.233849,0
                -89.666814,41.233849,0
                -89.666816,41.233849,0
                -89.666818,41.233849,0
                -89.66682,41.233849,0
                -89.666822,41.233849,0
                -89.666824,41.233849,0
                -89.666826,41.233849,0
                -89.666828,41.233849,0
                -89.66683,41.233849,0
                -89.666832,41.233849,0
                -89.666834,41.233849,0
                -89.666836,41.233849,0
                -89.666838,41.233849,0
                -89.66684,41.233849,0
                -89.666842,41.233849,0
                -89.666844,41.233849,0
                -89.666846,41.233849,0
                -89.666866,41.233847,0
                -89.66833,41.233851,0
                -89.66838,41.233851,0
                -89.668446,41.233851,0
                -89.668467,41.233851,0
                -89.668469,41.233851,0
                -89.66847,41.233852,0
                -89.668473,41.233852,0
                -89.668478,41.233852,0
                -89.668489,41.233852,0
                -89.668527,41.233852,0
                -89.668582,41.233852,0
                -89.668696,41.233852,0
                -89.668741,41.233852,0
                -89.668758,41.233852,0
                -89.668761,41.233852,0
                -89.668763,41.233852,0
                -89.668765,41.233852,0
                -89.668767,41.233852,0
                -89.66978,41.233849,0
                -89.669802,41.233849,0
                -89.669854,41.233849,0
                -89.670652,41.233846,0
                -89.670926,41.233846,0
                -89.670959,41.233846,0
                -89.673263,41.233848,0
                -89.678226,41.233852,0
                -89.681989,41.233859,0
                -89.68281,41.233866,0
                -89.68328,41.233863,0
                -89.683387,41.233862,0
                -89.684158,41.23386,0
                -89.684445,41.233857,0
                -89.686364,41.233853,0
                -89.68794,41.233855,0
                -89.687964,41.233855,0
                -89.688253,41.233855,0
                -89.691089,41.233864,0
                -89.692974,41.233858,0
                -89.693261,41.233856,0
                -89.693267,41.233856,0
                -89.693269,41.233855,0
                -89.693273,41.233855,0
                -89.693284,41.233855,0
                -89.693301,41.233855,0
                -89.693323,41.233855,0
                -89.693355,41.233855,0
                -89.693369,41.233855,0
                -89.693375,41.233855,0
                -89.694855,41.233844,0
                -89.696742,41.233838,0
                -89.696914,41.233839,0
                -89.696916,41.233839,0
                -89.696918,41.233839,0
                -89.696922,41.233839,0
                -89.700468,41.233858,0
                -89.701594,41.233859,0
                -89.702897,41.233879,0
                -89.70292,41.233879,0
                -89.705659,41.233902,0
                -89.706006,41.233898,0
                -89.706063,41.233897,0
                -89.706696,41.233889,0
                -89.708023,41.233893,0
                -89.708227,41.233894,0
                -89.708515,41.233895,0
                -89.711434,41.23388,0
                -89.713247,41.233894,0
                -89.71617,41.233885,0
                -89.71723,41.233893,0
                -89.719083,41.23389,0
                -89.719865,41.233894,0
                -89.721984,41.233895,0
                -89.724775,41.233922,0
                -89.726632,41.233931,0
                -89.727485,41.233925,0
                -89.729392,41.233928,0
                -89.730266,41.233937,0
                -89.732273,41.233934,0
                -89.733126,41.233938,0
                -89.734595,41.233957,0
                -89.734908,41.233961,0
                -89.734939,41.233961,0
                -89.735103,41.233963,0
                -89.736076,41.233953,0
                -89.738978,41.233952,0
                -89.740707,41.233944,0
                -89.740997,41.233939,0
                -89.741249,41.233927,0
                -89.741359,41.23393,0
                -89.741403,41.23393,0
                -89.741411,41.23393,0
                -89.745497,41.233925,0
                -89.745696,41.233925,0
                -89.745877,41.233925,0
                -89.746385,41.233924,0
                -89.747559,41.233922,0
                -89.747456,41.233748,0
                -89.747377,41.233542,0
                -89.747346,41.233328,0
                -89.747379,41.230742,0
                -89.747359,41.229665,0
                -89.747365,41.229088,0
                -89.747358,41.228582,0
                -89.74735,41.228365,0
                -89.747364,41.228294,0
                -89.747399,41.228227,0
                -89.747455,41.22817,0
                -89.747525,41.228123,0
                -89.747607,41.228089,0
                -89.747698,41.228073,0
                -89.747792,41.228067,0
                -89.749214,41.228078,0
                -89.751312,41.228079,0
                -89.751502,41.228065,0
                -89.75169,41.228035,0
                -89.751871,41.227987,0
                -89.752453,41.227742,0
                -89.752721,41.227664,0
                -89.752908,41.227634,0
                -89.753191,41.227623,0
                -89.753382,41.227625,0
                -89.753573,41.227468,0
                -89.753593,41.226977,0
                -89.753592,41.2255,0
                -89.753591,41.224461,0
                -89.753602,41.221941,0
                -89.753621,41.221298,0
                -89.753614,41.221012,0
                -89.753594,41.220924,0
                -89.753583,41.22087,0
                -89.753517,41.220736,0
                -89.753416,41.220615,0
                -89.753225,41.220454,0
                -89.752788,41.220151,0
                -89.753102,41.219857,0
                -89.753256,41.219682,0
                -89.753382,41.219492,0
                -89.75348,41.219293,0
                -89.75355,41.219087,0
                -89.753588,41.218876,0
                -89.753603,41.218662,0
                -89.753612,41.216077,0
                -89.753608,41.215143,0
                -89.753636,41.214855,0
                -89.753689,41.214642,0
                -89.753802,41.214365,0
                -89.753962,41.214102,0
                -89.754064,41.213971,0
                -89.754138,41.213892,0
                -89.754176,41.213831,0
                -89.754378,41.21368,0
                -89.754606,41.213549,0
                -89.754854,41.213443,0
                -89.755207,41.213336,0
                -89.755481,41.213272,0
                -89.755764,41.213232,0
                -89.756143,41.213217,0
                -89.758331,41.21329,0
                -89.759465,41.213349,0
                -89.762211,41.213491,0
                -89.762373,41.213497,0
                -89.763348,41.213531,0
                -89.764772,41.213553,0
                -89.766296,41.213556,0
                -89.770282,41.213536,0
                -89.774475,41.213526,0
                -89.77514,41.213521,0
                -89.77904,41.213511,0
                -89.77934,41.213515,0
                -89.779681,41.213531,0
                -89.780143,41.212694,0
                -89.781821,41.209642,0
                -89.781978,41.209304,0
                -89.782103,41.208959,0
                -89.782213,41.208536,0
                -89.782271,41.20818,0
                -89.782291,41.207821,0
                -89.782319,41.198965,0
              </coordinates>
            </LinearRing>
          </outerBoundaryIs>
        </Polygon>
      </Placemark>
      <Placemark>
        <name>61345</name>
        <description><![CDATA[61345<br><br>description: <br>STATEFP10: 17<br>GEOID10: 1761345<br>CLASSFP10: B5<br>MTFCC10: G6350<br>FUNCSTAT10: S<br>ALAND10: 127161993<br>AWATER10: 219551<br>INTPTLAT10: +41.2802455<br>INTPTLON10: -089.7943947<br>PARTFLG10: N]]></description>
        <styleUrl>#poly-0097A7-1200-66</styleUrl>
        <ExtendedData>
          <Data name="description">
            <value/>
          </Data>
          <Data name="STATEFP10">
            <value>17</value>
          </Data>
          <Data name="GEOID10">
            <value>1761345</value>
          </Data>
          <Data name="CLASSFP10">
            <value>B5</value>
          </Data>
          <Data name="MTFCC10">
            <value>G6350</value>
          </Data>
          <Data name="FUNCSTAT10">
            <value>S</value>
          </Data>
          <Data name="ALAND10">
            <value>127161993</value>
          </Data>
          <Data name="AWATER10">
            <value>219551</value>
          </Data>
          <Data name="INTPTLAT10">
            <value>+41.2802455</value>
          </Data>
          <Data name="INTPTLON10">
            <value>-089.7943947</value>
          </Data>
          <Data name="PARTFLG10">
            <value>N</value>
          </Data>
        </ExtendedData>
        <Polygon>
          <outerBoundaryIs>
            <LinearRing>
              <tessellate>1</tessellate>
              <coordinates>
                -89.838371,41.32731,0
                -89.838469,41.322954,0
                -89.838469,41.32107,0
                -89.852225,41.320984,0
                -89.852215,41.324274,0
                -89.852227,41.328541,0
                -89.856762,41.328538,0
                -89.856739,41.327613,0
                -89.856729,41.326311,0
                -89.856711,41.325669,0
                -89.856671,41.324374,0
                -89.85667,41.324012,0
                -89.856676,41.323794,0
                -89.85667,41.323324,0
                -89.856669,41.323163,0
                -89.856664,41.323012,0
                -89.856662,41.322746,0
                -89.856662,41.322709,0
                -89.856654,41.322569,0
                -89.85662,41.321927,0
                -89.856614,41.321358,0
                -89.856619,41.320956,0
                -89.856614,41.320573,0
                -89.856633,41.319644,0
                -89.856633,41.318858,0
                -89.856614,41.31779,0
                -89.856613,41.317295,0
                -89.85663,41.316375,0
                -89.856634,41.315808,0
                -89.856621,41.31517,0
                -89.856627,41.314527,0
                -89.856634,41.314317,0
                -89.856624,41.313817,0
                -89.856634,41.313314,0
                -89.856637,41.31281,0
                -89.856656,41.311258,0
                -89.856671,41.310757,0
                -89.856669,41.310401,0
                -89.856666,41.310262,0
                -89.856668,41.310219,0
                -89.856669,41.310142,0
                -89.85667,41.310125,0
                -89.85667,41.310049,0
                -89.856698,41.309556,0
                -89.8567,41.30934,0
                -89.856686,41.309075,0
                -89.856667,41.308771,0
                -89.856658,41.308465,0
                -89.85668,41.307067,0
                -89.856679,41.306306,0
                -89.856691,41.305662,0
                -89.856712,41.304889,0
                -89.856714,41.304192,0
                -89.856769,41.303462,0
                -89.856792,41.303058,0
                -89.856816,41.302309,0
                -89.856819,41.301686,0
                -89.856788,41.300955,0
                -89.856788,41.300157,0
                -89.855691,41.300186,0
                -89.85456,41.300204,0
                -89.852802,41.300242,0
                -89.851184,41.30027,0
                -89.85078,41.300277,0
                -89.849866,41.300297,0
                -89.847148,41.300375,0
                -89.846186,41.300391,0
                -89.844198,41.300443,0
                -89.842387,41.300515,0
                -89.839519,41.300539,0
                -89.838568,41.300554,0
                -89.837716,41.300576,0
                -89.83771,41.299702,0
                -89.837713,41.297987,0
                -89.837719,41.297208,0
                -89.837751,41.295849,0
                -89.837767,41.29461,0
                -89.837768,41.294535,0
                -89.837785,41.29375,0
                -89.837793,41.292572,0
                -89.837794,41.292386,0
                -89.837809,41.291586,0
                -89.837815,41.290131,0
                -89.837838,41.288846,0
                -89.837841,41.2886,0
                -89.837876,41.285888,0
                -89.837941,41.282294,0
                -89.837966,41.281537,0
                -89.837936,41.281317,0
                -89.837897,41.281216,0
                -89.837844,41.281122,0
                -89.83773,41.280958,0
                -89.837641,41.28082,0
                -89.837494,41.280662,0
                -89.837769,41.28056,0
                -89.838079,41.28043,0
                -89.838038,41.280211,0
                -89.838019,41.280002,0
                -89.843835,41.277761,0
                -89.857194,41.272871,0
                -89.857181,41.272682,0
                -89.857185,41.272559,0
                -89.857187,41.272489,0
                -89.857213,41.272062,0
                -89.857267,41.271407,0
                -89.857293,41.271179,0
                -89.85731,41.270344,0
                -89.857316,41.270098,0
                -89.857379,41.265393,0
                -89.857392,41.264604,0
                -89.857415,41.263855,0
                -89.857418,41.263457,0
                -89.857418,41.263254,0
                -89.857439,41.262554,0
                -89.857462,41.260396,0
                -89.857468,41.26017,0
                -89.857511,41.258843,0
                -89.85752,41.258229,0
                -89.857562,41.257036,0
                -89.857548,41.256493,0
                -89.85755,41.256423,0
                -89.857558,41.256203,0
                -89.857556,41.254739,0
                -89.857548,41.254043,0
                -89.857557,41.252711,0
                -89.857545,41.251974,0
                -89.857554,41.250941,0
                -89.857555,41.250844,0
                -89.857556,41.250596,0
                -89.857525,41.248486,0
                -89.857527,41.24707,0
                -89.857516,41.246303,0
                -89.857518,41.245545,0
                -89.857517,41.245502,0
                -89.857517,41.24545,0
                -89.857508,41.244082,0
                -89.857507,41.243601,0
                -89.855353,41.241244,0
                -89.849574,41.234358,0
                -89.84957,41.234358,0
                -89.848635,41.234352,0
                -89.84863,41.234352,0
                -89.848616,41.234352,0
                -89.848471,41.234351,0
                -89.846872,41.23434,0
                -89.846863,41.23434,0
                -89.846084,41.234336,0
                -89.830852,41.23427,0
                -89.830725,41.234261,0
                -89.830712,41.23426,0
                -89.830707,41.23426,0
                -89.830698,41.234259,0
                -89.830696,41.234259,0
                -89.830694,41.234259,0
                -89.830692,41.234259,0
                -89.830691,41.234258,0
                -89.830126,41.234217,0
                -89.830138,41.233605,0
                -89.830101,41.23253,0
                -89.830087,41.229669,0
                -89.830076,41.228957,0
                -89.830084,41.228687,0
                -89.82816,41.228673,0
                -89.823411,41.228648,0
                -89.823033,41.228626,0
                -89.822565,41.228567,0
                -89.821646,41.228388,0
                -89.821181,41.228308,0
                -89.820709,41.228262,0
                -89.820236,41.228245,0
                -89.815865,41.228203,0
                -89.815739,41.228194,0
                -89.815676,41.228189,0
                -89.815399,41.228144,0
                -89.815134,41.228068,0
                -89.814883,41.227969,0
                -89.814401,41.227743,0
                -89.812745,41.226911,0
                -89.811878,41.226476,0
                -89.811476,41.226287,0
                -89.810838,41.226063,0
                -89.810607,41.225978,0
                -89.807448,41.225183,0
                -89.807099,41.225077,0
                -89.806859,41.224967,0
                -89.806644,41.224832,0
                -89.80645,41.224676,0
                -89.806275,41.22438,0
                -89.806195,41.224174,0
                -89.806158,41.223961,0
                -89.806155,41.223604,0
                -89.806166,41.222307,0
                -89.806196,41.220874,0
                -89.806231,41.219007,0
                -89.806278,41.215349,0
                -89.80626,41.215135,0
                -89.806199,41.214926,0
                -89.806093,41.214728,0
                -89.805922,41.214528,0
                -89.80584,41.214456,0
                -89.805633,41.214328,0
                -89.805472,41.214252,0
                -89.805298,41.214197,0
                -89.805114,41.214157,0
                -89.804738,41.214117,0
                -89.803321,41.214038,0
                -89.80038,41.2139,0
                -89.797531,41.213836,0
                -89.795912,41.213808,0
                -89.789926,41.213678,0
                -89.784572,41.213568,0
                -89.784289,41.213545,0
                -89.78401,41.2135,0
                -89.78392,41.21348,0
                -89.783666,41.213392,0
                -89.782859,41.213013,0
                -89.782603,41.212911,0
                -89.782424,41.212858,0
                -89.782145,41.212807,0
                -89.781866,41.212783,0
                -89.781627,41.212777,0
                -89.780143,41.212694,0
                -89.779681,41.213531,0
                -89.77934,41.213515,0
                -89.77904,41.213511,0
                -89.77514,41.213521,0
                -89.774475,41.213526,0
                -89.770282,41.213536,0
                -89.766296,41.213556,0
                -89.764772,41.213553,0
                -89.763348,41.213531,0
                -89.762373,41.213497,0
                -89.762211,41.213491,0
                -89.759465,41.213349,0
                -89.758331,41.21329,0
                -89.756143,41.213217,0
                -89.755764,41.213232,0
                -89.755481,41.213272,0
                -89.755207,41.213336,0
                -89.754854,41.213443,0
                -89.754606,41.213549,0
                -89.754378,41.21368,0
                -89.754176,41.213831,0
                -89.754138,41.213892,0
                -89.754064,41.213971,0
                -89.753962,41.214102,0
                -89.753802,41.214365,0
                -89.753689,41.214642,0
                -89.753636,41.214855,0
                -89.753608,41.215143,0
                -89.753612,41.216077,0
                -89.753603,41.218662,0
                -89.753588,41.218876,0
                -89.75355,41.219087,0
                -89.75348,41.219293,0
                -89.753382,41.219492,0
                -89.753256,41.219682,0
                -89.753102,41.219857,0
                -89.752788,41.220151,0
                -89.753225,41.220454,0
                -89.753416,41.220615,0
                -89.753517,41.220736,0
                -89.753583,41.22087,0
                -89.753594,41.220924,0
                -89.753614,41.221012,0
                -89.753621,41.221298,0
                -89.753602,41.221941,0
                -89.753591,41.224461,0
                -89.753592,41.2255,0
                -89.753593,41.226977,0
                -89.753573,41.227468,0
                -89.753382,41.227625,0
                -89.753191,41.227623,0
                -89.752908,41.227634,0
                -89.752721,41.227664,0
                -89.752453,41.227742,0
                -89.751871,41.227987,0
                -89.75169,41.228035,0
                -89.751502,41.228065,0
                -89.751312,41.228079,0
                -89.749214,41.228078,0
                -89.747792,41.228067,0
                -89.747698,41.228073,0
                -89.747607,41.228089,0
                -89.747525,41.228123,0
                -89.747455,41.22817,0
                -89.747399,41.228227,0
                -89.747364,41.228294,0
                -89.74735,41.228365,0
                -89.747358,41.228582,0
                -89.747365,41.229088,0
                -89.747359,41.229665,0
                -89.747379,41.230742,0
                -89.747346,41.233328,0
                -89.747377,41.233542,0
                -89.747456,41.233748,0
                -89.747559,41.233922,0
                -89.747657,41.234063,0
                -89.747693,41.234134,0
                -89.747731,41.234347,0
                -89.747736,41.234482,0
                -89.74773,41.234992,0
                -89.747711,41.235769,0
                -89.747692,41.237125,0
                -89.747656,41.239998,0
                -89.747664,41.240803,0
                -89.74766,41.241193,0
                -89.747957,41.241338,0
                -89.747447,41.241339,0
                -89.746691,41.241333,0
                -89.745655,41.241317,0
                -89.74182,41.241269,0
                -89.741749,41.241265,0
                -89.741603,41.241265,0
                -89.741586,41.241638,0
                -89.741587,41.243005,0
                -89.741578,41.244508,0
                -89.741562,41.245894,0
                -89.741562,41.247991,0
                -89.74155,41.24824,0
                -89.741548,41.24825,0
                -89.741527,41.248346,0
                -89.741478,41.248442,0
                -89.741406,41.248529,0
                -89.741319,41.248608,0
                -89.741131,41.248752,0
                -89.741044,41.248824,0
                -89.740963,41.248882,0
                -89.740709,41.249012,0
                -89.740309,41.248764,0
                -89.740084,41.248663,0
                -89.739845,41.248577,0
                -89.739592,41.24851,0
                -89.73933,41.248464,0
                -89.739062,41.248436,0
                -89.738791,41.248425,0
                -89.73664,41.248441,0
                -89.733029,41.24846,0
                -89.7332,41.249144,0
                -89.733182,41.250037,0
                -89.732831,41.250784,0
                -89.732831,41.251745,0
                -89.733074,41.252385,0
                -89.733074,41.252636,0
                -89.73259,41.252888,0
                -89.731832,41.253048,0
                -89.731589,41.253209,0
                -89.731378,41.253917,0
                -89.731439,41.254855,0
                -89.73153,41.254969,0
                -89.731531,41.255641,0
                -89.722185,41.255634,0
                -89.712003,41.255594,0
                -89.702843,41.255646,0
                -89.702854,41.257307,0
                -89.702849,41.259488,0
                -89.702832,41.261477,0
                -89.702824,41.263068,0
                -89.70281,41.263679,0
                -89.702806,41.264089,0
                -89.702796,41.265061,0
                -89.70279,41.265842,0
                -89.702791,41.266626,0
                -89.702776,41.268616,0
                -89.702771,41.270193,0
                -89.711906,41.270179,0
                -89.713668,41.270176,0
                -89.72412,41.270161,0
                -89.727372,41.270184,0
                -89.731822,41.270229,0
                -89.731819,41.272015,0
                -89.731833,41.275552,0
                -89.73185,41.277122,0
                -89.731856,41.27848,0
                -89.731861,41.282144,0
                -89.731871,41.282973,0
                -89.73186,41.283437,0
                -89.731859,41.283573,0
                -89.731836,41.284125,0
                -89.731801,41.284929,0
                -89.731777,41.285405,0
                -89.731783,41.28611,0
                -89.731846,41.287525,0
                -89.731863,41.288196,0
                -89.731855,41.288992,0
                -89.731833,41.289819,0
                -89.731837,41.290416,0
                -89.731861,41.291806,0
                -89.731866,41.292613,0
                -89.731864,41.293211,0
                -89.731882,41.293987,0
                -89.731915,41.296122,0
                -89.731967,41.296911,0
                -89.731982,41.297619,0
                -89.731983,41.298927,0
                -89.732021,41.29987,0
                -89.73255,41.299873,0
                -89.732996,41.29988,0
                -89.735072,41.299882,0
                -89.739821,41.299905,0
                -89.741686,41.299949,0
                -89.74169,41.303214,0
                -89.7417,41.307363,0
                -89.741681,41.316383,0
                -89.741727,41.318801,0
                -89.741734,41.321657,0
                -89.74175,41.329136,0
                -89.750034,41.329065,0
                -89.755827,41.328976,0
                -89.755809,41.329436,0
                -89.755797,41.330144,0
                -89.755796,41.330854,0
                -89.755784,41.332279,0
                -89.755791,41.332995,0
                -89.755804,41.333707,0
                -89.75587,41.335774,0
                -89.7559,41.336195,0
                -89.755958,41.338345,0
                -89.75596,41.338741,0
                -89.755954,41.338939,0
                -89.755931,41.339136,0
                -89.755889,41.339332,0
                -89.755833,41.339526,0
                -89.755766,41.339717,0
                -89.755718,41.339833,0
                -89.755688,41.339907,0
                -89.755599,41.340093,0
                -89.755496,41.340273,0
                -89.755255,41.340622,0
                -89.755116,41.340788,0
                -89.754967,41.340949,0
                -89.754809,41.341104,0
                -89.754459,41.341398,0
                -89.754266,41.341534,0
                -89.754065,41.341662,0
                -89.753857,41.341784,0
                -89.753644,41.341902,0
                -89.753218,41.342143,0
                -89.753012,41.342272,0
                -89.752625,41.342551,0
                -89.752445,41.342701,0
                -89.752273,41.342861,0
                -89.752116,41.343016,0
                -89.751969,41.343184,0
                -89.751834,41.343358,0
                -89.751711,41.343537,0
                -89.751651,41.343637,0
                -89.751601,41.343721,0
                -89.751503,41.343905,0
                -89.751415,41.34409,0
                -89.75134,41.344279,0
                -89.75128,41.344474,0
                -89.751237,41.344679,0
                -89.751193,41.345081,0
                -89.751187,41.345282,0
                -89.751216,41.3471,0
                -89.751223,41.347895,0
                -89.751244,41.349267,0
                -89.751259,41.350706,0
                -89.751399,41.350693,0
                -89.752463,41.350685,0
                -89.753446,41.350686,0
                -89.75613,41.350672,0
                -89.759181,41.350643,0
                -89.760975,41.350619,0
                -89.762031,41.350615,0
                -89.762792,41.350616,0
                -89.764842,41.3506,0
                -89.765846,41.350586,0
                -89.767607,41.350575,0
                -89.770109,41.350538,0
                -89.770618,41.35053,0
                -89.774412,41.350481,0
                -89.776171,41.350451,0
                -89.776918,41.350443,0
                -89.777176,41.35044,0
                -89.778864,41.350429,0
                -89.779895,41.350429,0
                -89.781768,41.350398,0
                -89.782862,41.350396,0
                -89.784667,41.350376,0
                -89.785576,41.350362,0
                -89.786637,41.350352,0
                -89.787484,41.350338,0
                -89.788559,41.350332,0
                -89.78903,41.350323,0
                -89.789492,41.350319,0
                -89.789509,41.349306,0
                -89.789509,41.348635,0
                -89.789553,41.346489,0
                -89.789576,41.344323,0
                -89.789597,41.34318,0
                -89.799524,41.343195,0
                -89.799521,41.339529,0
                -89.809248,41.339529,0
                -89.809249,41.335456,0
                -89.809407,41.335488,0
                -89.809742,41.33553,0
                -89.809902,41.335544,0
                -89.810217,41.335559,0
                -89.811479,41.335548,0
                -89.812867,41.335548,0
                -89.81324,41.335541,0
                -89.813597,41.335522,0
                -89.814517,41.33543,0
                -89.815301,41.33534,0
                -89.816003,41.33529,0
                -89.817773,41.335118,0
                -89.818468,41.335061,0
                -89.818853,41.335025,0
                -89.820041,41.335909,0
                -89.820117,41.335968,0
                -89.820578,41.336325,0
                -89.820779,41.336475,0
                -89.820986,41.336621,0
                -89.821129,41.336714,0
                -89.821278,41.336802,0
                -89.82143,41.336885,0
                -89.821589,41.336964,0
                -89.821751,41.337035,0
                -89.822087,41.337159,0
                -89.822519,41.337291,0
                -89.82305,41.337443,0
                -89.823422,41.337554,0
                -89.823504,41.337319,0
                -89.823643,41.336969,0
                -89.823685,41.336791,0
                -89.823783,41.336438,0
                -89.823836,41.336347,0
                -89.823952,41.336182,0
                -89.823981,41.336123,0
                -89.823995,41.336024,0
                -89.823994,41.335941,0
                -89.82399,41.335696,0
                -89.823972,41.335499,0
                -89.823987,41.334756,0
                -89.82401,41.334584,0
                -89.824027,41.334396,0
                -89.824125,41.334072,0
                -89.824157,41.333827,0
                -89.824212,41.333689,0
                -89.824265,41.333625,0
                -89.824341,41.333571,0
                -89.82443,41.333558,0
                -89.824591,41.333606,0
                -89.824899,41.333716,0
                -89.825252,41.333826,0
                -89.825606,41.333959,0
                -89.825996,41.334097,0
                -89.826283,41.33418,0
                -89.826583,41.334299,0
                -89.826845,41.334409,0
                -89.827295,41.33465,0
                -89.827534,41.334763,0
                -89.827708,41.334839,0
                -89.827905,41.334877,0
                -89.828038,41.334878,0
                -89.828177,41.334857,0
                -89.828337,41.334811,0
                -89.828523,41.334742,0
                -89.829021,41.334589,0
                -89.829455,41.334435,0
                -89.829765,41.334395,0
                -89.830045,41.334398,0
                -89.830417,41.334398,0
                -89.830589,41.334403,0
                -89.830853,41.334519,0
                -89.83096,41.334574,0
                -89.831054,41.334602,0
                -89.831178,41.334609,0
                -89.831142,41.33483,0
                -89.831064,41.335017,0
                -89.831002,41.335121,0
                -89.830866,41.335213,0
                -89.830663,41.335304,0
                -89.830786,41.335357,0
                -89.830926,41.33541,0
                -89.831195,41.335452,0
                -89.831316,41.335493,0
                -89.831417,41.335571,0
                -89.831481,41.335662,0
                -89.831529,41.335979,0
                -89.832209,41.335979,0
                -89.838478,41.335958,0
                -89.838371,41.32731,0
              </coordinates>
            </LinearRing>
          </outerBoundaryIs>
        </Polygon>
      </Placemark>
      <Placemark>
        <name>61438</name>
        <description><![CDATA[61483<br><br>description: <br>STATEFP10: 17<br>GEOID10: 1761483<br>CLASSFP10: B5<br>MTFCC10: G6350<br>FUNCSTAT10: S<br>ALAND10: 245598472<br>AWATER10: 54476<br>INTPTLAT10: +41.0848299<br>INTPTLON10: -089.8813718<br>PARTFLG10: N]]></description>
        <styleUrl>#poly-0097A7-1200-66</styleUrl>
        <ExtendedData>
          <Data name="description">
            <value/>
          </Data>
          <Data name="STATEFP10">
            <value>17</value>
          </Data>
          <Data name="GEOID10">
            <value>1761483</value>
          </Data>
          <Data name="CLASSFP10">
            <value>B5</value>
          </Data>
          <Data name="MTFCC10">
            <value>G6350</value>
          </Data>
          <Data name="FUNCSTAT10">
            <value>S</value>
          </Data>
          <Data name="ALAND10">
            <value>245598472</value>
          </Data>
          <Data name="AWATER10">
            <value>54476</value>
          </Data>
          <Data name="INTPTLAT10">
            <value>+41.0848299</value>
          </Data>
          <Data name="INTPTLON10">
            <value>-089.8813718</value>
          </Data>
          <Data name="PARTFLG10">
            <value>N</value>
          </Data>
        </ExtendedData>
        <Polygon>
          <outerBoundaryIs>
            <LinearRing>
              <tessellate>1</tessellate>
              <coordinates>
                -89.946254,41.04079,0
                -89.945796,41.039417,0
                -89.945706,41.038359,0
                -89.945855,41.037095,0
                -89.945674,41.036635,0
                -89.945371,41.036382,0
                -89.944344,41.035943,0
                -89.944314,41.035759,0
                -89.944465,41.035621,0
                -89.945249,41.035367,0
                -89.946607,41.034398,0
                -89.947392,41.034326,0
                -89.948569,41.034504,0
                -89.949293,41.034479,0
                -89.949897,41.03427,0
                -89.950591,41.033722,0
                -89.950591,41.033402,0
                -89.949957,41.033173,0
                -89.949625,41.032922,0
                -89.949745,41.032076,0
                -89.949594,41.031916,0
                -89.948749,41.03155,0
                -89.948296,41.031093,0
                -89.948296,41.030681,0
                -89.948658,41.030247,0
                -89.948688,41.029812,0
                -89.948567,41.029263,0
                -89.948658,41.028646,0
                -89.94896,41.02812,0
                -89.949956,41.027731,0
                -89.950499,41.027,0
                -89.950982,41.026588,0
                -89.951646,41.026291,0
                -89.952401,41.026268,0
                -89.953669,41.026428,0
                -89.954273,41.026268,0
                -89.954876,41.026245,0
                -89.955209,41.026473,0
                -89.955299,41.026816,0
                -89.955601,41.027113,0
                -89.956386,41.027479,0
                -89.959074,41.028279,0
                -89.959617,41.028324,0
                -89.959979,41.028118,0
                -89.962605,41.025671,0
                -89.963088,41.025077,0
                -89.96345,41.023774,0
                -89.96342,41.022447,0
                -89.963117,41.021281,0
                -89.963056,41.020024,0
                -89.962787,41.018642,0
                -89.962736,41.018445,0
                -89.963538,41.01842,0
                -89.964246,41.018442,0
                -89.964943,41.018535,0
                -89.965615,41.018703,0
                -89.965922,41.018804,0
                -89.966123,41.01887,0
                -89.966835,41.019232,0
                -89.967362,41.019589,0
                -89.969339,41.021134,0
                -89.97281,41.023822,0
                -89.973328,41.024189,0
                -89.973896,41.024512,0
                -89.974504,41.024791,0
                -89.975143,41.025023,0
                -89.975725,41.025183,0
                -89.975739,41.024411,0
                -89.975746,41.022676,0
                -89.975804,41.018175,0
                -89.975791,41.017741,0
                -89.975716,41.016448,0
                -89.975732,41.015749,0
                -89.975743,41.015233,0
                -89.97575,41.012522,0
                -89.975761,41.011741,0
                -89.97576,41.011253,0
                -89.975758,41.011223,0
                -89.975758,41.010089,0
                -89.975758,41.008006,0
                -89.975776,41.002832,0
                -89.97576,41.001613,0
                -89.975793,41.001326,0
                -89.975908,41.000903,0
                -89.976285,40.99994,0
                -89.976379,40.999662,0
                -89.976409,40.99952,0
                -89.976438,40.999232,0
                -89.97639,40.99663,0
                -89.977344,40.996633,0
                -89.978104,40.996626,0
                -89.978862,40.99663,0
                -89.981489,40.996622,0
                -89.981707,40.996618,0
                -89.981993,40.996605,0
                -89.982467,40.996554,0
                -89.983312,40.996424,0
                -89.983868,40.996324,0
                -89.984414,40.9962,0
                -89.984944,40.996042,0
                -89.985258,40.995909,0
                -89.985367,40.995847,0
                -89.985374,40.995661,0
                -89.985362,40.995364,0
                -89.985381,40.994364,0
                -89.98536,40.993578,0
                -89.985351,40.990931,0
                -89.985376,40.98983,0
                -89.985398,40.988494,0
                -89.985429,40.987346,0
                -89.985411,40.986916,0
                -89.98541,40.986735,0
                -89.98541,40.986664,0
                -89.985445,40.981541,0
                -89.985447,40.981451,0
                -89.985488,40.979869,0
                -89.985479,40.977203,0
                -89.985494,40.976251,0
                -89.985479,40.974865,0
                -89.985487,40.974706,0
                -89.985485,40.974635,0
                -89.98548,40.974542,0
                -89.985479,40.974498,0
                -89.985479,40.974495,0
                -89.985334,40.97453,0
                -89.984906,40.974637,0
                -89.984764,40.974674,0
                -89.982549,40.974707,0
                -89.975905,40.974809,0
                -89.973691,40.974843,0
                -89.973571,40.974843,0
                -89.973214,40.974847,0
                -89.973095,40.974849,0
                -89.972869,40.974851,0
                -89.972193,40.974858,0
                -89.971968,40.974861,0
                -89.968973,40.974626,0
                -89.966759,40.974632,0
                -89.963182,40.974642,0
                -89.959878,40.974651,0
                -89.956479,40.974673,0
                -89.956307,40.974681,0
                -89.956292,40.975676,0
                -89.956304,40.978093,0
                -89.956324,40.978809,0
                -89.956355,40.979165,0
                -89.95637,40.979521,0
                -89.956367,40.980235,0
                -89.956372,40.982746,0
                -89.956415,40.985687,0
                -89.956428,40.988906,0
                -89.956411,40.989342,0
                -89.956277,40.989313,0
                -89.949479,40.989395,0
                -89.947349,40.989429,0
                -89.946769,40.98942,0
                -89.946639,40.989418,0
                -89.94593,40.989442,0
                -89.94529,40.989446,0
                -89.93742,40.98949,0
                -89.933165,40.989485,0
                -89.929618,40.989489,0
                -89.927366,40.989482,0
                -89.927366,40.986596,0
                -89.927366,40.980131,0
                -89.927366,40.974878,0
                -89.927233,40.974889,0
                -89.924401,40.974905,0
                -89.922276,40.974928,0
                -89.91688,40.974942,0
                -89.914042,40.974964,0
                -89.908787,40.974964,0
                -89.908223,40.97497,0
                -89.908088,40.974993,0
                -89.886642,40.975094,0
                -89.885231,40.975086,0
                -89.880998,40.975064,0
                -89.879588,40.975057,0
                -89.878243,40.97504,0
                -89.87421,40.974991,0
                -89.872866,40.974975,0
                -89.87217,40.974973,0
                -89.870084,40.974969,0
                -89.869389,40.974968,0
                -89.864605,40.974956,0
                -89.850253,40.974923,0
                -89.84547,40.974912,0
                -89.845414,40.974912,0
                -89.845248,40.974912,0
                -89.845193,40.974912,0
                -89.843429,40.974926,0
                -89.838141,40.97497,0
                -89.836378,40.974985,0
                -89.835795,40.974985,0
                -89.834046,40.974985,0
                -89.833464,40.974985,0
                -89.831394,40.974855,0
                -89.831257,40.974892,0
                -89.830975,40.974893,0
                -89.829131,40.974883,0
                -89.822041,40.974797,0
                -89.817083,40.974728,0
                -89.816363,40.974709,0
                -89.815665,40.974691,0
                -89.813538,40.97467,0
                -89.8131,40.974663,0
                -89.812931,40.974661,0
                -89.812404,40.974651,0
                -89.811796,40.974649,0
                -89.81178,40.974964,0
                -89.811779,40.975717,0
                -89.811725,40.981941,0
                -89.814744,40.981976,0
                -89.815451,40.982002,0
                -89.816145,40.982105,0
                -89.817489,40.982441,0
                -89.818191,40.98251,0
                -89.8189,40.982524,0
                -89.819609,40.982529,0
                -89.820318,40.982554,0
                -89.821009,40.982663,0
                -89.821621,40.982926,0
                -89.822088,40.983325,0
                -89.8225,40.983761,0
                -89.82293,40.984186,0
                -89.823502,40.984661,0
                -89.824401,40.98531,0
                -89.824845,40.985632,0
                -89.828957,40.988572,0
                -89.829492,40.988924,0
                -89.830102,40.989195,0
                -89.830692,40.989364,0
                -89.830765,40.989385,0
                -89.831133,40.989439,0
                -89.831461,40.989488,0
                -89.832171,40.989514,0
                -89.835717,40.989524,0
                -89.838552,40.989544,0
                -89.849192,40.989536,0
                -89.850095,40.989542,0
                -89.850095,40.990905,0
                -89.850065,40.993051,0
                -89.850063,40.99413,0
                -89.849997,40.996978,0
                -89.849994,40.997076,0
                -89.849958,40.998215,0
                -89.849948,41.003803,0
                -89.849918,41.004125,0
                -89.850106,41.004129,0
                -89.8502,41.004126,0
                -89.850482,41.004142,0
                -89.85445,41.004178,0
                -89.859276,41.004228,0
                -89.859368,41.004248,0
                -89.859452,41.004283,0
                -89.859517,41.004336,0
                -89.859559,41.004401,0
                -89.859572,41.004472,0
                -89.859526,41.00619,0
                -89.859512,41.007262,0
                -89.859509,41.008698,0
                -89.859473,41.010492,0
                -89.859441,41.013358,0
                -89.859375,41.016223,0
                -89.859342,41.018783,0
                -89.859357,41.01995,0
                -89.859351,41.023529,0
                -89.859358,41.024607,0
                -89.859332,41.026398,0
                -89.859342,41.026758,0
                -89.85934,41.027476,0
                -89.859345,41.028121,0
                -89.859358,41.029982,0
                -89.859357,41.030695,0
                -89.859382,41.033201,0
                -89.859365,41.035353,0
                -89.859357,41.038939,0
                -89.859338,41.040684,0
                -89.859253,41.0407,0
                -89.858783,41.040715,0
                -89.855094,41.040691,0
                -89.848201,41.040645,0
                -89.846872,41.040622,0
                -89.845256,41.04062,0
                -89.840499,41.040563,0
                -89.837643,41.040535,0
                -89.835746,41.040531,0
                -89.834313,41.040542,0
                -89.834075,41.040921,0
                -89.832775,41.041859,0
                -89.832685,41.042042,0
                -89.832473,41.042156,0
                -89.83193,41.042934,0
                -89.831326,41.043414,0
                -89.831387,41.043848,0
                -89.832686,41.044351,0
                -89.833683,41.045334,0
                -89.833924,41.045883,0
                -89.833533,41.050616,0
                -89.833352,41.051073,0
                -89.831299,41.052697,0
                -89.830574,41.053155,0
                -89.828098,41.054344,0
                -89.827252,41.054618,0
                -89.82351,41.055278,0
                -89.822057,41.055534,0
                -89.821695,41.055762,0
                -89.82091,41.056746,0
                -89.820789,41.057089,0
                -89.820789,41.057912,0
                -89.821635,41.058941,0
                -89.82233,41.059444,0
                -89.823206,41.059832,0
                -89.823629,41.059924,0
                -89.825169,41.059741,0
                -89.827163,41.059877,0
                -89.828402,41.060289,0
                -89.828825,41.060655,0
                -89.82952,41.061729,0
                -89.829822,41.062049,0
                -89.811332,41.061853,0
                -89.811354,41.061894,0
                -89.811414,41.06203,0
                -89.811448,41.062171,0
                -89.811466,41.062386,0
                -89.811417,41.064752,0
                -89.8114,41.065037,0
                -89.81138,41.065107,0
                -89.8113,41.065236,0
                -89.810919,41.065608,0
                -89.811086,41.065779,0
                -89.811217,41.065967,0
                -89.811308,41.06617,0
                -89.811358,41.06638,0
                -89.811378,41.066666,0
                -89.81142,41.071808,0
                -89.811441,41.07441,0
                -89.811458,41.075295,0
                -89.811478,41.07795,0
                -89.811473,41.07932,0
                -89.811467,41.081044,0
                -89.811445,41.083823,0
                -89.811435,41.091161,0
                -89.811385,41.095893,0
                -89.811382,41.096128,0
                -89.811332,41.102891,0
                -89.81131,41.105805,0
                -89.811281,41.107689,0
                -89.811257,41.110706,0
                -89.811265,41.112216,0
                -89.811258,41.113082,0
                -89.811247,41.115731,0
                -89.811259,41.117241,0
                -89.811275,41.118245,0
                -89.811271,41.119537,0
                -89.811269,41.120343,0
                -89.811262,41.126287,0
                -89.811228,41.131818,0
                -89.811222,41.133825,0
                -89.8112,41.135054,0
                -89.801759,41.134864,0
                -89.801735,41.135075,0
                -89.801717,41.138842,0
                -89.8017,41.142245,0
                -89.801688,41.143246,0
                -89.801527,41.143237,0
                -89.800237,41.143856,0
                -89.799246,41.144176,0
                -89.798044,41.144382,0
                -89.795312,41.145297,0
                -89.79453,41.145343,0
                -89.79354,41.144932,0
                -89.79312,41.144818,0
                -89.792917,41.144832,0
                -89.792899,41.148201,0
                -89.782917,41.148007,0
                -89.782468,41.148078,0
                -89.782522,41.14809,0
                -89.782602,41.14813,0
                -89.782659,41.148189,0
                -89.782686,41.148259,0
                -89.782687,41.148829,0
                -89.782671,41.150196,0
                -89.782669,41.150914,0
                -89.782648,41.151418,0
                -89.782624,41.154563,0
                -89.782601,41.155366,0
                -89.780609,41.155323,0
                -89.777415,41.15527,0
                -89.777266,41.155607,0
                -89.777054,41.155698,0
                -89.77663,41.156064,0
                -89.77433,41.157595,0
                -89.773845,41.157801,0
                -89.772514,41.157938,0
                -89.771274,41.158166,0
                -89.770124,41.158143,0
                -89.769307,41.157776,0
                -89.768763,41.157616,0
                -89.768037,41.157799,0
                -89.767734,41.158027,0
                -89.767643,41.158233,0
                -89.767703,41.159354,0
                -89.768096,41.159651,0
                -89.769276,41.159972,0
                -89.76976,41.1602,0
                -89.770364,41.160795,0
                -89.770364,41.161527,0
                -89.770576,41.161733,0
                -89.770848,41.162419,0
                -89.770817,41.162945,0
                -89.770393,41.16347,0
                -89.77009,41.163722,0
                -89.769213,41.164087,0
                -89.768759,41.16443,0
                -89.768486,41.164864,0
                -89.768395,41.165276,0
                -89.767638,41.166259,0
                -89.767638,41.16642,0
                -89.76797,41.166629,0
                -89.768393,41.166701,0
                -89.769359,41.166639,0
                -89.770115,41.166144,0
                -89.770447,41.166169,0
                -89.770567,41.166792,0
                -89.770929,41.167047,0
                -89.771382,41.167141,0
                -89.771653,41.167466,0
                -89.771865,41.167535,0
                -89.773164,41.167407,0
                -89.77395,41.167048,0
                -89.774796,41.166507,0
                -89.7754,41.165874,0
                -89.775974,41.165651,0
                -89.776639,41.165655,0
                -89.777213,41.165819,0
                -89.778814,41.166932,0
                -89.779327,41.167119,0
                -89.779751,41.167421,0
                -89.779718,41.168205,0
                -89.779141,41.16984,0
                -89.780168,41.169884,0
                -89.782468,41.169953,0
                -89.782443,41.175386,0
                -89.782702,41.175502,0
                -89.782973,41.175894,0
                -89.783393,41.176699,0
                -89.783604,41.176655,0
                -89.784086,41.176133,0
                -89.78484,41.176319,0
                -89.786257,41.17715,0
                -89.786982,41.177268,0
                -89.78695,41.177497,0
                -89.786463,41.178143,0
                -89.786583,41.178556,0
                -89.787336,41.179063,0
                -89.788118,41.180077,0
                -89.788177,41.180353,0
                -89.788394,41.180684,0
                -89.796706,41.180679,0
                -89.797894,41.180678,0
                -89.799171,41.180678,0
                -89.801755,41.180675,0
                -89.801744,41.180836,0
                -89.801742,41.183562,0
                -89.801742,41.184349,0
                -89.801744,41.184455,0
                -89.801752,41.184851,0
                -89.801799,41.185423,0
                -89.801817,41.185495,0
                -89.801854,41.185564,0
                -89.801908,41.185626,0
                -89.801977,41.185677,0
                -89.802224,41.185788,0
                -89.802815,41.186016,0
                -89.8034,41.186231,0
                -89.804057,41.186488,0
                -89.805426,41.187024,0
                -89.80585,41.187153,0
                -89.805952,41.187258,0
                -89.805932,41.187328,0
                -89.805907,41.18747,0
                -89.805909,41.187685,0
                -89.805983,41.188106,0
                -89.805983,41.188155,0
                -89.805983,41.188247,0
                -89.805956,41.188385,0
                -89.805888,41.188516,0
                -89.805752,41.1887,0
                -89.805326,41.189171,0
                -89.803736,41.190859,0
                -89.803597,41.191045,0
                -89.803539,41.191179,0
                -89.803509,41.19132,0
                -89.803485,41.191749,0
                -89.803473,41.191892,0
                -89.80349,41.192105,0
                -89.802936,41.192141,0
                -89.802001,41.192232,0
                -89.801309,41.192299,0
                -89.800772,41.192352,0
                -89.800437,41.19242,0
                -89.8003,41.192555,0
                -89.800128,41.192804,0
                -89.80007,41.192938,0
                -89.800037,41.193076,0
                -89.800033,41.193287,0
                -89.800074,41.193565,0
                -89.800166,41.193986,0
                -89.800178,41.194129,0
                -89.800154,41.194342,0
                -89.800067,41.194621,0
                -89.79982,41.195164,0
                -89.799607,41.19559,0
                -89.799486,41.195834,0
                -89.798781,41.197164,0
                -89.798581,41.19749,0
                -89.798138,41.198122,0
                -89.7979,41.19843,0
                -89.797554,41.198772,0
                -89.797279,41.198971,0
                -89.797051,41.199104,0
                -89.796802,41.199211,0
                -89.79662,41.199255,0
                -89.796527,41.199271,0
                -89.796243,41.199281,0
                -89.793397,41.199196,0
                -89.790069,41.199111,0
                -89.786739,41.199045,0
                -89.78484,41.19902,0
                -89.783891,41.198992,0
                -89.782319,41.198965,0
                -89.782291,41.207821,0
                -89.782271,41.20818,0
                -89.782213,41.208536,0
                -89.782103,41.208959,0
                -89.781978,41.209304,0
                -89.781821,41.209642,0
                -89.780143,41.212694,0
                -89.781627,41.212777,0
                -89.781866,41.212783,0
                -89.782145,41.212807,0
                -89.782424,41.212858,0
                -89.782603,41.212911,0
                -89.782859,41.213013,0
                -89.783666,41.213392,0
                -89.78392,41.21348,0
                -89.78401,41.2135,0
                -89.784289,41.213545,0
                -89.784572,41.213568,0
                -89.789926,41.213678,0
                -89.795912,41.213808,0
                -89.797531,41.213836,0
                -89.80038,41.2139,0
                -89.803321,41.214038,0
                -89.804738,41.214117,0
                -89.805114,41.214157,0
                -89.805298,41.214197,0
                -89.805472,41.214252,0
                -89.805633,41.214328,0
                -89.80584,41.214456,0
                -89.805922,41.214528,0
                -89.806093,41.214728,0
                -89.806199,41.214926,0
                -89.80626,41.215135,0
                -89.806278,41.215349,0
                -89.806231,41.219007,0
                -89.806196,41.220874,0
                -89.806166,41.222307,0
                -89.806155,41.223604,0
                -89.806158,41.223961,0
                -89.806195,41.224174,0
                -89.806275,41.22438,0
                -89.80645,41.224676,0
                -89.806644,41.224832,0
                -89.806859,41.224967,0
                -89.807099,41.225077,0
                -89.807448,41.225183,0
                -89.810607,41.225978,0
                -89.810838,41.226063,0
                -89.811476,41.226287,0
                -89.811878,41.226476,0
                -89.812745,41.226911,0
                -89.814401,41.227743,0
                -89.814883,41.227969,0
                -89.815134,41.228068,0
                -89.815399,41.228144,0
                -89.815676,41.228189,0
                -89.815739,41.228194,0
                -89.815865,41.228203,0
                -89.820236,41.228245,0
                -89.820709,41.228262,0
                -89.821181,41.228308,0
                -89.821646,41.228388,0
                -89.822565,41.228567,0
                -89.823033,41.228626,0
                -89.823411,41.228648,0
                -89.82816,41.228673,0
                -89.830084,41.228687,0
                -89.830839,41.228689,0
                -89.844966,41.228933,0
                -89.849628,41.229014,0
                -89.851048,41.229026,0
                -89.852613,41.229026,0
                -89.856744,41.229027,0
                -89.858783,41.229037,0
                -89.858794,41.226654,0
                -89.858781,41.224073,0
                -89.858831,41.222355,0
                -89.858852,41.219816,0
                -89.858869,41.217738,0
                -89.858882,41.217205,0
                -89.858889,41.21495,0
                -89.858879,41.21477,0
                -89.858766,41.214784,0
                -89.856227,41.214757,0
                -89.854234,41.214731,0
                -89.849944,41.214686,0
                -89.848861,41.214671,0
                -89.848687,41.214519,0
                -89.848697,41.214459,0
                -89.848212,41.214322,0
                -89.847001,41.214231,0
                -89.846214,41.213934,0
                -89.845033,41.213637,0
                -89.845184,41.209501,0
                -89.845178,41.207186,0
                -89.847939,41.207181,0
                -89.853544,41.207258,0
                -89.858982,41.207342,0
                -89.859011,41.207059,0
                -89.859017,41.206413,0
                -89.858971,41.203404,0
                -89.858953,41.200215,0
                -89.858945,41.1968,0
                -89.858939,41.194268,0
                -89.858941,41.192979,0
                -89.858967,41.189537,0
                -89.859644,41.189788,0
                -89.86078,41.189901,0
                -89.861579,41.190129,0
                -89.861889,41.19038,0
                -89.862077,41.190676,0
                -89.86251,41.190996,0
                -89.864447,41.191612,0
                -89.865003,41.192023,0
                -89.865438,41.192525,0
                -89.866081,41.193067,0
                -89.867976,41.193091,0
                -89.867993,41.191626,0
                -89.868046,41.187234,0
                -89.868064,41.18577,0
                -89.868092,41.184311,0
                -89.868124,41.182649,0
                -89.868116,41.179936,0
                -89.868113,41.178478,0
                -89.86812,41.177488,0
                -89.868141,41.174518,0
                -89.868148,41.173528,0
                -89.868156,41.171209,0
                -89.868163,41.169334,0
                -89.868178,41.164252,0
                -89.868186,41.161934,0
                -89.868186,41.161873,0
                -89.868188,41.161792,0
                -89.868204,41.161368,0
                -89.86821,41.161227,0
                -89.868221,41.160468,0
                -89.868254,41.158195,0
                -89.868266,41.157437,0
                -89.868285,41.155969,0
                -89.868294,41.155336,0
                -89.868343,41.151565,0
                -89.868363,41.150097,0
                -89.868363,41.150089,0
                -89.868366,41.149868,0
                -89.868379,41.149183,0
                -89.868384,41.148955,0
                -89.868486,41.148956,0
                -89.868795,41.148962,0
                -89.868898,41.148965,0
                -89.869065,41.148969,0
                -89.875105,41.149507,0
                -89.881714,41.149286,0
                -89.8818,41.149288,0
                -89.882178,41.149283,0
                -89.883573,41.149268,0
                -89.884038,41.149263,0
                -89.887823,41.1492,0
                -89.887823,41.149231,0
                -89.887853,41.149321,0
                -89.887892,41.149379,0
                -89.887959,41.149425,0
                -89.888052,41.149453,0
                -89.888149,41.149465,0
                -89.888809,41.14946,0
                -89.889201,41.149449,0
                -89.891764,41.149446,0
                -89.891951,41.149459,0
                -89.892039,41.14948,0
                -89.892143,41.14953,0
                -89.892188,41.149578,0
                -89.892216,41.149577,0
                -89.89928,41.149425,0
                -89.899608,41.149417,0
                -89.900592,41.149393,0
                -89.900921,41.149386,0
                -89.901124,41.149379,0
                -89.901735,41.149359,0
                -89.901939,41.149353,0
                -89.901932,41.147469,0
                -89.901878,41.143602,0
                -89.901872,41.142125,0
                -89.906413,41.142063,0
                -89.906413,41.141866,0
                -89.906433,41.139002,0
                -89.906432,41.136491,0
                -89.906443,41.135169,0
                -89.906456,41.133631,0
                -89.906489,41.131469,0
                -89.906494,41.131124,0
                -89.906505,41.130059,0
                -89.906553,41.127923,0
                -89.90659,41.124991,0
                -89.906623,41.123082,0
                -89.906638,41.121968,0
                -89.906642,41.121622,0
                -89.906663,41.119382,0
                -89.906693,41.117275,0
                -89.90668,41.116889,0
                -89.907545,41.116742,0
                -89.909636,41.116408,0
                -89.910882,41.116189,0
                -89.911154,41.116126,0
                -89.91155,41.116,0
                -89.911953,41.115895,0
                -89.91347,41.115598,0
                -89.915951,41.115144,0
                -89.916221,41.115081,0
                -89.916348,41.115034,0
                -89.916468,41.114976,0
                -89.916679,41.114831,0
                -89.917377,41.114293,0
                -89.917638,41.114038,0
                -89.917836,41.113885,0
                -89.917957,41.113831,0
                -89.918096,41.113806,0
                -89.918379,41.113804,0
                -89.924495,41.113986,0
                -89.925865,41.114021,0
                -89.926333,41.114021,0
                -89.932596,41.113851,0
                -89.937009,41.113702,0
                -89.941844,41.113524,0
                -89.943975,41.113454,0
                -89.945134,41.113426,0
                -89.945141,41.111114,0
                -89.945161,41.108967,0
                -89.945162,41.10882,0
                -89.945187,41.107621,0
                -89.944931,41.107551,0
                -89.94467,41.107464,0
                -89.942424,41.106581,0
                -89.942036,41.106467,0
                -89.941854,41.106428,0
                -89.941483,41.10636,0
                -89.941105,41.106321,0
                -89.940724,41.106305,0
                -89.940548,41.106309,0
                -89.9341,41.106473,0
                -89.931445,41.106537,0
                -89.930971,41.106535,0
                -89.930311,41.106509,0
                -89.928996,41.106377,0
                -89.925863,41.106042,0
                -89.925894,41.105612,0
                -89.925868,41.105448,0
                -89.925851,41.104299,0
                -89.925846,41.102361,0
                -89.925841,41.101929,0
                -89.925868,41.101012,0
                -89.925903,41.100946,0
                -89.925904,41.10059,0
                -89.925887,41.100513,0
                -89.925888,41.100442,0
                -89.925918,41.100371,0
                -89.925886,41.100295,0
                -89.925887,41.100227,0
                -89.925903,41.10016,0
                -89.925891,41.099661,0
                -89.925895,41.099444,0
                -89.925885,41.099231,0
                -89.925856,41.098103,0
                -89.925844,41.097627,0
                -89.925845,41.091879,0
                -89.925949,41.084493,0
                -89.927283,41.084482,0
                -89.93392,41.084323,0
                -89.937896,41.084246,0
                -89.945368,41.084133,0
                -89.94538,41.083589,0
                -89.945393,41.082298,0
                -89.94541,41.081329,0
                -89.945415,41.080145,0
                -89.945466,41.074948,0
                -89.945488,41.071115,0
                -89.945568,41.063591,0
                -89.945574,41.062167,0
                -89.946545,41.062174,0
                -89.951132,41.062189,0
                -89.952834,41.062189,0
                -89.956097,41.062213,0
                -89.964804,41.062226,0
                -89.965745,41.062229,0
                -89.965706,41.061753,0
                -89.965698,41.061199,0
                -89.965674,41.060682,0
                -89.965712,41.057227,0
                -89.965753,41.054936,0
                -89.965793,41.053218,0
                -89.965802,41.052072,0
                -89.965837,41.051027,0
                -89.963472,41.051989,0
                -89.962936,41.052332,0
                -89.961471,41.052812,0
                -89.961112,41.052812,0
                -89.960215,41.052492,0
                -89.95926,41.051944,0
                -89.958604,41.051441,0
                -89.958366,41.051166,0
                -89.958207,41.049336,0
                -89.957016,41.048239,0
                -89.956662,41.04769,0
                -89.956693,41.047576,0
                -89.956544,41.047462,0
                -89.956393,41.047029,0
                -89.95591,41.046348,0
                -89.955306,41.046008,0
                -89.953767,41.045375,0
                -89.9528,41.044717,0
                -89.951956,41.044309,0
                -89.950808,41.044154,0
                -89.949994,41.043905,0
                -89.948242,41.04293,0
                -89.946733,41.041818,0
                -89.946432,41.041318,0
                -89.946254,41.04079,0
              </coordinates>
            </LinearRing>
          </outerBoundaryIs>
        </Polygon>
      </Placemark>
      <Placemark>
        <name>61426</name>
        <description><![CDATA[61426<br><br>description: <br>STATEFP10: 17<br>GEOID10: 1761426<br>CLASSFP10: B5<br>MTFCC10: G6350<br>FUNCSTAT10: S<br>ALAND10: 8221384<br>AWATER10: 0<br>INTPTLAT10: +41.1199967<br>INTPTLON10: -089.7069800<br>PARTFLG10: N]]></description>
        <styleUrl>#poly-0097A7-1200-66</styleUrl>
        <ExtendedData>
          <Data name="description">
            <value/>
          </Data>
          <Data name="STATEFP10">
            <value>17</value>
          </Data>
          <Data name="GEOID10">
            <value>1761426</value>
          </Data>
          <Data name="CLASSFP10">
            <value>B5</value>
          </Data>
          <Data name="MTFCC10">
            <value>G6350</value>
          </Data>
          <Data name="FUNCSTAT10">
            <value>S</value>
          </Data>
          <Data name="ALAND10">
            <value>8221384</value>
          </Data>
          <Data name="AWATER10">
            <value>0</value>
          </Data>
          <Data name="INTPTLAT10">
            <value>+41.1199967</value>
          </Data>
          <Data name="INTPTLON10">
            <value>-089.7069800</value>
          </Data>
          <Data name="PARTFLG10">
            <value>N</value>
          </Data>
        </ExtendedData>
        <Polygon>
          <outerBoundaryIs>
            <LinearRing>
              <tessellate>1</tessellate>
              <coordinates>
                -89.725233,41.126902,0
                -89.725178,41.130282,0
                -89.735061,41.130408,0
                -89.735101,41.127477,0
                -89.735129,41.127097,0
                -89.735128,41.126838,0
                -89.735129,41.126707,0
                -89.73513,41.126474,0
                -89.735156,41.125969,0
                -89.735202,41.12396,0
                -89.735195,41.122441,0
                -89.735165,41.121267,0
                -89.735156,41.120934,0
                -89.735091,41.119425,0
                -89.73511,41.114411,0
                -89.735147,41.112286,0
                -89.728205,41.112331,0
                -89.720895,41.112372,0
                -89.717575,41.112381,0
                -89.715584,41.112405,0
                -89.711559,41.1124,0
                -89.710899,41.112377,0
                -89.710422,41.112383,0
                -89.706921,41.112366,0
                -89.706301,41.112382,0
                -89.705538,41.112371,0
                -89.704876,41.11237,0
                -89.698626,41.1123,0
                -89.696522,41.112293,0
                -89.694287,41.112307,0
                -89.691706,41.112324,0
                -89.691679,41.113234,0
                -89.690079,41.113122,0
                -89.690064,41.112334,0
                -89.688606,41.112343,0
                -89.685846,41.112361,0
                -89.683855,41.112356,0
                -89.677015,41.112366,0
                -89.677012,41.112728,0
                -89.676952,41.11488,0
                -89.676851,41.118102,0
                -89.676825,41.119807,0
                -89.676818,41.120254,0
                -89.676799,41.126347,0
                -89.676778,41.126931,0
                -89.679338,41.126926,0
                -89.69527,41.126825,0
                -89.695941,41.126821,0
                -89.699273,41.126849,0
                -89.705904,41.126932,0
                -89.706644,41.126941,0
                -89.715537,41.127052,0
                -89.719397,41.126967,0
                -89.722055,41.126928,0
                -89.725233,41.126902,0
              </coordinates>
            </LinearRing>
          </outerBoundaryIs>
        </Polygon>
      </Placemark>
      <Placemark>
        <name>61491</name>
        <description><![CDATA[61491<br><br>description: <br>STATEFP10: 17<br>GEOID10: 1761491<br>CLASSFP10: B5<br>MTFCC10: G6350<br>FUNCSTAT10: S<br>ALAND10: 258290370<br>AWATER10: 626675<br>INTPTLAT10: +41.0544643<br>INTPTLON10: -089.7307335<br>PARTFLG10: N]]></description>
        <styleUrl>#poly-0097A7-1200-66</styleUrl>
        <ExtendedData>
          <Data name="description">
            <value/>
          </Data>
          <Data name="STATEFP10">
            <value>17</value>
          </Data>
          <Data name="GEOID10">
            <value>1761491</value>
          </Data>
          <Data name="CLASSFP10">
            <value>B5</value>
          </Data>
          <Data name="MTFCC10">
            <value>G6350</value>
          </Data>
          <Data name="FUNCSTAT10">
            <value>S</value>
          </Data>
          <Data name="ALAND10">
            <value>258290370</value>
          </Data>
          <Data name="AWATER10">
            <value>626675</value>
          </Data>
          <Data name="INTPTLAT10">
            <value>+41.0544643</value>
          </Data>
          <Data name="INTPTLON10">
            <value>-089.7307335</value>
          </Data>
          <Data name="PARTFLG10">
            <value>N</value>
          </Data>
        </ExtendedData>
        <MultiGeometry>
          <Polygon>
            <outerBoundaryIs>
              <LinearRing>
                <tessellate>1</tessellate>
                <coordinates>
                  -89.735651,40.985881,0
                  -89.735753,40.98583,0
                  -89.73584,40.985803,0
                  -89.735932,40.985792,0
                  -89.737247,40.985818,0
                  -89.738563,40.985817,0
                  -89.74121,40.985797,0
                  -89.742532,40.985797,0
                  -89.743585,40.985803,0
                  -89.743873,40.9858,0
                  -89.743974,40.985784,0
                  -89.744058,40.98574,0
                  -89.744106,40.985672,0
                  -89.744123,40.985531,0
                  -89.744095,40.984958,0
                  -89.744097,40.984787,0
                  -89.74433,40.984794,0
                  -89.744522,40.984787,0
                  -89.745646,40.984806,0
                  -89.748286,40.984821,0
                  -89.750932,40.984816,0
                  -89.753591,40.984829,0
                  -89.754352,40.984846,0
                  -89.75452,40.98488,0
                  -89.754581,40.978267,0
                  -89.754593,40.976972,0
                  -89.754598,40.976613,0
                  -89.754616,40.97395,0
                  -89.754616,40.973939,0
                  -89.753681,40.973935,0
                  -89.751985,40.973929,0
                  -89.751119,40.97393,0
                  -89.750878,40.973926,0
                  -89.750427,40.973919,0
                  -89.749944,40.973913,0
                  -89.74983,40.973912,0
                  -89.748906,40.973907,0
                  -89.747891,40.973903,0
                  -89.74656,40.97391,0
                  -89.745792,40.97391,0
                  -89.744754,40.97391,0
                  -89.742896,40.973901,0
                  -89.741097,40.973894,0
                  -89.737325,40.973888,0
                  -89.7373,40.973888,0
                  -89.735469,40.973873,0
                  -89.735404,40.973872,0
                  -89.735212,40.973872,0
                  -89.735148,40.973872,0
                  -89.735069,40.977928,0
                  -89.73506,40.979433,0
                  -89.735071,40.98144,0
                  -89.735062,40.983017,0
                  -89.735115,40.984521,0
                  -89.735138,40.984734,0
                  -89.735175,40.984876,0
                  -89.735281,40.98544,0
                  -89.735336,40.985649,0
                  -89.735482,40.98591,0
                  -89.735547,40.98599,0
                  -89.735651,40.985881,0
                </coordinates>
              </LinearRing>
            </outerBoundaryIs>
          </Polygon>
          <Polygon>
            <outerBoundaryIs>
              <LinearRing>
                <tessellate>1</tessellate>
                <coordinates>
                  -89.71586,41.014376,0
                  -89.715901,41.012675,0
                  -89.715919,41.008724,0
                  -89.715918,41.005855,0
                  -89.715925,41.002873,0
                  -89.716152,41.002869,0
                  -89.716627,41.002875,0
                  -89.724507,41.002867,0
                  -89.725166,41.002858,0
                  -89.725826,41.002868,0
                  -89.729795,41.002838,0
                  -89.734709,41.002844,0
                  -89.735064,41.002836,0
                  -89.735093,40.999727,0
                  -89.735096,40.997219,0
                  -89.735105,40.995637,0
                  -89.735092,40.99507,0
                  -89.735086,40.99378,0
                  -89.735123,40.993231,0
                  -89.735103,40.990814,0
                  -89.735086,40.990519,0
                  -89.735106,40.98967,0
                  -89.735111,40.988661,0
                  -89.735122,40.988355,0
                  -89.735146,40.98789,0
                  -89.73513,40.987166,0
                  -89.735107,40.987,0
                  -89.735095,40.986954,0
                  -89.735101,40.986878,0
                  -89.735121,40.986811,0
                  -89.735159,40.986748,0
                  -89.735216,40.986689,0
                  -89.735267,40.986652,0
                  -89.734986,40.986286,0
                  -89.73464,40.984778,0
                  -89.734524,40.984665,0
                  -89.734528,40.984553,0
                  -89.73447,40.984485,0
                  -89.734075,40.982663,0
                  -89.733787,40.982281,0
                  -89.733351,40.981856,0
                  -89.73109,40.980904,0
                  -89.730474,40.980594,0
                  -89.729772,40.980169,0
                  -89.728482,40.979458,0
                  -89.728455,40.979368,0
                  -89.727844,40.979124,0
                  -89.727415,40.978884,0
                  -89.725493,40.978818,0
                  -89.723966,40.978463,0
                  -89.723294,40.978195,0
                  -89.721977,40.97738,0
                  -89.721395,40.977067,0
                  -89.720542,40.977117,0
                  -89.71996,40.977286,0
                  -89.718552,40.978204,0
                  -89.718032,40.978486,0
                  -89.716626,40.979045,0
                  -89.715984,40.979235,0
                  -89.715949,40.979235,0
                  -89.715924,40.97417,0
                  -89.715933,40.973845,0
                  -89.71428,40.973836,0
                  -89.713684,40.973834,0
                  -89.712368,40.973836,0
                  -89.709322,40.973828,0
                  -89.70767,40.973824,0
                  -89.707558,40.973824,0
                  -89.707527,40.973823,0
                  -89.707098,40.97382,0
                  -89.706956,40.97382,0
                  -89.706822,40.973819,0
                  -89.706789,40.973818,0
                  -89.704877,40.97382,0
                  -89.703957,40.973821,0
                  -89.70161,40.973813,0
                  -89.701308,40.973806,0
                  -89.69918,40.973805,0
                  -89.698642,40.973807,0
                  -89.698063,40.97381,0
                  -89.696564,40.973793,0
                  -89.696679,40.979054,0
                  -89.696694,40.979549,0
                  -89.696697,40.98013,0
                  -89.696666,40.984078,0
                  -89.696673,40.986109,0
                  -89.696673,40.986231,0
                  -89.696647,40.988308,0
                  -89.69528,40.988301,0
                  -89.67797,40.988312,0
                  -89.677565,40.988312,0
                  -89.677372,40.988328,0
                  -89.67738,40.988462,0
                  -89.677372,40.988747,0
                  -89.677372,40.988792,0
                  -89.67736,40.99054,0
                  -89.677386,40.997985,0
                  -89.677381,40.998641,0
                  -89.677381,41.00273,0
                  -89.677097,41.002765,0
                  -89.672262,41.002842,0
                  -89.669425,41.002898,0
                  -89.667294,41.002953,0
                  -89.663752,41.003031,0
                  -89.661038,41.003081,0
                  -89.657958,41.003138,0
                  -89.656513,41.003115,0
                  -89.65041,41.003041,0
                  -89.650371,41.003403,0
                  -89.649494,41.005771,0
                  -89.647496,41.01101,0
                  -89.646497,41.014063,0
                  -89.645215,41.017611,0
                  -89.657233,41.017756,0
                  -89.65798,41.017746,0
                  -89.657969,41.020516,0
                  -89.657945,41.022311,0
                  -89.657944,41.022915,0
                  -89.657937,41.027332,0
                  -89.657944,41.029865,0
                  -89.657945,41.030207,0
                  -89.657936,41.032275,0
                  -89.656394,41.032269,0
                  -89.648268,41.032182,0
                  -89.639989,41.032119,0
                  -89.638612,41.032107,0
                  -89.638628,41.035788,0
                  -89.638628,41.037652,0
                  -89.638628,41.039609,0
                  -89.638624,41.040414,0
                  -89.6386,41.046707,0
                  -89.6386,41.047804,0
                  -89.63858,41.053988,0
                  -89.638565,41.060543,0
                  -89.638565,41.06135,0
                  -89.638545,41.068487,0
                  -89.63851,41.07585,0
                  -89.638512,41.07642,0
                  -89.638505,41.077419,0
                  -89.638514,41.078849,0
                  -89.638511,41.079079,0
                  -89.6385,41.080921,0
                  -89.638503,41.083791,0
                  -89.638515,41.087736,0
                  -89.638516,41.090395,0
                  -89.63317,41.0904,0
                  -89.632324,41.0904,0
                  -89.63078,41.0904,0
                  -89.630719,41.090399,0
                  -89.630536,41.090397,0
                  -89.630476,41.090397,0
                  -89.63046,41.089546,0
                  -89.630413,41.086995,0
                  -89.63041,41.086814,0
                  -89.630503,41.086152,0
                  -89.630571,41.085598,0
                  -89.630775,41.083935,0
                  -89.630844,41.083382,0
                  -89.630961,41.082068,0
                  -89.63109,41.080638,0
                  -89.631332,41.078131,0
                  -89.63146,41.076819,0
                  -89.631481,41.076615,0
                  -89.631546,41.076003,0
                  -89.631568,41.0758,0
                  -89.631392,41.0758,0
                  -89.630865,41.0758,0
                  -89.63069,41.0758,0
                  -89.630368,41.0758,0
                  -89.63017,41.0758,0
                  -89.62968,41.07574,0
                  -89.629419,41.075666,0
                  -89.62911,41.07558,0
                  -89.62887,41.07543,0
                  -89.62867,41.07527,0
                  -89.62845,41.075,0
                  -89.62832,41.07467,0
                  -89.62828,41.07436,0
                  -89.62833,41.07409,0
                  -89.62848,41.07366,0
                  -89.628713,41.073084,0
                  -89.62874,41.07302,0
                  -89.62899,41.07238,0
                  -89.62945,41.07127,0
                  -89.629847,41.070229,0
                  -89.63021,41.06928,0
                  -89.63038,41.06877,0
                  -89.63045,41.06834,0
                  -89.6305,41.06791,0
                  -89.63051,41.06709,0
                  -89.63048,41.06521,0
                  -89.63048,41.064688,0
                  -89.63048,41.06409,0
                  -89.630477,41.063953,0
                  -89.63047,41.06362,0
                  -89.63046,41.06261,0
                  -89.630435,41.061784,0
                  -89.630432,41.061687,0
                  -89.630423,41.061396,0
                  -89.63042,41.0613,0
                  -89.63039,41.06009,0
                  -89.630388,41.059944,0
                  -89.63037,41.05789,0
                  -89.63032,41.05657,0
                  -89.63032,41.055878,0
                  -89.63032,41.05578,0
                  -89.63032,41.05553,0
                  -89.63031,41.05517,0
                  -89.630293,41.054523,0
                  -89.63028,41.05402,0
                  -89.630274,41.053351,0
                  -89.63027,41.05289,0
                  -89.63024,41.05153,0
                  -89.63023,41.05029,0
                  -89.630212,41.049838,0
                  -89.6302,41.04952,0
                  -89.630182,41.048668,0
                  -89.630173,41.04826,0
                  -89.630148,41.047037,0
                  -89.63014,41.04663,0
                  -89.63012,41.045226,0
                  -89.63012,41.04517,0
                  -89.63009,41.04162,0
                  -89.630084,41.041016,0
                  -89.630071,41.039613,0
                  -89.63007,41.03955,0
                  -89.63007,41.03945,0
                  -89.63007,41.038962,0
                  -89.63007,41.0388,0
                  -89.63008,41.038,0
                  -89.630069,41.037694,0
                  -89.63005,41.03713,0
                  -89.63004,41.03637,0
                  -89.63003,41.03577,0
                  -89.63004,41.03441,0
                  -89.630039,41.034376,0
                  -89.630023,41.03327,0
                  -89.63002,41.03306,0
                  -89.63001,41.03202,0
                  -89.62867,41.03201,0
                  -89.627188,41.03199,0
                  -89.62712,41.03199,0
                  -89.62602,41.03199,0
                  -89.62312,41.03196,0
                  -89.62106,41.03195,0
                  -89.61923,41.03195,0
                  -89.618722,41.031947,0
                  -89.61714,41.03194,0
                  -89.61631,41.03193,0
                  -89.6159,41.03193,0
                  -89.61542,41.03192,0
                  -89.614918,41.031916,0
                  -89.611972,41.031896,0
                  -89.61099,41.03189,0
                  -89.61101,41.03371,0
                  -89.61098,41.03481,0
                  -89.61098,41.03483,0
                  -89.61111,41.03965,0
                  -89.611149,41.043569,0
                  -89.61117,41.0456,0
                  -89.61118,41.04588,0
                  -89.61117,41.04649,0
                  -89.61117,41.04668,0
                  -89.61119,41.04693,0
                  -89.61119,41.04767,0
                  -89.611197,41.04816,0
                  -89.61121,41.0489,0
                  -89.61121,41.04961,0
                  -89.61123,41.05017,0
                  -89.61124,41.05072,0
                  -89.61124,41.05231,0
                  -89.611257,41.053172,0
                  -89.61126,41.05328,0
                  -89.61128,41.05383,0
                  -89.61131,41.05451,0
                  -89.61131,41.054843,0
                  -89.61131,41.05561,0
                  -89.61131,41.056106,0
                  -89.61131,41.05675,0
                  -89.61132,41.05736,0
                  -89.61132,41.05814,0
                  -89.61131,41.05878,0
                  -89.61131,41.05953,0
                  -89.61131,41.059897,0
                  -89.61131,41.06002,0
                  -89.61132,41.06046,0
                  -89.61132,41.06081,0
                  -89.61131,41.061,0
                  -89.611301,41.061157,0
                  -89.61143,41.06116,0
                  -89.61145,41.06139,0
                  -89.61144,41.06155,0
                  -89.61144,41.06184,0
                  -89.61143,41.06219,0
                  -89.61143,41.06261,0
                  -89.61143,41.06334,0
                  -89.61141,41.06394,0
                  -89.61142,41.06469,0
                  -89.61144,41.06552,0
                  -89.611457,41.066964,0
                  -89.61146,41.06714,0
                  -89.61144,41.0683,0
                  -89.611443,41.068416,0
                  -89.61146,41.06914,0
                  -89.611458,41.069271,0
                  -89.61145,41.07037,0
                  -89.61145,41.07098,0
                  -89.61146,41.07177,0
                  -89.611458,41.071836,0
                  -89.611436,41.072692,0
                  -89.61143,41.07294,0
                  -89.611435,41.073281,0
                  -89.61145,41.0742,0
                  -89.611457,41.07505,0
                  -89.61146,41.07533,0
                  -89.61147,41.07564,0
                  -89.611051,41.075634,0
                  -89.6107,41.07563,0
                  -89.609797,41.075625,0
                  -89.609379,41.075624,0
                  -89.60865,41.07562,0
                  -89.60786,41.07561,0
                  -89.607607,41.075605,0
                  -89.60745,41.075603,0
                  -89.60723,41.0756,0
                  -89.60691,41.07559,0
                  -89.60359,41.07555,0
                  -89.602293,41.07555,0
                  -89.60182,41.07555,0
                  -89.600522,41.075542,0
                  -89.598849,41.075531,0
                  -89.59856,41.07553,0
                  -89.593832,41.075522,0
                  -89.59216,41.07552,0
                  -89.59216,41.075485,0
                  -89.59216,41.075383,0
                  -89.592161,41.075349,0
                  -89.59217,41.07431,0
                  -89.592162,41.07396,0
                  -89.59214,41.07286,0
                  -89.59215,41.07006,0
                  -89.592145,41.069794,0
                  -89.59213,41.06894,0
                  -89.59214,41.068406,0
                  -89.591676,41.068403,0
                  -89.590286,41.068396,0
                  -89.589823,41.068394,0
                  -89.588081,41.068404,0
                  -89.587595,41.068408,0
                  -89.583063,41.068435,0
                  -89.582858,41.068436,0
                  -89.581117,41.068447,0
                  -89.581121,41.069276,0
                  -89.581134,41.071766,0
                  -89.581139,41.072596,0
                  -89.581119,41.072598,0
                  -89.581095,41.072602,0
                  -89.581062,41.072607,0
                  -89.581044,41.072611,0
                  -89.581044,41.073212,0
                  -89.581045,41.075018,0
                  -89.581046,41.07562,0
                  -89.579934,41.07563,0
                  -89.576599,41.075662,0
                  -89.575488,41.075674,0
                  -89.574948,41.075679,0
                  -89.57489,41.07568,0
                  -89.573329,41.07568,0
                  -89.57279,41.07568,0
                  -89.572795,41.075973,0
                  -89.5728,41.07617,0
                  -89.57279,41.07679,0
                  -89.572791,41.076852,0
                  -89.5728,41.077145,0
                  -89.572808,41.077449,0
                  -89.57283,41.07823,0
                  -89.572822,41.078362,0
                  -89.572804,41.078666,0
                  -89.57279,41.0789,0
                  -89.57278,41.0793,0
                  -89.572786,41.079786,0
                  -89.57279,41.08002,0
                  -89.57279,41.081,0
                  -89.57282,41.08178,0
                  -89.57281,41.08229,0
                  -89.572819,41.083149,0
                  -89.57283,41.08411,0
                  -89.572835,41.08427,0
                  -89.572924,41.084272,0
                  -89.573062,41.084316,0
                  -89.573142,41.084425,0
                  -89.573337,41.084722,0
                  -89.573809,41.085863,0
                  -89.573859,41.085972,0
                  -89.573882,41.086022,0
                  -89.574143,41.086406,0
                  -89.574179,41.086555,0
                  -89.574194,41.086697,0
                  -89.574165,41.086845,0
                  -89.574179,41.086972,0
                  -89.574281,41.087109,0
                  -89.57447,41.087197,0
                  -89.574709,41.087246,0
                  -89.574927,41.08724,0
                  -89.57521,41.087197,0
                  -89.575442,41.087109,0
                  -89.575703,41.087026,0
                  -89.575899,41.086922,0
                  -89.576087,41.086845,0
                  -89.576247,41.08679,0
                  -89.576704,41.086719,0
                  -89.576849,41.086675,0
                  -89.576994,41.086604,0
                  -89.577146,41.086521,0
                  -89.577226,41.086499,0
                  -89.577342,41.086477,0
                  -89.577501,41.086494,0
                  -89.57785,41.08657,0
                  -89.578495,41.086779,0
                  -89.579017,41.086972,0
                  -89.579547,41.087168,0
                  -89.579707,41.08719,0
                  -89.579895,41.087168,0
                  -89.580128,41.087097,0
                  -89.580287,41.087064,0
                  -89.581046,41.087068,0
                  -89.581346,41.087069,0
                  -89.581441,41.087077,0
                  -89.58226,41.087146,0
                  -89.582529,41.087173,0
                  -89.582621,41.087197,0
                  -89.582739,41.087228,0
                  -89.582993,41.087332,0
                  -89.583319,41.087535,0
                  -89.583983,41.088058,0
                  -89.584357,41.088353,0
                  -89.584611,41.088506,0
                  -89.584894,41.08866,0
                  -89.585249,41.08883,0
                  -89.585598,41.089011,0
                  -89.585881,41.089099,0
                  -89.586192,41.089137,0
                  -89.586925,41.089131,0
                  -89.587172,41.089164,0
                  -89.587373,41.089242,0
                  -89.587426,41.089263,0
                  -89.587622,41.089367,0
                  -89.587919,41.089576,0
                  -89.588122,41.08974,0
                  -89.588369,41.089954,0
                  -89.58841,41.090015,0
                  -89.588493,41.090135,0
                  -89.58852,41.090207,0
                  -89.588547,41.090277,0
                  -89.589267,41.090265,0
                  -89.591429,41.090231,0
                  -89.59215,41.09022,0
                  -89.592149,41.090409,0
                  -89.592146,41.090979,0
                  -89.592146,41.091169,0
                  -89.59214,41.09239,0
                  -89.59216,41.0941,0
                  -89.592159,41.094133,0
                  -89.59214,41.09656,0
                  -89.59208,41.09995,0
                  -89.59207,41.10028,0
                  -89.592018,41.103026,0
                  -89.59201,41.10345,0
                  -89.59198,41.10459,0
                  -89.59198,41.105991,0
                  -89.591984,41.107232,0
                  -89.591996,41.110958,0
                  -89.592,41.112105,0
                  -89.592,41.1122,0
                  -89.59471,41.11215,0
                  -89.59582,41.11212,0
                  -89.595887,41.112119,0
                  -89.60132,41.11206,0
                  -89.60276,41.11206,0
                  -89.60663,41.1121,0
                  -89.607552,41.112114,0
                  -89.60854,41.11213,0
                  -89.61071,41.11215,0
                  -89.61144,41.11217,0
                  -89.61314,41.11218,0
                  -89.613342,41.112181,0
                  -89.6142,41.11219,0
                  -89.61544,41.11219,0
                  -89.61662,41.1122,0
                  -89.61771,41.11219,0
                  -89.619047,41.112202,0
                  -89.61977,41.11221,0
                  -89.62095,41.11221,0
                  -89.623,41.11221,0
                  -89.62694,41.11223,0
                  -89.62874,41.11223,0
                  -89.63057,41.11224,0
                  -89.630648,41.112241,0
                  -89.632174,41.112263,0
                  -89.634159,41.112248,0
                  -89.6347,41.11226,0
                  -89.63826,41.112269,0
                  -89.638471,41.11228,0
                  -89.638696,41.112277,0
                  -89.655675,41.112405,0
                  -89.657825,41.112412,0
                  -89.658224,41.112417,0
                  -89.668461,41.112389,0
                  -89.677015,41.112366,0
                  -89.683855,41.112356,0
                  -89.685846,41.112361,0
                  -89.688606,41.112343,0
                  -89.690064,41.112334,0
                  -89.690079,41.113122,0
                  -89.691679,41.113234,0
                  -89.691706,41.112324,0
                  -89.694287,41.112307,0
                  -89.696522,41.112293,0
                  -89.698626,41.1123,0
                  -89.704876,41.11237,0
                  -89.705538,41.112371,0
                  -89.706301,41.112382,0
                  -89.706921,41.112366,0
                  -89.710422,41.112383,0
                  -89.710899,41.112377,0
                  -89.711559,41.1124,0
                  -89.715584,41.112405,0
                  -89.717575,41.112381,0
                  -89.720895,41.112372,0
                  -89.728205,41.112331,0
                  -89.735147,41.112286,0
                  -89.73511,41.114411,0
                  -89.735091,41.119425,0
                  -89.735156,41.120934,0
                  -89.735165,41.121267,0
                  -89.735195,41.122441,0
                  -89.735202,41.12396,0
                  -89.735156,41.125969,0
                  -89.73513,41.126474,0
                  -89.735129,41.126707,0
                  -89.735128,41.126838,0
                  -89.735129,41.127097,0
                  -89.735101,41.127477,0
                  -89.735061,41.130408,0
                  -89.725178,41.130282,0
                  -89.725233,41.126902,0
                  -89.722055,41.126928,0
                  -89.719397,41.126967,0
                  -89.715537,41.127052,0
                  -89.706644,41.126941,0
                  -89.705904,41.126932,0
                  -89.705902,41.133539,0
                  -89.705914,41.136485,0
                  -89.705887,41.140074,0
                  -89.705866,41.14115,0
                  -89.705864,41.141579,0
                  -89.706493,41.141587,0
                  -89.707749,41.141603,0
                  -89.714583,41.141615,0
                  -89.715416,41.141595,0
                  -89.716387,41.141571,0
                  -89.717951,41.141556,0
                  -89.718283,41.141557,0
                  -89.718418,41.141556,0
                  -89.719603,41.141554,0
                  -89.722265,41.141516,0
                  -89.725571,41.141419,0
                  -89.729544,41.141335,0
                  -89.735021,41.141283,0
                  -89.735023,41.140377,0
                  -89.735013,41.138946,0
                  -89.735008,41.136974,0
                  -89.735004,41.135006,0
                  -89.734997,41.134289,0
                  -89.735011,41.134006,0
                  -89.736949,41.134005,0
                  -89.738281,41.133995,0
                  -89.739545,41.133989,0
                  -89.742928,41.133973,0
                  -89.743591,41.133981,0
                  -89.744917,41.133981,0
                  -89.74558,41.133988,0
                  -89.750098,41.133992,0
                  -89.750965,41.133993,0
                  -89.751058,41.133984,0
                  -89.751359,41.133939,0
                  -89.751744,41.13413,0
                  -89.753859,41.135046,0
                  -89.755114,41.13559,0
                  -89.755778,41.135869,0
                  -89.756206,41.136023,0
                  -89.756651,41.136142,0
                  -89.757017,41.136215,0
                  -89.757389,41.136261,0
                  -89.757861,41.136282,0
                  -89.758238,41.136278,0
                  -89.758544,41.136254,0
                  -89.758539,41.137326,0
                  -89.75855,41.138333,0
                  -89.758563,41.141326,0
                  -89.758578,41.143943,0
                  -89.758591,41.144446,0
                  -89.758626,41.144948,0
                  -89.758703,41.145445,0
                  -89.759091,41.147612,0
                  -89.760254,41.147587,0
                  -89.769827,41.147707,0
                  -89.769737,41.147762,0
                  -89.769283,41.147899,0
                  -89.769374,41.148263,0
                  -89.769555,41.148515,0
                  -89.769556,41.149269,0
                  -89.769647,41.149337,0
                  -89.77001,41.149314,0
                  -89.770766,41.148972,0
                  -89.770947,41.149131,0
                  -89.770705,41.14952,0
                  -89.770736,41.149885,0
                  -89.771401,41.150502,0
                  -89.771371,41.150731,0
                  -89.771189,41.150936,0
                  -89.770221,41.151049,0
                  -89.770221,41.151415,0
                  -89.770706,41.152032,0
                  -89.77131,41.152488,0
                  -89.771825,41.152603,0
                  -89.772127,41.152511,0
                  -89.772098,41.151939,0
                  -89.772401,41.151847,0
                  -89.773217,41.152191,0
                  -89.774004,41.152258,0
                  -89.774669,41.152625,0
                  -89.775698,41.152807,0
                  -89.776212,41.153286,0
                  -89.77697,41.153195,0
                  -89.777181,41.153401,0
                  -89.777394,41.154177,0
                  -89.777514,41.155045,0
                  -89.777415,41.15527,0
                  -89.780609,41.155323,0
                  -89.782601,41.155366,0
                  -89.782624,41.154563,0
                  -89.782648,41.151418,0
                  -89.782669,41.150914,0
                  -89.782671,41.150196,0
                  -89.782687,41.148829,0
                  -89.782686,41.148259,0
                  -89.782659,41.148189,0
                  -89.782602,41.14813,0
                  -89.782522,41.14809,0
                  -89.782468,41.148078,0
                  -89.782917,41.148007,0
                  -89.792899,41.148201,0
                  -89.792917,41.144832,0
                  -89.79312,41.144818,0
                  -89.79354,41.144932,0
                  -89.79453,41.145343,0
                  -89.795312,41.145297,0
                  -89.798044,41.144382,0
                  -89.799246,41.144176,0
                  -89.800237,41.143856,0
                  -89.801527,41.143237,0
                  -89.801688,41.143246,0
                  -89.8017,41.142245,0
                  -89.801717,41.138842,0
                  -89.801735,41.135075,0
                  -89.801759,41.134864,0
                  -89.8112,41.135054,0
                  -89.811222,41.133825,0
                  -89.811228,41.131818,0
                  -89.811262,41.126287,0
                  -89.811269,41.120343,0
                  -89.811271,41.119537,0
                  -89.811275,41.118245,0
                  -89.811259,41.117241,0
                  -89.811247,41.115731,0
                  -89.811258,41.113082,0
                  -89.811265,41.112216,0
                  -89.811257,41.110706,0
                  -89.811281,41.107689,0
                  -89.81131,41.105805,0
                  -89.811332,41.102891,0
                  -89.811382,41.096128,0
                  -89.811385,41.095893,0
                  -89.811435,41.091161,0
                  -89.811445,41.083823,0
                  -89.811467,41.081044,0
                  -89.811473,41.07932,0
                  -89.811478,41.07795,0
                  -89.811458,41.075295,0
                  -89.811441,41.07441,0
                  -89.81142,41.071808,0
                  -89.811378,41.066666,0
                  -89.811358,41.06638,0
                  -89.811308,41.06617,0
                  -89.811217,41.065967,0
                  -89.811086,41.065779,0
                  -89.810919,41.065608,0
                  -89.8113,41.065236,0
                  -89.81138,41.065107,0
                  -89.8114,41.065037,0
                  -89.811417,41.064752,0
                  -89.811466,41.062386,0
                  -89.811448,41.062171,0
                  -89.811414,41.06203,0
                  -89.811354,41.061894,0
                  -89.811332,41.061853,0
                  -89.829822,41.062049,0
                  -89.82952,41.061729,0
                  -89.828825,41.060655,0
                  -89.828402,41.060289,0
                  -89.827163,41.059877,0
                  -89.825169,41.059741,0
                  -89.823629,41.059924,0
                  -89.823206,41.059832,0
                  -89.82233,41.059444,0
                  -89.821635,41.058941,0
                  -89.820789,41.057912,0
                  -89.820789,41.057089,0
                  -89.82091,41.056746,0
                  -89.821695,41.055762,0
                  -89.822057,41.055534,0
                  -89.82351,41.055278,0
                  -89.827252,41.054618,0
                  -89.828098,41.054344,0
                  -89.830574,41.053155,0
                  -89.831299,41.052697,0
                  -89.833352,41.051073,0
                  -89.833533,41.050616,0
                  -89.833924,41.045883,0
                  -89.833683,41.045334,0
                  -89.832686,41.044351,0
                  -89.831387,41.043848,0
                  -89.831326,41.043414,0
                  -89.83193,41.042934,0
                  -89.832473,41.042156,0
                  -89.832685,41.042042,0
                  -89.832775,41.041859,0
                  -89.834075,41.040921,0
                  -89.834313,41.040542,0
                  -89.835746,41.040531,0
                  -89.837643,41.040535,0
                  -89.840499,41.040563,0
                  -89.845256,41.04062,0
                  -89.846872,41.040622,0
                  -89.848201,41.040645,0
                  -89.855094,41.040691,0
                  -89.858783,41.040715,0
                  -89.859253,41.0407,0
                  -89.859338,41.040684,0
                  -89.859357,41.038939,0
                  -89.859365,41.035353,0
                  -89.859382,41.033201,0
                  -89.859357,41.030695,0
                  -89.859358,41.029982,0
                  -89.859345,41.028121,0
                  -89.85934,41.027476,0
                  -89.859342,41.026758,0
                  -89.859332,41.026398,0
                  -89.859358,41.024607,0
                  -89.859351,41.023529,0
                  -89.859357,41.01995,0
                  -89.859342,41.018783,0
                  -89.859375,41.016223,0
                  -89.859441,41.013358,0
                  -89.859473,41.010492,0
                  -89.859509,41.008698,0
                  -89.859512,41.007262,0
                  -89.859526,41.00619,0
                  -89.859572,41.004472,0
                  -89.859559,41.004401,0
                  -89.859517,41.004336,0
                  -89.859452,41.004283,0
                  -89.859368,41.004248,0
                  -89.859276,41.004228,0
                  -89.85445,41.004178,0
                  -89.850482,41.004142,0
                  -89.8502,41.004126,0
                  -89.850106,41.004129,0
                  -89.849918,41.004125,0
                  -89.849948,41.003803,0
                  -89.849958,40.998215,0
                  -89.849994,40.997076,0
                  -89.849997,40.996978,0
                  -89.850063,40.99413,0
                  -89.850065,40.993051,0
                  -89.850095,40.990905,0
                  -89.850095,40.989542,0
                  -89.849192,40.989536,0
                  -89.838552,40.989544,0
                  -89.835717,40.989524,0
                  -89.832171,40.989514,0
                  -89.831461,40.989488,0
                  -89.831133,40.989439,0
                  -89.830765,40.989385,0
                  -89.830692,40.989364,0
                  -89.830102,40.989195,0
                  -89.829492,40.988924,0
                  -89.828957,40.988572,0
                  -89.824845,40.985632,0
                  -89.824401,40.98531,0
                  -89.824139,40.985581,0
                  -89.823708,40.986123,0
                  -89.822652,40.987729,0
                  -89.822252,40.98834,0
                  -89.822233,40.988657,0
                  -89.822022,40.988748,0
                  -89.821509,40.989732,0
                  -89.821026,40.990532,0
                  -89.820423,40.991653,0
                  -89.820272,40.991744,0
                  -89.818951,40.991711,0
                  -89.815694,40.991869,0
                  -89.813943,40.99174,0
                  -89.813142,40.991436,0
                  -89.812646,40.991019,0
                  -89.812299,40.990464,0
                  -89.811213,40.989491,0
                  -89.811086,40.989236,0
                  -89.808955,40.98921,0
                  -89.808246,40.989219,0
                  -89.798469,40.989136,0
                  -89.793512,40.989083,0
                  -89.792537,40.9891,0
                  -89.792463,40.994478,0
                  -89.792458,40.995665,0
                  -89.792438,40.995879,0
                  -89.792398,40.995983,0
                  -89.79234,40.996082,0
                  -89.792255,40.99617,0
                  -89.79215,40.996245,0
                  -89.792029,40.996305,0
                  -89.791896,40.996346,0
                  -89.79181,40.996359,0
                  -89.791756,40.996367,0
                  -89.791471,40.996372,0
                  -89.791096,40.996366,0
                  -89.786725,40.996356,0
                  -89.785457,40.995136,0
                  -89.78187,40.992016,0
                  -89.779406,40.989845,0
                  -89.775581,40.986283,0
                  -89.774614,40.98533,0
                  -89.774173,40.985323,0
                  -89.773512,40.98536,0
                  -89.773496,40.986625,0
                  -89.773408,40.990645,0
                  -89.773385,40.992184,0
                  -89.773356,40.994163,0
                  -89.77334,40.996278,0
                  -89.771624,40.996259,0
                  -89.764093,40.996156,0
                  -89.764259,40.996507,0
                  -89.76441,40.996716,0
                  -89.764621,40.997294,0
                  -89.765737,40.99961,0
                  -89.76561,40.999978,0
                  -89.766964,41.003651,0
                  -89.767326,41.00393,0
                  -89.768322,41.004145,0
                  -89.76842,41.004192,0
                  -89.768805,41.004375,0
                  -89.770223,41.005633,0
                  -89.772757,41.008218,0
                  -89.774175,41.007944,0
                  -89.775745,41.00799,0
                  -89.777254,41.008585,0
                  -89.778159,41.00902,0
                  -89.779216,41.009295,0
                  -89.780181,41.008956,0
                  -89.782776,41.008265,0
                  -89.782777,41.008803,0
                  -89.782812,41.011087,0
                  -89.782764,41.016466,0
                  -89.782745,41.018076,0
                  -89.782723,41.018722,0
                  -89.78272,41.018891,0
                  -89.78267,41.023441,0
                  -89.782669,41.02387,0
                  -89.78282,41.025262,0
                  -89.782825,41.025797,0
                  -89.782795,41.026228,0
                  -89.78277,41.026416,0
                  -89.781599,41.025948,0
                  -89.776145,41.023177,0
                  -89.774067,41.021895,0
                  -89.771717,41.020842,0
                  -89.770452,41.020002,0
                  -89.769549,41.018955,0
                  -89.7694,41.018552,0
                  -89.769324,41.018202,0
                  -89.769325,41.018165,0
                  -89.768929,41.018138,0
                  -89.767917,41.018073,0
                  -89.76568,41.01794,0
                  -89.765098,41.017905,0
                  -89.762975,41.017827,0
                  -89.760898,41.017767,0
                  -89.754315,41.017575,0
                  -89.7542,41.017575,0
                  -89.754202,41.017364,0
                  -89.753454,41.01735,0
                  -89.738557,41.01742,0
                  -89.736429,41.017423,0
                  -89.735078,41.017437,0
                  -89.734693,41.017429,0
                  -89.734406,41.017429,0
                  -89.734388,41.01739,0
                  -89.734151,41.017118,0
                  -89.733465,41.016893,0
                  -89.733139,41.016621,0
                  -89.73239,41.014235,0
                  -89.731802,41.013281,0
                  -89.731961,41.012712,0
                  -89.731822,41.01194,0
                  -89.731339,41.012169,0
                  -89.730765,41.012283,0
                  -89.730675,41.012375,0
                  -89.730705,41.012924,0
                  -89.730283,41.01313,0
                  -89.728804,41.013153,0
                  -89.725816,41.013932,0
                  -89.724276,41.013955,0
                  -89.722676,41.014207,0
                  -89.716645,41.014464,0
                  -89.71586,41.014376,0
                </coordinates>
              </LinearRing>
            </outerBoundaryIs>
          </Polygon>
        </MultiGeometry>
      </Placemark>
      <Placemark>
        <name>61451</name>
        <description><![CDATA[61451<br><br>description: <br>STATEFP10: 17<br>GEOID10: 1761451<br>CLASSFP10: B5<br>MTFCC10: G6350<br>FUNCSTAT10: S<br>ALAND10: 59598810<br>AWATER10: 273427<br>INTPTLAT10: +40.9386970<br>INTPTLON10: -089.9394780<br>PARTFLG10: N]]></description>
        <styleUrl>#poly-0097A7-1200-66</styleUrl>
        <ExtendedData>
          <Data name="description">
            <value/>
          </Data>
          <Data name="STATEFP10">
            <value>17</value>
          </Data>
          <Data name="GEOID10">
            <value>1761451</value>
          </Data>
          <Data name="CLASSFP10">
            <value>B5</value>
          </Data>
          <Data name="MTFCC10">
            <value>G6350</value>
          </Data>
          <Data name="FUNCSTAT10">
            <value>S</value>
          </Data>
          <Data name="ALAND10">
            <value>59598810</value>
          </Data>
          <Data name="AWATER10">
            <value>273427</value>
          </Data>
          <Data name="INTPTLAT10">
            <value>+40.9386970</value>
          </Data>
          <Data name="INTPTLON10">
            <value>-089.9394780</value>
          </Data>
          <Data name="PARTFLG10">
            <value>N</value>
          </Data>
        </ExtendedData>
        <Polygon>
          <outerBoundaryIs>
            <LinearRing>
              <tessellate>1</tessellate>
              <coordinates>
                -89.973691,40.974843,0
                -89.975905,40.974809,0
                -89.982549,40.974707,0
                -89.984764,40.974674,0
                -89.984906,40.974637,0
                -89.985334,40.97453,0
                -89.985479,40.974495,0
                -89.98548,40.9744,0
                -89.985473,40.974054,0
                -89.985472,40.974052,0
                -89.985461,40.97389,0
                -89.985466,40.973802,0
                -89.985483,40.973542,0
                -89.985492,40.973457,0
                -89.98551,40.972864,0
                -89.98557,40.971091,0
                -89.985591,40.970501,0
                -89.985598,40.968649,0
                -89.985619,40.963095,0
                -89.985627,40.961244,0
                -89.985627,40.961243,0
                -89.985627,40.961052,0
                -89.985629,40.960476,0
                -89.985631,40.960285,0
                -89.985632,40.959809,0
                -89.985637,40.958384,0
                -89.98564,40.957909,0
                -89.985614,40.957365,0
                -89.985541,40.955735,0
                -89.985522,40.955306,0
                -89.985509,40.955194,0
                -89.985517,40.955097,0
                -89.985545,40.95481,0
                -89.985555,40.954715,0
                -89.985564,40.954595,0
                -89.985554,40.954332,0
                -89.98555,40.953905,0
                -89.985548,40.953544,0
                -89.985543,40.952985,0
                -89.985537,40.952035,0
                -89.985547,40.951475,0
                -89.985556,40.951011,0
                -89.985555,40.950665,0
                -89.985554,40.950452,0
                -89.985556,40.949886,0
                -89.985555,40.949819,0
                -89.985551,40.949521,0
                -89.985581,40.947921,0
                -89.985587,40.947282,0
                -89.98559,40.947026,0
                -89.985569,40.946437,0
                -89.985579,40.94634,0
                -89.98561,40.946049,0
                -89.985621,40.945953,0
                -89.985621,40.945816,0
                -89.985624,40.945404,0
                -89.985626,40.945268,0
                -89.985631,40.944547,0
                -89.985647,40.942386,0
                -89.985653,40.941666,0
                -89.985652,40.941649,0
                -89.985632,40.941386,0
                -89.98557,40.940553,0
                -89.98555,40.940275,0
                -89.985551,40.940131,0
                -89.98555,40.939826,0
                -89.985543,40.939536,0
                -89.985525,40.938658,0
                -89.985526,40.938112,0
                -89.985521,40.937868,0
                -89.985533,40.93732,0
                -89.985534,40.937276,0
                -89.985515,40.936779,0
                -89.985511,40.936582,0
                -89.985508,40.936491,0
                -89.985506,40.936362,0
                -89.985506,40.93622,0
                -89.985507,40.93613,0
                -89.985507,40.936044,0
                -89.985509,40.935887,0
                -89.985508,40.935788,0
                -89.985508,40.935703,0
                -89.985495,40.935456,0
                -89.985483,40.935195,0
                -89.985473,40.934993,0
                -89.985475,40.934717,0
                -89.985477,40.934471,0
                -89.985485,40.934115,0
                -89.985491,40.933818,0
                -89.985533,40.93186,0
                -89.985541,40.931484,0
                -89.985545,40.931208,0
                -89.985526,40.92962,0
                -89.985471,40.924862,0
                -89.985454,40.923277,0
                -89.98545,40.922709,0
                -89.985449,40.921013,0
                -89.98545,40.920449,0
                -89.985448,40.919721,0
                -89.985445,40.917544,0
                -89.985447,40.91682,0
                -89.985473,40.915095,0
                -89.985557,40.909927,0
                -89.985586,40.908205,0
                -89.985585,40.907776,0
                -89.985585,40.906489,0
                -89.985585,40.906061,0
                -89.985546,40.905299,0
                -89.985432,40.903019,0
                -89.985395,40.902259,0
                -89.98518,40.902258,0
                -89.981645,40.902248,0
                -89.981607,40.902247,0
                -89.980835,40.902238,0
                -89.979681,40.902237,0
                -89.976751,40.902215,0
                -89.975572,40.902212,0
                -89.972929,40.902196,0
                -89.972025,40.902195,0
                -89.970566,40.902177,0
                -89.970006,40.90218,0
                -89.969689,40.902177,0
                -89.968968,40.902175,0
                -89.967663,40.902162,0
                -89.966727,40.902164,0
                -89.965718,40.902155,0
                -89.965723,40.902506,0
                -89.965723,40.902939,0
                -89.965724,40.903964,0
                -89.965734,40.905292,0
                -89.965738,40.90581,0
                -89.965739,40.906077,0
                -89.965746,40.908213,0
                -89.965747,40.908268,0
                -89.965756,40.909304,0
                -89.965752,40.911371,0
                -89.96574,40.913657,0
                -89.965738,40.914234,0
                -89.965729,40.914623,0
                -89.965727,40.914725,0
                -89.965732,40.91607,0
                -89.965739,40.91654,0
                -89.965737,40.91676,0
                -89.96545,40.91676,0
                -89.964811,40.91675,0
                -89.963972,40.916743,0
                -89.963168,40.91673,0
                -89.96243,40.916727,0
                -89.961708,40.916717,0
                -89.958682,40.916697,0
                -89.958031,40.916698,0
                -89.957632,40.916699,0
                -89.955588,40.916693,0
                -89.954687,40.916697,0
                -89.953799,40.916691,0
                -89.952764,40.916692,0
                -89.951885,40.916687,0
                -89.951072,40.916693,0
                -89.949987,40.916691,0
                -89.94908,40.916684,0
                -89.947092,40.916686,0
                -89.94626,40.916683,0
                -89.942312,40.91669,0
                -89.940431,40.916686,0
                -89.937201,40.916684,0
                -89.935558,40.916689,0
                -89.934914,40.916689,0
                -89.932247,40.916689,0
                -89.928922,40.916692,0
                -89.927209,40.916698,0
                -89.924642,40.916687,0
                -89.923351,40.916684,0
                -89.92238,40.916682,0
                -89.919985,40.916669,0
                -89.917899,40.916664,0
                -89.911779,40.916625,0
                -89.907922,40.916602,0
                -89.907927,40.915102,0
                -89.907943,40.911018,0
                -89.907942,40.910604,0
                -89.907942,40.909105,0
                -89.90349,40.909015,0
                -89.893146,40.908806,0
                -89.893158,40.911816,0
                -89.893176,40.916269,0
                -89.892247,40.916245,0
                -89.89031,40.916197,0
                -89.88946,40.916177,0
                -89.888532,40.916157,0
                -89.888529,40.917053,0
                -89.888529,40.917418,0
                -89.888513,40.919743,0
                -89.888508,40.920473,0
                -89.888507,40.92064,0
                -89.8885,40.922647,0
                -89.888498,40.92348,0
                -89.888473,40.926305,0
                -89.888477,40.927936,0
                -89.888473,40.92867,0
                -89.888465,40.930491,0
                -89.888455,40.930678,0
                -89.888442,40.932491,0
                -89.888428,40.933213,0
                -89.888427,40.933593,0
                -89.888426,40.935477,0
                -89.888417,40.936317,0
                -89.888411,40.939012,0
                -89.888399,40.940467,0
                -89.888397,40.94155,0
                -89.888389,40.942341,0
                -89.888363,40.945257,0
                -89.888367,40.94557,0
                -89.888351,40.94597,0
                -89.888343,40.946581,0
                -89.888347,40.947485,0
                -89.88835,40.948018,0
                -89.888354,40.948394,0
                -89.888353,40.948957,0
                -89.888357,40.949241,0
                -89.888356,40.950306,0
                -89.888355,40.951066,0
                -89.888345,40.952039,0
                -89.888327,40.952915,0
                -89.888333,40.953356,0
                -89.88833,40.95417,0
                -89.888328,40.954822,0
                -89.888331,40.955574,0
                -89.888325,40.956144,0
                -89.888324,40.956399,0
                -89.888321,40.957073,0
                -89.888312,40.959095,0
                -89.888312,40.959196,0
                -89.888306,40.95977,0
                -89.889738,40.959822,0
                -89.889973,40.959835,0
                -89.890597,40.95987,0
                -89.890957,40.959887,0
                -89.89147,40.959905,0
                -89.893079,40.959979,0
                -89.893998,40.960011,0
                -89.894587,40.96004,0
                -89.894973,40.960055,0
                -89.895148,40.960063,0
                -89.89664,40.960136,0
                -89.896873,40.96044,0
                -89.896977,40.960576,0
                -89.89766,40.961134,0
                -89.897749,40.961176,0
                -89.897965,40.961277,0
                -89.89807,40.961379,0
                -89.898543,40.961728,0
                -89.898704,40.961958,0
                -89.898785,40.962296,0
                -89.89924,40.964192,0
                -89.899636,40.965067,0
                -89.89989,40.965344,0
                -89.900184,40.96556,0
                -89.900266,40.965621,0
                -89.900733,40.965784,0
                -89.901353,40.96581,0
                -89.901655,40.966085,0
                -89.902047,40.966748,0
                -89.902228,40.967068,0
                -89.902258,40.967434,0
                -89.902257,40.967891,0
                -89.901986,40.968486,0
                -89.901443,40.968897,0
                -89.901199,40.968995,0
                -89.90099,40.96908,0
                -89.900296,40.96908,0
                -89.899784,40.968874,0
                -89.898819,40.968325,0
                -89.898215,40.967959,0
                -89.897492,40.967616,0
                -89.896949,40.96741,0
                -89.896406,40.967341,0
                -89.893269,40.967363,0
                -89.892696,40.967248,0
                -89.892062,40.967042,0
                -89.891369,40.966859,0
                -89.890464,40.966904,0
                -89.88998,40.967019,0
                -89.889819,40.967099,0
                -89.889437,40.967293,0
                -89.888049,40.968298,0
                -89.886419,40.969121,0
                -89.886751,40.969395,0
                -89.886872,40.96967,0
                -89.886953,40.970186,0
                -89.886962,40.970241,0
                -89.886902,40.970836,0
                -89.88669,40.971453,0
                -89.886571,40.971727,0
                -89.88642,40.972254,0
                -89.886421,40.973283,0
                -89.886554,40.973848,0
                -89.886632,40.974174,0
                -89.886642,40.975094,0
                -89.908088,40.974993,0
                -89.908223,40.97497,0
                -89.908787,40.974964,0
                -89.914042,40.974964,0
                -89.91688,40.974942,0
                -89.922276,40.974928,0
                -89.924401,40.974905,0
                -89.927233,40.974889,0
                -89.927366,40.974878,0
                -89.927366,40.980131,0
                -89.927366,40.986596,0
                -89.927366,40.989482,0
                -89.929618,40.989489,0
                -89.933165,40.989485,0
                -89.93742,40.98949,0
                -89.94529,40.989446,0
                -89.94593,40.989442,0
                -89.946639,40.989418,0
                -89.946769,40.98942,0
                -89.947349,40.989429,0
                -89.949479,40.989395,0
                -89.956277,40.989313,0
                -89.956411,40.989342,0
                -89.956428,40.988906,0
                -89.956415,40.985687,0
                -89.956372,40.982746,0
                -89.956367,40.980235,0
                -89.95637,40.979521,0
                -89.956355,40.979165,0
                -89.956324,40.978809,0
                -89.956304,40.978093,0
                -89.956292,40.975676,0
                -89.956307,40.974681,0
                -89.956479,40.974673,0
                -89.959878,40.974651,0
                -89.963182,40.974642,0
                -89.966759,40.974632,0
                -89.968973,40.974626,0
                -89.971968,40.974861,0
                -89.972193,40.974858,0
                -89.972869,40.974851,0
                -89.973095,40.974849,0
                -89.973214,40.974847,0
                -89.973571,40.974843,0
                -89.973691,40.974843,0
              </coordinates>
            </LinearRing>
          </outerBoundaryIs>
        </Polygon>
      </Placemark>
      <Placemark>
        <name>61434</name>
        <description><![CDATA[61434<br><br>description: <br>STATEFP10: 17<br>GEOID10: 1761434<br>CLASSFP10: B5<br>MTFCC10: G6350<br>FUNCSTAT10: S<br>ALAND10: 204978638<br>AWATER10: 16978<br>INTPTLAT10: +41.1839812<br>INTPTLON10: -090.0385159<br>PARTFLG10: N]]></description>
        <styleUrl>#poly-0097A7-1200-66</styleUrl>
        <ExtendedData>
          <Data name="description">
            <value/>
          </Data>
          <Data name="STATEFP10">
            <value>17</value>
          </Data>
          <Data name="GEOID10">
            <value>1761434</value>
          </Data>
          <Data name="CLASSFP10">
            <value>B5</value>
          </Data>
          <Data name="MTFCC10">
            <value>G6350</value>
          </Data>
          <Data name="FUNCSTAT10">
            <value>S</value>
          </Data>
          <Data name="ALAND10">
            <value>204978638</value>
          </Data>
          <Data name="AWATER10">
            <value>16978</value>
          </Data>
          <Data name="INTPTLAT10">
            <value>+41.1839812</value>
          </Data>
          <Data name="INTPTLON10">
            <value>-090.0385159</value>
          </Data>
          <Data name="PARTFLG10">
            <value>N</value>
          </Data>
        </ExtendedData>
        <Polygon>
          <outerBoundaryIs>
            <LinearRing>
              <tessellate>1</tessellate>
              <coordinates>
                -90.022597,41.207885,0
                -90.022582,41.20999,0
                -90.02256,41.213354,0
                -90.022529,41.214498,0
                -90.02253,41.215939,0
                -90.022522,41.216305,0
                -90.022491,41.217726,0
                -90.02249,41.21841,0
                -90.022488,41.219232,0
                -90.022485,41.2217,0
                -90.022485,41.222463,0
                -90.022488,41.222523,0
                -90.022497,41.223519,0
                -90.022493,41.22376,0
                -90.022481,41.224776,0
                -90.022492,41.226058,0
                -90.02249,41.227367,0
                -90.022491,41.227473,0
                -90.022501,41.228522,0
                -90.022497,41.228711,0
                -90.022493,41.228924,0
                -90.022492,41.229009,0
                -90.022475,41.229496,0
                -90.022476,41.229562,0
                -90.02248,41.229776,0
                -90.023913,41.229774,0
                -90.023968,41.229774,0
                -90.026507,41.229792,0
                -90.028435,41.2298,0
                -90.029811,41.229806,0
                -90.029924,41.229808,0
                -90.030568,41.229819,0
                -90.031074,41.229829,0
                -90.03132,41.229844,0
                -90.031525,41.229862,0
                -90.031709,41.229892,0
                -90.031983,41.229949,0
                -90.032295,41.230028,0
                -90.032471,41.230085,0
                -90.032594,41.230126,0
                -90.032883,41.230241,0
                -90.033075,41.230312,0
                -90.032909,41.230412,0
                -90.032835,41.230458,0
                -90.032685,41.230554,0
                -90.03244,41.230725,0
                -90.032192,41.230935,0
                -90.032163,41.230964,0
                -90.032018,41.231114,0
                -90.031973,41.23117,0
                -90.031827,41.231349,0
                -90.0317,41.23154,0
                -90.031579,41.231771,0
                -90.031559,41.231816,0
                -90.031472,41.232026,0
                -90.031438,41.232118,0
                -90.031418,41.23217,0
                -90.031363,41.232543,0
                -90.031335,41.233078,0
                -90.031332,41.233732,0
                -90.031335,41.234095,0
                -90.031343,41.234866,0
                -90.03216,41.23487,0
                -90.034612,41.234882,0
                -90.03543,41.234887,0
                -90.039435,41.234925,0
                -90.051452,41.235042,0
                -90.052762,41.235055,0
                -90.055458,41.235081,0
                -90.055444,41.235548,0
                -90.055423,41.236239,0
                -90.055421,41.236529,0
                -90.055416,41.237344,0
                -90.055372,41.239512,0
                -90.055379,41.239801,0
                -90.055443,41.240876,0
                -90.055445,41.240896,0
                -90.055454,41.24226,0
                -90.055462,41.242325,0
                -90.054569,41.242314,0
                -90.052707,41.242292,0
                -90.051891,41.242278,0
                -90.050999,41.242264,0
                -90.050899,41.242366,0
                -90.0506,41.242676,0
                -90.050501,41.242779,0
                -90.050499,41.243264,0
                -90.050496,41.244319,0
                -90.05049,41.244721,0
                -90.050489,41.24487,0
                -90.050476,41.245207,0
                -90.050415,41.246765,0
                -90.050407,41.247143,0
                -90.050407,41.247541,0
                -90.050408,41.24829,0
                -90.050376,41.249999,0
                -90.050379,41.250168,0
                -90.050373,41.250836,0
                -90.050373,41.252385,0
                -90.050352,41.254547,0
                -90.050332,41.256809,0
                -90.05034,41.256882,0
                -90.05034,41.257695,0
                -90.050329,41.258317,0
                -90.05028,41.261215,0
                -90.050273,41.261966,0
                -90.050274,41.262623,0
                -90.050277,41.26344,0
                -90.050266,41.264059,0
                -90.050238,41.265552,0
                -90.050211,41.266998,0
                -90.050193,41.269121,0
                -90.050182,41.270032,0
                -90.050168,41.271233,0
                -90.050183,41.271526,0
                -90.050164,41.27227,0
                -90.05011,41.274502,0
                -90.050098,41.275001,0
                -90.050096,41.275247,0
                -90.050087,41.276734,0
                -90.050083,41.277444,0
                -90.050046,41.280753,0
                -90.050036,41.281196,0
                -90.050005,41.282684,0
                -90.049997,41.283042,0
                -90.04999,41.283391,0
                -90.049977,41.28403,0
                -90.049976,41.284117,0
                -90.049974,41.284476,0
                -90.049973,41.284642,0
                -90.049969,41.285141,0
                -90.049969,41.285308,0
                -90.050114,41.285326,0
                -90.050629,41.285357,0
                -90.050769,41.285356,0
                -90.050848,41.285361,0
                -90.050914,41.285357,0
                -90.05106,41.285356,0
                -90.051502,41.285337,0
                -90.051796,41.285348,0
                -90.051804,41.285348,0
                -90.052878,41.285364,0
                -90.053633,41.28539,0
                -90.054076,41.285439,0
                -90.054243,41.28545,0
                -90.054358,41.28545,0
                -90.054652,41.285465,0
                -90.05484,41.285488,0
                -90.054958,41.285495,0
                -90.055167,41.285487,0
                -90.055304,41.285492,0
                -90.05601,41.285499,0
                -90.056401,41.285469,0
                -90.056474,41.285469,0
                -90.056689,41.28548,0
                -90.05694,41.285486,0
                -90.057274,41.285481,0
                -90.057312,41.285482,0
                -90.057547,41.285492,0
                -90.057744,41.285487,0
                -90.057977,41.285489,0
                -90.058032,41.285493,0
                -90.058056,41.285491,0
                -90.058244,41.285497,0
                -90.058565,41.28549,0
                -90.058723,41.285492,0
                -90.059087,41.285477,0
                -90.05915,41.285481,0
                -90.059168,41.284836,0
                -90.060112,41.284829,0
                -90.06488,41.284794,0
                -90.06647,41.284783,0
                -90.06648,41.284771,0
                -90.066564,41.284698,0
                -90.066849,41.284488,0
                -90.067045,41.284345,0
                -90.067241,41.284216,0
                -90.067525,41.284065,0
                -90.067646,41.28401,0
                -90.067828,41.283945,0
                -90.067889,41.283927,0
                -90.067943,41.283904,0
                -90.068095,41.283862,0
                -90.068131,41.283854,0
                -90.068213,41.283837,0
                -90.068331,41.283825,0
                -90.068382,41.283814,0
                -90.068519,41.283804,0
                -90.068608,41.283803,0
                -90.068907,41.283801,0
                -90.069028,41.283796,0
                -90.069158,41.283798,0
                -90.069183,41.283801,0
                -90.069234,41.283796,0
                -90.069319,41.283798,0
                -90.069348,41.283797,0
                -90.069555,41.283795,0
                -90.06967,41.283781,0
                -90.069919,41.283788,0
                -90.069973,41.283785,0
                -90.070016,41.28379,0
                -90.070125,41.283785,0
                -90.070167,41.283789,0
                -90.070455,41.283782,0
                -90.070689,41.283793,0
                -90.071477,41.283814,0
                -90.071568,41.283813,0
                -90.071901,41.283813,0
                -90.07212,41.283824,0
                -90.072277,41.283822,0
                -90.072307,41.283812,0
                -90.072344,41.283826,0
                -90.07258,41.283826,0
                -90.072743,41.283842,0
                -90.072871,41.283871,0
                -90.073011,41.283921,0
                -90.073066,41.283948,0
                -90.07309,41.283952,0
                -90.073132,41.283971,0
                -90.073163,41.283977,0
                -90.073296,41.284021,0
                -90.073363,41.284039,0
                -90.073394,41.284052,0
                -90.073436,41.284061,0
                -90.073564,41.284112,0
                -90.073588,41.284116,0
                -90.073655,41.284143,0
                -90.073837,41.284202,0
                -90.073909,41.284221,0
                -90.074037,41.284271,0
                -90.074128,41.284293,0
                -90.074152,41.284307,0
                -90.074219,41.284325,0
                -90.074274,41.284348,0
                -90.074459,41.2844,0
                -90.074483,41.284403,0
                -90.074529,41.284416,0
                -90.074601,41.284429,0
                -90.07485,41.284502,0
                -90.074978,41.284534,0
                -90.075164,41.284573,0
                -90.075487,41.28462,0
                -90.075642,41.284626,0
                -90.076009,41.284606,0
                -90.076481,41.284563,0
                -90.076509,41.284556,0
                -90.076787,41.284528,0
                -90.076999,41.2845,0
                -90.077345,41.284467,0
                -90.077584,41.284453,0
                -90.077842,41.284457,0
                -90.078069,41.284449,0
                -90.078096,41.284442,0
                -90.078314,41.284419,0
                -90.078463,41.284398,0
                -90.078605,41.284368,0
                -90.078793,41.28434,0
                -90.079032,41.284331,0
                -90.079402,41.284332,0
                -90.079663,41.284345,0
                -90.079981,41.284356,0
                -90.080218,41.284378,0
                -90.080494,41.284417,0
                -90.08056,41.284416,0
                -90.080603,41.284421,0
                -90.080694,41.284421,0
                -90.081024,41.284409,0
                -90.081233,41.284408,0
                -90.081512,41.284412,0
                -90.081743,41.284423,0
                -90.0819,41.284423,0
                -90.082255,41.284447,0
                -90.082434,41.284467,0
                -90.082737,41.284485,0
                -90.082904,41.284487,0
                -90.08338,41.28447,0
                -90.083855,41.284494,0
                -90.084053,41.2845,0
                -90.084253,41.2845,0
                -90.084492,41.284506,0
                -90.084798,41.284524,0
                -90.085192,41.284536,0
                -90.085417,41.284529,0
                -90.085771,41.28454,0
                -90.086023,41.284564,0
                -90.086075,41.284576,0
                -90.086193,41.284591,0
                -90.08622,41.284598,0
                -90.086357,41.284614,0
                -90.086472,41.284618,0
                -90.086534,41.284615,0
                -90.086993,41.284615,0
                -90.087084,41.284621,0
                -90.087293,41.284619,0
                -90.087493,41.284627,0
                -90.087748,41.284645,0
                -90.087832,41.284654,0
                -90.087892,41.284661,0
                -90.087893,41.284547,0
                -90.087978,41.279591,0
                -90.087984,41.278401,0
                -90.088038,41.274726,0
                -90.088111,41.272171,0
                -90.09034,41.272233,0
                -90.090914,41.272249,0
                -90.097198,41.272412,0
                -90.097645,41.272421,0
                -90.098719,41.272443,0
                -90.101944,41.272509,0
                -90.103019,41.272531,0
                -90.10378,41.272551,0
                -90.104036,41.272557,0
                -90.107087,41.272638,0
                -90.107357,41.272646,0
                -90.107682,41.272622,0
                -90.10774,41.272603,0
                -90.107832,41.272553,0
                -90.107884,41.27251,0
                -90.107917,41.272462,0
                -90.107939,41.272391,0
                -90.10795,41.272336,0
                -90.107964,41.270908,0
                -90.108009,41.266634,0
                -90.108009,41.266625,0
                -90.108051,41.265198,0
                -90.109307,41.265211,0
                -90.113078,41.265251,0
                -90.114275,41.265265,0
                -90.114335,41.265264,0
                -90.114395,41.265267,0
                -90.116844,41.265293,0
                -90.117349,41.265299,0
                -90.122821,41.26534,0
                -90.124374,41.265346,0
                -90.125145,41.26535,0
                -90.126622,41.265362,0
                -90.126884,41.265354,0
                -90.126894,41.264711,0
                -90.12692,41.263652,0
                -90.126989,41.260898,0
                -90.126979,41.260381,0
                -90.126996,41.258899,0
                -90.127006,41.258547,0
                -90.127057,41.256846,0
                -90.127095,41.255566,0
                -90.12721,41.251727,0
                -90.127249,41.250448,0
                -90.125053,41.250431,0
                -90.116428,41.250401,0
                -90.108168,41.250354,0
                -90.108173,41.249757,0
                -90.108209,41.246445,0
                -90.108233,41.244207,0
                -90.108237,41.243844,0
                -90.108253,41.242353,0
                -90.108346,41.237493,0
                -90.10835,41.23732,0
                -90.108381,41.235694,0
                -90.108382,41.235647,0
                -90.108399,41.23554,0
                -90.108418,41.235498,0
                -90.108437,41.235477,0
                -90.10848,41.235446,0
                -90.108547,41.235422,0
                -90.10863,41.235409,0
                -90.105988,41.235413,0
                -90.098065,41.235426,0
                -90.095424,41.235431,0
                -90.095389,41.234372,0
                -90.095287,41.231194,0
                -90.09528,41.230957,0
                -90.095253,41.230136,0
                -90.095259,41.230013,0
                -90.095264,41.229914,0
                -90.095264,41.229644,0
                -90.095265,41.229521,0
                -90.095265,41.228934,0
                -90.095266,41.228689,0
                -90.095297,41.227175,0
                -90.095309,41.226655,0
                -90.09531,41.226589,0
                -90.095316,41.226319,0
                -90.095319,41.226004,0
                -90.095336,41.224249,0
                -90.095337,41.224233,0
                -90.095338,41.223664,0
                -90.095338,41.223202,0
                -90.095356,41.222682,0
                -90.095384,41.221905,0
                -90.095433,41.2192,0
                -90.095517,41.215755,0
                -90.09552,41.215431,0
                -90.095548,41.212683,0
                -90.095549,41.212591,0
                -90.095616,41.20841,0
                -90.095608,41.208295,0
                -90.095625,41.208252,0
                -90.09565,41.208219,0
                -90.095688,41.208183,0
                -90.095653,41.20813,0
                -90.09563,41.208067,0
                -90.095618,41.207967,0
                -90.095634,41.207484,0
                -90.095682,41.204688,0
                -90.095718,41.203153,0
                -90.095722,41.202044,0
                -90.095717,41.201422,0
                -90.095699,41.200931,0
                -90.095825,41.200428,0
                -90.095854,41.200439,0
                -90.095914,41.200466,0
                -90.095963,41.200498,0
                -90.096005,41.200512,0
                -90.096175,41.200594,0
                -90.096278,41.200635,0
                -90.096557,41.200758,0
                -90.096672,41.200813,0
                -90.096696,41.200817,0
                -90.096739,41.200836,0
                -90.096763,41.20084,0
                -90.096915,41.200886,0
                -90.097012,41.200931,0
                -90.097103,41.200954,0
                -90.097139,41.200972,0
                -90.0972,41.200988,0
                -90.097345,41.201036,0
                -90.097427,41.201055,0
                -90.097506,41.201075,0
                -90.09763,41.201091,0
                -90.098145,41.201145,0
                -90.098217,41.201163,0
                -90.09826,41.201186,0
                -90.098424,41.201231,0
                -90.098454,41.201245,0
                -90.098545,41.201268,0
                -90.09886,41.2014,0
                -90.099051,41.201496,0
                -90.099115,41.201532,0
                -90.099279,41.201667,0
                -90.099394,41.201779,0
                -90.099424,41.201815,0
                -90.099437,41.201838,0
                -90.099455,41.201857,0
                -90.099467,41.201884,0
                -90.099485,41.201907,0
                -90.099516,41.201985,0
                -90.09954,41.202081,0
                -90.09955,41.202209,0
                -90.099535,41.202346,0
                -90.099484,41.202499,0
                -90.099436,41.202682,0
                -90.099415,41.202886,0
                -90.099428,41.202959,0
                -90.099467,41.203041,0
                -90.099507,41.20311,0
                -90.099586,41.203199,0
                -90.099622,41.203229,0
                -90.09975,41.203311,0
                -90.099853,41.203366,0
                -90.100262,41.203566,0
                -90.100426,41.203653,0
                -90.100574,41.203749,0
                -90.100602,41.203763,0
                -90.100726,41.203845,0
                -90.100799,41.203899,0
                -90.100829,41.203913,0
                -90.10086,41.203922,0
                -90.100896,41.203941,0
                -90.101026,41.204027,0
                -90.101163,41.204107,0
                -90.101224,41.204134,0
                -90.101248,41.204137,0
                -90.101266,41.20415,0
                -90.101384,41.204201,0
                -90.101496,41.204274,0
                -90.101551,41.204315,0
                -90.101742,41.20441,0
                -90.101769,41.204429,0
                -90.1018,41.204433,0
                -90.101897,41.204497,0
                -90.101927,41.204511,0
                -90.102079,41.204634,0
                -90.102097,41.204655,0
                -90.102225,41.204757,0
                -90.102267,41.20478,0
                -90.102334,41.204798,0
                -90.10237,41.204812,0
                -90.102425,41.204798,0
                -90.102439,41.204798,0
                -90.102491,41.204801,0
                -90.102654,41.204786,0
                -90.102726,41.20478,0
                -90.102758,41.204777,0
                -90.102782,41.20478,0
                -90.103166,41.204745,0
                -90.103406,41.204728,0
                -90.103654,41.204719,0
                -90.103831,41.204699,0
                -90.10386,41.204691,0
                -90.103911,41.204684,0
                -90.103933,41.204677,0
                -90.104193,41.204636,0
                -90.104223,41.204622,0
                -90.104253,41.204627,0
                -90.10428,41.20462,0
                -90.104644,41.204582,0
                -90.105095,41.204543,0
                -90.10518,41.204541,0
                -90.10524,41.20454,0
                -90.105567,41.204551,0
                -90.105749,41.204551,0
                -90.10594,41.204571,0
                -90.106152,41.204585,0
                -90.106234,41.204582,0
                -90.106436,41.204594,0
                -90.106691,41.204621,0
                -90.107221,41.204659,0
                -90.107348,41.204659,0
                -90.107381,41.204656,0
                -90.107493,41.204661,0
                -90.107721,41.204679,0
                -90.108072,41.204715,0
                -90.108181,41.204733,0
                -90.108342,41.204753,0
                -90.108393,41.204765,0
                -90.108711,41.204808,0
                -90.109196,41.20485,0
                -90.109341,41.204857,0
                -90.109499,41.204859,0
                -90.109832,41.204829,0
                -90.110395,41.204796,0
                -90.11078,41.204825,0
                -90.111304,41.20488,0
                -90.111543,41.204893,0
                -90.111861,41.204904,0
                -90.112433,41.204905,0
                -90.112572,41.204906,0
                -90.113057,41.204913,0
                -90.113296,41.204933,0
                -90.114151,41.204978,0
                -90.114199,41.204978,0
                -90.114531,41.205008,0
                -90.114805,41.205039,0
                -90.114981,41.205054,0
                -90.115035,41.205073,0
                -90.115087,41.205061,0
                -90.115129,41.205058,0
                -90.115184,41.205056,0
                -90.115302,41.205059,0
                -90.115418,41.20505,0
                -90.115515,41.205044,0
                -90.115515,41.204801,0
                -90.113839,41.20476,0
                -90.110708,41.204685,0
                -90.110628,41.202062,0
                -90.11057,41.200145,0
                -90.110523,41.198564,0
                -90.110513,41.198134,0
                -90.110488,41.197285,0
                -90.110479,41.19695,0
                -90.110399,41.194136,0
                -90.11583,41.194079,0
                -90.118691,41.194049,0
                -90.12106,41.19401,0
                -90.124154,41.19396,0
                -90.124171,41.194603,0
                -90.124262,41.197973,0
                -90.124327,41.200342,0
                -90.124346,41.200922,0
                -90.124404,41.202665,0
                -90.124424,41.203246,0
                -90.124738,41.203386,0
                -90.124811,41.203419,0
                -90.125118,41.203552,0
                -90.125602,41.203768,0
                -90.125686,41.203801,0
                -90.126006,41.20393,0
                -90.126942,41.204755,0
                -90.127272,41.204779,0
                -90.127405,41.204797,0
                -90.12756,41.204836,0
                -90.127635,41.204847,0
                -90.127687,41.204859,0
                -90.127829,41.204879,0
                -90.128099,41.20489,0
                -90.128226,41.20489,0
                -90.128511,41.204899,0
                -90.128792,41.204929,0
                -90.129038,41.204986,0
                -90.129256,41.204995,0
                -90.129575,41.204966,0
                -90.129764,41.204926,0
                -90.129795,41.204912,0
                -90.12987,41.204905,0
                -90.129988,41.204875,0
                -90.130088,41.204863,0
                -90.130128,41.204852,0
                -90.130315,41.204829,0
                -90.130594,41.204815,0
                -90.130821,41.204822,0
                -90.130848,41.204828,0
                -90.131112,41.204844,0
                -90.131715,41.204855,0
                -90.132108,41.204855,0
                -90.132211,41.204855,0
                -90.132441,41.204864,0
                -90.132538,41.204863,0
                -90.133089,41.20484,0
                -90.133935,41.204791,0
                -90.133994,41.204785,0
                -90.134063,41.202338,0
                -90.134067,41.201969,0
                -90.134082,41.200864,0
                -90.134087,41.200496,0
                -90.134108,41.199382,0
                -90.134171,41.19621,0
                -90.134171,41.19604,0
                -90.134173,41.194926,0
                -90.134169,41.19469,0
                -90.134184,41.194111,0
                -90.134251,41.191666,0
                -90.134274,41.190852,0
                -90.13429,41.190239,0
                -90.134341,41.188402,0
                -90.134358,41.18779,0
                -90.134358,41.187773,0
                -90.134378,41.187245,0
                -90.134413,41.186376,0
                -90.134419,41.185906,0
                -90.134413,41.185611,0
                -90.134407,41.185227,0
                -90.134414,41.185067,0
                -90.134434,41.184607,0
                -90.134442,41.184079,0
                -90.134466,41.182536,0
                -90.134517,41.181501,0
                -90.134506,41.181116,0
                -90.134506,41.181097,0
                -90.13452,41.180128,0
                -90.134513,41.180012,0
                -90.134522,41.17971,0
                -90.134559,41.178598,0
                -90.134558,41.178459,0
                -90.134556,41.178042,0
                -90.134551,41.176921,0
                -90.134575,41.176364,0
                -90.134567,41.175713,0
                -90.134572,41.175507,0
                -90.134597,41.174612,0
                -90.134619,41.173056,0
                -90.134621,41.172389,0
                -90.134629,41.17204,0
                -90.134704,41.167905,0
                -90.13474,41.165946,0
                -90.134732,41.165371,0
                -90.134729,41.163887,0
                -90.134725,41.161215,0
                -90.134753,41.159437,0
                -90.134757,41.159229,0
                -90.134793,41.157955,0
                -90.135451,41.157955,0
                -90.138335,41.157953,0
                -90.140646,41.157952,0
                -90.144874,41.15795,0
                -90.148963,41.157947,0
                -90.152506,41.157946,0
                -90.152503,41.157966,0
                -90.152502,41.158121,0
                -90.152515,41.158172,0
                -90.15253,41.158208,0
                -90.152531,41.158211,0
                -90.15254,41.15825,0
                -90.152613,41.15841,0
                -90.152631,41.158423,0
                -90.152637,41.158451,0
                -90.152655,41.158465,0
                -90.152655,41.158483,0
                -90.152686,41.15851,0
                -90.152728,41.158556,0
                -90.152771,41.158615,0
                -90.152872,41.158709,0
                -90.15288,41.158727,0
                -90.152959,41.158794,0
                -90.152995,41.158835,0
                -90.153175,41.159034,0
                -90.153346,41.159053,0
                -90.153861,41.159113,0
                -90.154033,41.159134,0
                -90.154043,41.157748,0
                -90.154076,41.15359,0
                -90.154084,41.152563,0
                -90.154115,41.152206,0
                -90.154183,41.152062,0
                -90.154297,41.151858,0
                -90.154307,41.151844,0
                -90.154445,41.151669,0
                -90.154563,41.151553,0
                -90.154699,41.151453,0
                -90.154924,41.151321,0
                -90.155097,41.15124,0
                -90.15523,41.15119,0
                -90.155306,41.151169,0
                -90.155513,41.151114,0
                -90.155705,41.151076,0
                -90.155368,41.151067,0
                -90.154951,41.151057,0
                -90.15436,41.151027,0
                -90.154025,41.15101,0
                -90.153582,41.150999,0
                -90.152254,41.150969,0
                -90.151882,41.150961,0
                -90.151812,41.150959,0
                -90.139784,41.150681,0
                -90.134926,41.150569,0
                -90.134859,41.150562,0
                -90.13461,41.15063,0
                -90.134473,41.15054,0
                -90.130133,41.150446,0
                -90.129781,41.150438,0
                -90.126946,41.150376,0
                -90.125117,41.150337,0
                -90.118443,41.150195,0
                -90.115702,41.150138,0
                -90.115609,41.150137,0
                -90.111749,41.150106,0
                -90.100169,41.150015,0
                -90.096309,41.149985,0
                -90.09631,41.149985,0
                -90.096313,41.149889,0
                -90.096338,41.148466,0
                -90.096377,41.146331,0
                -90.096381,41.146132,0
                -90.096416,41.144198,0
                -90.096439,41.142937,0
                -90.096443,41.142777,0
                -90.096444,41.142708,0
                -90.096445,41.142655,0
                -90.096445,41.142617,0
                -90.096447,41.142526,0
                -90.096457,41.141642,0
                -90.096497,41.138239,0
                -90.096511,41.137105,0
                -90.096514,41.136754,0
                -90.096527,41.135704,0
                -90.096532,41.135354,0
                -90.096532,41.135316,0
                -90.096533,41.135205,0
                -90.096534,41.135168,0
                -90.096523,41.135082,0
                -90.096405,41.134209,0
                -90.096394,41.134118,0
                -90.096385,41.133905,0
                -90.096397,41.133692,0
                -90.096429,41.13348,0
                -90.096482,41.133271,0
                -90.096494,41.133226,0
                -90.096549,41.133022,0
                -90.096579,41.132873,0
                -90.096616,41.132612,0
                -90.096631,41.132387,0
                -90.096655,41.131717,0
                -90.09666,41.131581,0
                -90.096665,41.128079,0
                -90.096667,41.12799,0
                -90.096703,41.125144,0
                -90.096721,41.123772,0
                -90.096761,41.120806,0
                -90.096765,41.120523,0
                -90.096857,41.115097,0
                -90.096885,41.113458,0
                -90.094297,41.113449,0
                -90.092834,41.113444,0
                -90.091809,41.113441,0
                -90.089508,41.113433,0
                -90.083093,41.113378,0
                -90.079918,41.113351,0
                -90.079919,41.113316,0
                -90.079919,41.113082,0
                -90.079921,41.112283,0
                -90.079929,41.109731,0
                -90.079933,41.108671,0
                -90.079935,41.107719,0
                -90.079939,41.106399,0
                -90.07994,41.106082,0
                -90.079946,41.104365,0
                -90.07995,41.103314,0
                -90.079951,41.102752,0
                -90.079953,41.102422,0
                -90.079966,41.098775,0
                -90.07999,41.09605,0
                -90.079998,41.095136,0
                -90.080009,41.093911,0
                -90.080026,41.091813,0
                -90.080029,41.091537,0
                -90.08003,41.091482,0
                -90.080047,41.08971,0
                -90.080061,41.088167,0
                -90.080068,41.08739,0
                -90.080082,41.085926,0
                -90.080088,41.085372,0
                -90.08009,41.085062,0
                -90.080098,41.084286,0
                -90.079404,41.084284,0
                -90.078251,41.084281,0
                -90.075398,41.084274,0
                -90.07271,41.084266,0
                -90.070864,41.084262,0
                -90.070698,41.084262,0
                -90.070263,41.084259,0
                -90.068926,41.084252,0
                -90.068808,41.084252,0
                -90.06869,41.084251,0
                -90.068572,41.08425,0
                -90.068463,41.084249,0
                -90.068218,41.084248,0
                -90.067863,41.084246,0
                -90.067379,41.083864,0
                -90.066865,41.083641,0
                -90.066682,41.083602,0
                -90.066142,41.083488,0
                -90.065115,41.083499,0
                -90.064482,41.083437,0
                -90.06394,41.08326,0
                -90.063306,41.082788,0
                -90.063095,41.082563,0
                -90.063068,41.08236,0
                -90.063066,41.082337,0
                -90.062975,41.082293,0
                -90.063006,41.08191,0
                -90.063067,41.081616,0
                -90.063188,41.081367,0
                -90.0634,41.081188,0
                -90.063359,41.081096,0
                -90.06331,41.080982,0
                -90.06329,41.080807,0
                -90.063279,41.080708,0
                -90.062305,41.080706,0
                -90.061361,41.080706,0
                -90.06133,41.078731,0
                -90.061316,41.077759,0
                -90.060923,41.077187,0
                -90.060833,41.07705,0
                -90.060712,41.076661,0
                -90.060682,41.076044,0
                -90.060925,41.075129,0
                -90.061076,41.074786,0
                -90.061106,41.074352,0
                -90.060654,41.073986,0
                -90.060229,41.073806,0
                -90.058056,41.072888,0
                -90.055882,41.072385,0
                -90.054886,41.071951,0
                -90.053315,41.071538,0
                -90.052863,41.071515,0
                -90.052561,41.071629,0
                -90.052108,41.071926,0
                -90.051443,41.071995,0
                -90.049873,41.071652,0
                -90.04927,41.071377,0
                -90.048485,41.071057,0
                -90.047427,41.070737,0
                -90.046892,41.07072,0
                -90.046703,41.070714,0
                -90.045706,41.070851,0
                -90.043895,41.070919,0
                -90.042224,41.070834,0
                -90.041755,41.07081,0
                -90.041627,41.070804,0
                -90.04036,41.07062,0
                -90.039896,41.070553,0
                -90.040017,41.07096,0
                -90.039998,41.071064,0
                -90.039956,41.071299,0
                -90.039655,41.071773,0
                -90.039655,41.072067,0
                -90.039957,41.072451,0
                -90.039957,41.072461,0
                -90.039957,41.072903,0
                -90.039894,41.072966,0
                -90.039598,41.072808,0
                -90.038744,41.072352,0
                -90.038708,41.072341,0
                -90.038668,41.07233,0
                -90.038599,41.072324,0
                -90.038565,41.072325,0
                -90.03853,41.07233,0
                -90.038486,41.07234,0
                -90.038454,41.072351,0
                -90.038424,41.072364,0
                -90.038388,41.072386,0
                -90.037322,41.0737,0
                -90.035563,41.075873,0
                -90.035015,41.076541,0
                -90.034893,41.076691,0
                -90.034609,41.077037,0
                -90.034117,41.077636,0
                -90.033896,41.077907,0
                -90.033253,41.078665,0
                -90.033065,41.078882,0
                -90.033025,41.078928,0
                -90.033015,41.079906,0
                -90.032985,41.082844,0
                -90.032976,41.083823,0
                -90.032944,41.087178,0
                -90.032852,41.097245,0
                -90.032822,41.100601,0
                -90.032801,41.101635,0
                -90.032738,41.104739,0
                -90.032718,41.105774,0
                -90.032548,41.108742,0
                -90.032345,41.112306,0
                -90.026995,41.11235,0
                -90.024023,41.112376,0
                -90.021527,41.112385,0
                -90.014042,41.112413,0
                -90.011547,41.112423,0
                -90.00898,41.112432,0
                -90.003636,41.112453,0
                -90.003655,41.114806,0
                -90.003676,41.117373,0
                -90.00371,41.118015,0
                -90.003812,41.119943,0
                -90.003847,41.120586,0
                -90.003845,41.121114,0
                -90.003838,41.122699,0
                -90.003837,41.123228,0
                -90.003834,41.123905,0
                -90.003833,41.124049,0
                -90.003823,41.126515,0
                -90.00382,41.127337,0
                -90.003819,41.127584,0
                -90.00381,41.128686,0
                -90.003794,41.130792,0
                -90.003791,41.13118,0
                -90.003791,41.131215,0
                -90.003795,41.132735,0
                -90.003799,41.134085,0
                -90.003799,41.134237,0
                -90.0038,41.134694,0
                -90.003801,41.134847,0
                -90.003064,41.134845,0
                -90.001934,41.134842,0
                -89.999028,41.134836,0
                -89.996332,41.134829,0
                -89.994466,41.134825,0
                -89.994255,41.134825,0
                -89.992491,41.134821,0
                -89.990879,41.134819,0
                -89.986569,41.134811,0
                -89.986213,41.134811,0
                -89.98584,41.13481,0
                -89.984596,41.134808,0
                -89.984603,41.135409,0
                -89.984611,41.135729,0
                -89.984605,41.139063,0
                -89.984557,41.147884,0
                -89.984559,41.149366,0
                -89.984522,41.149366,0
                -89.984145,41.149361,0
                -89.979597,41.149355,0
                -89.977037,41.149358,0
                -89.975598,41.149348,0
                -89.975448,41.149346,0
                -89.97406,41.149335,0
                -89.97192,41.149327,0
                -89.968088,41.149341,0
                -89.965105,41.149334,0
                -89.964682,41.149342,0
                -89.964444,41.149347,0
                -89.963648,41.149375,0
                -89.959944,41.149365,0
                -89.958049,41.149372,0
                -89.950922,41.14937,0
                -89.946459,41.149356,0
                -89.94524,41.149343,0
                -89.945204,41.149343,0
                -89.944671,41.149338,0
                -89.942866,41.1493,0
                -89.942793,41.149298,0
                -89.942728,41.149298,0
                -89.941347,41.14928,0
                -89.939257,41.149295,0
                -89.934224,41.149298,0
                -89.931084,41.149314,0
                -89.929862,41.149358,0
                -89.926171,41.149375,0
                -89.925755,41.149371,0
                -89.925754,41.149371,0
                -89.925759,41.14642,0
                -89.925085,41.146414,0
                -89.922251,41.146338,0
                -89.917037,41.146232,0
                -89.91561,41.146194,0
                -89.913336,41.14615,0
                -89.909544,41.146053,0
                -89.908688,41.146042,0
                -89.908404,41.146056,0
                -89.907752,41.14615,0
                -89.906549,41.14637,0
                -89.906411,41.146389,0
                -89.906408,41.145871,0
                -89.906419,41.144657,0
                -89.906413,41.142063,0
                -89.901872,41.142125,0
                -89.901878,41.143602,0
                -89.901932,41.147469,0
                -89.901939,41.149353,0
                -89.901735,41.149359,0
                -89.901124,41.149379,0
                -89.900921,41.149386,0
                -89.900592,41.149393,0
                -89.899608,41.149417,0
                -89.89928,41.149425,0
                -89.892216,41.149577,0
                -89.892188,41.149578,0
                -89.892143,41.14953,0
                -89.892039,41.14948,0
                -89.891951,41.149459,0
                -89.891764,41.149446,0
                -89.889201,41.149449,0
                -89.888809,41.14946,0
                -89.888149,41.149465,0
                -89.888052,41.149453,0
                -89.887959,41.149425,0
                -89.887892,41.149379,0
                -89.887853,41.149321,0
                -89.887823,41.149231,0
                -89.887823,41.1492,0
                -89.884038,41.149263,0
                -89.883573,41.149268,0
                -89.882178,41.149283,0
                -89.8818,41.149288,0
                -89.881714,41.149286,0
                -89.875105,41.149507,0
                -89.869065,41.148969,0
                -89.868898,41.148965,0
                -89.868795,41.148962,0
                -89.868486,41.148956,0
                -89.868384,41.148955,0
                -89.868379,41.149183,0
                -89.868366,41.149868,0
                -89.868363,41.150089,0
                -89.868363,41.150097,0
                -89.868343,41.151565,0
                -89.868294,41.155336,0
                -89.868285,41.155969,0
                -89.868266,41.157437,0
                -89.868254,41.158195,0
                -89.868221,41.160468,0
                -89.86821,41.161227,0
                -89.868204,41.161368,0
                -89.868188,41.161792,0
                -89.868186,41.161873,0
                -89.868186,41.161934,0
                -89.868178,41.164252,0
                -89.868163,41.169334,0
                -89.868156,41.171209,0
                -89.868148,41.173528,0
                -89.868141,41.174518,0
                -89.86812,41.177488,0
                -89.868113,41.178478,0
                -89.869256,41.178489,0
                -89.872685,41.178522,0
                -89.873829,41.178533,0
                -89.874708,41.178526,0
                -89.875093,41.178523,0
                -89.877346,41.178538,0
                -89.878226,41.178544,0
                -89.879255,41.17855,0
                -89.882345,41.178571,0
                -89.883315,41.178578,0
                -89.883375,41.178576,0
                -89.883435,41.178578,0
                -89.884188,41.178583,0
                -89.886628,41.178599,0
                -89.887442,41.178605,0
                -89.88953,41.178618,0
                -89.895795,41.178658,0
                -89.897884,41.178672,0
                -89.898662,41.178677,0
                -89.900996,41.178692,0
                -89.901774,41.178697,0
                -89.90258,41.178701,0
                -89.905001,41.178715,0
                -89.905808,41.17872,0
                -89.905849,41.17872,0
                -89.905968,41.178719,0
                -89.906214,41.178719,0
                -89.906451,41.178717,0
                -89.906612,41.178717,0
                -89.909239,41.178652,0
                -89.917123,41.178461,0
                -89.919751,41.178397,0
                -89.920704,41.178373,0
                -89.923565,41.178304,0
                -89.924519,41.178281,0
                -89.924775,41.178274,0
                -89.924981,41.17827,0
                -89.925544,41.178261,0
                -89.925801,41.178258,0
                -89.925802,41.178046,0
                -89.925805,41.177773,0
                -89.925804,41.17741,0
                -89.925804,41.177198,0
                -89.925803,41.176688,0
                -89.925802,41.176311,0
                -89.925801,41.17507,0
                -89.925799,41.175044,0
                -89.925812,41.174805,0
                -89.925835,41.174571,0
                -89.925857,41.174417,0
                -89.92589,41.174257,0
                -89.92593,41.174097,0
                -89.926029,41.17378,0
                -89.926063,41.173686,0
                -89.926088,41.173622,0
                -89.926175,41.173411,0
                -89.926272,41.173202,0
                -89.926377,41.172995,0
                -89.926439,41.172885,0
                -89.926574,41.172645,0
                -89.92668,41.172472,0
                -89.926748,41.172363,0
                -89.926966,41.172034,0
                -89.927083,41.171873,0
                -89.92734,41.171551,0
                -89.92748,41.171395,0
                -89.927541,41.171332,0
                -89.927623,41.17125,0
                -89.927883,41.170998,0
                -89.928074,41.170816,0
                -89.92821,41.170705,0
                -89.928352,41.170598,0
                -89.928498,41.170495,0
                -89.928499,41.170493,0
                -89.9291,41.170096,0
                -89.929377,41.169917,0
                -89.92966,41.169743,0
                -89.93053,41.169227,0
                -89.931217,41.168821,0
                -89.932467,41.16808,0
                -89.933827,41.167259,0
                -89.934873,41.16663,0
                -89.936293,41.165788,0
                -89.937054,41.16532,0
                -89.937422,41.165111,0
                -89.937549,41.165044,0
                -89.93761,41.165012,0
                -89.93784,41.164899,0
                -89.938075,41.164792,0
                -89.938313,41.164691,0
                -89.938547,41.164599,0
                -89.938786,41.164513,0
                -89.939027,41.164432,0
                -89.939271,41.164356,0
                -89.939575,41.16427,0
                -89.939883,41.164191,0
                -89.940167,41.164125,0
                -89.940453,41.164066,0
                -89.940742,41.164014,0
                -89.941022,41.163972,0
                -89.941305,41.163936,0
                -89.941684,41.163913,0
                -89.942162,41.163899,0
                -89.942503,41.16389,0
                -89.945204,41.163905,0
                -89.945216,41.165392,0
                -89.945224,41.166319,0
                -89.945223,41.169853,0
                -89.945223,41.170445,0
                -89.945215,41.17101,0
                -89.945217,41.171341,0
                -89.945143,41.171345,0
                -89.944901,41.171345,0
                -89.944683,41.171336,0
                -89.944545,41.171349,0
                -89.944414,41.171375,0
                -89.944186,41.17135,0
                -89.944029,41.171341,0
                -89.94386,41.171351,0
                -89.943263,41.171321,0
                -89.942985,41.171303,0
                -89.942767,41.171295,0
                -89.942637,41.171306,0
                -89.942615,41.171313,0
                -89.94254,41.171318,0
                -89.942355,41.171309,0
                -89.942059,41.171295,0
                -89.941811,41.1713,0
                -89.941708,41.1713,0
                -89.941481,41.171307,0
                -89.941272,41.171319,0
                -89.94116,41.171331,0
                -89.941124,41.17134,0
                -89.941033,41.171372,0
                -89.940991,41.171395,0
                -89.940894,41.171422,0
                -89.940791,41.171464,0
                -89.940567,41.171517,0
                -89.940483,41.171546,0
                -89.940441,41.171565,0
                -89.94015,41.171634,0
                -89.940023,41.17167,0
                -89.939993,41.171684,0
                -89.939969,41.171689,0
                -89.939926,41.171707,0
                -89.939824,41.171734,0
                -89.939479,41.171845,0
                -89.939449,41.171858,0
                -89.939155,41.171925,0
                -89.939104,41.171932,0
                -89.938919,41.17198,0
                -89.938801,41.171992,0
                -89.938774,41.171999,0
                -89.938444,41.172029,0
                -89.938151,41.172068,0
                -89.93806,41.172077,0
                -89.937358,41.17211,0
                -89.937155,41.172135,0
                -89.93688,41.172151,0
                -89.936605,41.172177,0
                -89.936232,41.172198,0
                -89.936087,41.172212,0
                -89.93583,41.172216,0
                -89.93544,41.172208,0
                -89.934765,41.172211,0
                -89.934734,41.172202,0
                -89.934541,41.17217,0
                -89.93422,41.17217,0
                -89.934171,41.172159,0
                -89.934041,41.172122,0
                -89.933935,41.172111,0
                -89.933864,41.172107,0
                -89.933748,41.172102,0
                -89.933693,41.172088,0
                -89.933616,41.172062,0
                -89.933527,41.17202,0
                -89.93336,41.171906,0
                -89.933081,41.171677,0
                -89.932978,41.171586,0
                -89.93296,41.171565,0
                -89.932863,41.17149,0
                -89.932766,41.171394,0
                -89.93276,41.171376,0
                -89.932736,41.171348,0
                -89.93273,41.17133,0
                -89.932663,41.17123,0
                -89.932626,41.171191,0
                -89.932554,41.171129,0
                -89.932481,41.171074,0
                -89.932384,41.171015,0
                -89.932305,41.170992,0
                -89.932266,41.17099,0
                -89.93219,41.170997,0
                -89.932142,41.171029,0
                -89.932118,41.171056,0
                -89.932118,41.171093,0
                -89.932203,41.171184,0
                -89.932257,41.171276,0
                -89.932251,41.171299,0
                -89.932227,41.171321,0
                -89.932185,41.171344,0
                -89.932146,41.171347,0
                -89.931979,41.171331,0
                -89.931952,41.171324,0
                -89.931893,41.171321,0
                -89.93187,41.171326,0
                -89.931858,41.171354,0
                -89.931858,41.171377,0
                -89.931834,41.171499,0
                -89.931825,41.171516,0
                -89.931803,41.171604,0
                -89.931786,41.171679,0
                -89.931769,41.171719,0
                -89.931756,41.17177,0
                -89.931723,41.17185,0
                -89.931708,41.171921,0
                -89.931623,41.172173,0
                -89.9316,41.172282,0
                -89.9316,41.172365,0
                -89.931594,41.172436,0
                -89.931576,41.172653,0
                -89.931591,41.172708,0
                -89.931588,41.172722,0
                -89.931715,41.172836,0
                -89.931743,41.172902,0
                -89.931746,41.172936,0
                -89.931734,41.172968,0
                -89.931625,41.173074,0
                -89.931607,41.173096,0
                -89.931595,41.173147,0
                -89.931595,41.173238,0
                -89.931583,41.17327,0
                -89.931559,41.173293,0
                -89.931462,41.173344,0
                -89.931432,41.17338,0
                -89.931414,41.173421,0
                -89.931423,41.173461,0
                -89.931426,41.173472,0
                -89.931438,41.173495,0
                -89.931547,41.173609,0
                -89.931566,41.173645,0
                -89.931569,41.17368,0
                -89.931548,41.173764,0
                -89.931527,41.173812,0
                -89.931515,41.173853,0
                -89.931506,41.173988,0
                -89.931518,41.174116,0
                -89.931527,41.174137,0
                -89.93157,41.17432,0
                -89.931585,41.174455,0
                -89.931543,41.174555,0
                -89.931421,41.174685,0
                -89.931416,41.174739,0
                -89.931435,41.17477,0
                -89.931495,41.174807,0
                -89.931544,41.174812,0
                -89.931665,41.174907,0
                -89.931786,41.17499,0
                -89.931841,41.175008,0
                -89.931874,41.17501,0
                -89.932143,41.175003,0
                -89.932222,41.175012,0
                -89.932337,41.175044,0
                -89.932385,41.175067,0
                -89.93241,41.175085,0
                -89.932452,41.175126,0
                -89.932577,41.175367,0
                -89.932596,41.175404,0
                -89.932652,41.175469,0
                -89.932713,41.175502,0
                -89.932767,41.175505,0
                -89.932901,41.175489,0
                -89.932943,41.175492,0
                -89.932973,41.175514,0
                -89.933037,41.175584,0
                -89.93307,41.175629,0
                -89.933077,41.175665,0
                -89.933071,41.175688,0
                -89.93304,41.175716,0
                -89.932919,41.175853,0
                -89.932901,41.175894,0
                -89.932877,41.175922,0
                -89.932859,41.175976,0
                -89.932841,41.176054,0
                -89.932811,41.176114,0
                -89.932769,41.176146,0
                -89.93266,41.176164,0
                -89.932551,41.176196,0
                -89.932521,41.176215,0
                -89.932476,41.176251,0
                -89.932466,41.17626,0
                -89.93245,41.176297,0
                -89.932466,41.176384,0
                -89.932503,41.176448,0
                -89.932524,41.1765,0
                -89.932534,41.176631,0
                -89.93257,41.17667,0
                -89.932758,41.176836,0
                -89.932818,41.176905,0
                -89.933037,41.177252,0
                -89.933116,41.177385,0
                -89.933201,41.177563,0
                -89.933241,41.177657,0
                -89.933273,41.177765,0
                -89.933294,41.177817,0
                -89.933312,41.177862,0
                -89.933353,41.177924,0
                -89.93339,41.177965,0
                -89.933432,41.178034,0
                -89.933478,41.178155,0
                -89.933487,41.178194,0
                -89.933554,41.178365,0
                -89.933563,41.178388,0
                -89.933566,41.178413,0
                -89.933589,41.17849,0
                -89.933608,41.178512,0
                -89.933663,41.178546,0
                -89.933742,41.178582,0
                -89.933942,41.178637,0
                -89.934008,41.178664,0
                -89.93409,41.178738,0
                -89.934105,41.178756,0
                -89.934132,41.178803,0
                -89.934148,41.17882,0
                -89.934154,41.178838,0
                -89.934208,41.178897,0
                -89.934257,41.178939,0
                -89.934296,41.178955,0
                -89.934311,41.178962,0
                -89.934318,41.178966,0
                -89.934381,41.178982,0
                -89.934499,41.178989,0
                -89.934765,41.178984,0
                -89.934808,41.178993,0
                -89.934887,41.179048,0
                -89.934935,41.179107,0
                -89.934972,41.179162,0
                -89.93499,41.179199,0
                -89.935014,41.17923,0
                -89.935041,41.179297,0
                -89.935044,41.179336,0
                -89.935039,41.179354,0
                -89.93502,41.179372,0
                -89.934984,41.179391,0
                -89.93493,41.179409,0
                -89.934809,41.179427,0
                -89.93476,41.179441,0
                -89.934718,41.179459,0
                -89.934694,41.179475,0
                -89.934639,41.179528,0
                -89.934627,41.179551,0
                -89.934621,41.179629,0
                -89.934634,41.179793,0
                -89.934664,41.179862,0
                -89.934749,41.180017,0
                -89.93478,41.180049,0
                -89.934792,41.180072,0
                -89.93481,41.180091,0
                -89.93484,41.180141,0
                -89.934901,41.1802,0
                -89.935013,41.180296,0
                -89.935052,41.180342,0
                -89.935068,41.180417,0
                -89.935065,41.180525,0
                -89.935071,41.180557,0
                -89.935144,41.180607,0
                -89.935222,41.180634,0
                -89.935265,41.180657,0
                -89.935307,41.180703,0
                -89.935307,41.180762,0
                -89.935292,41.180822,0
                -89.935268,41.180874,0
                -89.935265,41.180903,0
                -89.935256,41.180998,0
                -89.93526,41.181055,0
                -89.935272,41.181128,0
                -89.935436,41.181517,0
                -89.935506,41.18167,0
                -89.93554,41.181823,0
                -89.93554,41.181841,0
                -89.935558,41.181869,0
                -89.935546,41.181892,0
                -89.935534,41.181988,0
                -89.935446,41.182178,0
                -89.935438,41.182203,0
                -89.935428,41.182242,0
                -89.93539,41.182564,0
                -89.93539,41.182642,0
                -89.935378,41.182715,0
                -89.93533,41.182829,0
                -89.935287,41.182898,0
                -89.935269,41.182939,0
                -89.935262,41.182979,0
                -89.935279,41.183049,0
                -89.935303,41.183102,0
                -89.935312,41.18314,0
                -89.935276,41.183209,0
                -89.935262,41.183224,0
                -89.935149,41.183355,0
                -89.935131,41.183392,0
                -89.935131,41.183447,0
                -89.935143,41.183488,0
                -89.935177,41.18352,0
                -89.934904,41.183653,0
                -89.933281,41.184759,0
                -89.929543,41.187309,0
                -89.927662,41.188591,0
                -89.925789,41.189868,0
                -89.925787,41.190447,0
                -89.925781,41.192186,0
                -89.92578,41.192766,0
                -89.92754,41.192786,0
                -89.928397,41.192797,0
                -89.93066,41.192828,0
                -89.932823,41.192841,0
                -89.934585,41.192852,0
                -89.934912,41.192853,0
                -89.935632,41.192858,0
                -89.935893,41.19286,0
                -89.93622,41.192864,0
                -89.937955,41.192882,0
                -89.938012,41.192884,0
                -89.93818,41.192891,0
                -89.938911,41.192921,0
                -89.941785,41.192917,0
                -89.943099,41.192934,0
                -89.943391,41.192934,0
                -89.945184,41.192936,0
                -89.945185,41.191973,0
                -89.94519,41.189086,0
                -89.945192,41.188124,0
                -89.945194,41.186725,0
                -89.945201,41.182532,0
                -89.945204,41.181134,0
                -89.945204,41.180673,0
                -89.945206,41.179293,0
                -89.945207,41.178833,0
                -89.945207,41.178751,0
                -89.945207,41.178509,0
                -89.945208,41.178428,0
                -89.945381,41.178428,0
                -89.9459,41.178428,0
                -89.946074,41.178429,0
                -89.946592,41.178187,0
                -89.948277,41.177398,0
                -89.951316,41.175978,0
                -89.954887,41.174307,0
                -89.956487,41.17356,0
                -89.957091,41.173277,0
                -89.957118,41.173304,0
                -89.957179,41.173343,0
                -89.957246,41.173361,0
                -89.957282,41.173366,0
                -89.957348,41.173384,0
                -89.957379,41.173407,0
                -89.95747,41.173496,0
                -89.957658,41.173635,0
                -89.957733,41.173704,0
                -89.957749,41.173724,0
                -89.957809,41.173777,0
                -89.95787,41.173813,0
                -89.957961,41.173854,0
                -89.958088,41.1739,0
                -89.958167,41.173918,0
                -89.958215,41.173923,0
                -89.958306,41.173945,0
                -89.958348,41.173964,0
                -89.95847,41.174032,0
                -89.958544,41.174056,0
                -89.958546,41.174056,0
                -89.958573,41.174059,0
                -89.958654,41.174048,0
                -89.958736,41.174045,0
                -89.958797,41.174054,0
                -89.958833,41.174073,0
                -89.958908,41.174084,0
                -89.958966,41.174075,0
                -89.958999,41.174066,0
                -89.95939,41.17404,0
                -89.959574,41.174051,0
                -89.959768,41.174069,0
                -89.95989,41.174066,0
                -89.959971,41.17408,0
                -89.960334,41.174121,0
                -89.960456,41.174121,0
                -89.960479,41.174126,0
                -89.960502,41.174121,0
                -89.960576,41.174121,0
                -89.960697,41.17413,0
                -89.960818,41.174121,0
                -89.960932,41.174099,0
                -89.961024,41.174107,0
                -89.961363,41.174106,0
                -89.961499,41.174095,0
                -89.96165,41.174072,0
                -89.961732,41.174065,0
                -89.961786,41.174071,0
                -89.961877,41.174106,0
                -89.961932,41.174119,0
                -89.962083,41.174133,0
                -89.962156,41.174146,0
                -89.962222,41.174165,0
                -89.962471,41.174251,0
                -89.962586,41.174297,0
                -89.96264,41.174329,0
                -89.962728,41.174406,0
                -89.962834,41.17453,0
                -89.962853,41.174562,0
                -89.962889,41.174601,0
                -89.96298,41.174662,0
                -89.963107,41.174735,0
                -89.963256,41.174808,0
                -89.963349,41.174864,0
                -89.963353,41.174867,0
                -89.963647,41.17508,0
                -89.963874,41.17526,0
                -89.964102,41.175402,0
                -89.964362,41.175538,0
                -89.964471,41.175584,0
                -89.964514,41.175598,0
                -89.964638,41.175627,0
                -89.964725,41.175639,0
                -89.964762,41.175636,0
                -89.964814,41.175638,0
                -89.96481,41.174751,0
                -89.964799,41.172091,0
                -89.964796,41.171205,0
                -89.968225,41.171273,0
                -89.975113,41.17141,0
                -89.975128,41.174812,0
                -89.975145,41.178243,0
                -89.975125,41.181538,0
                -89.975111,41.183864,0
                -89.9751,41.18564,0
                -89.976317,41.185637,0
                -89.976591,41.185636,0
                -89.980884,41.185624,0
                -89.982536,41.18562,0
                -89.98418,41.185616,0
                -89.984163,41.187106,0
                -89.984134,41.189676,0
                -89.984121,41.191443,0
                -89.984118,41.191576,0
                -89.984088,41.193066,0
                -89.984093,41.194446,0
                -89.984092,41.194456,0
                -89.984046,41.198627,0
                -89.984032,41.200018,0
                -89.984031,41.200088,0
                -89.984027,41.2003,0
                -89.984027,41.200371,0
                -89.984026,41.200409,0
                -89.984025,41.200525,0
                -89.984025,41.200564,0
                -89.984023,41.200705,0
                -89.984019,41.201131,0
                -89.984019,41.201273,0
                -89.984891,41.200419,0
                -89.98562,41.199707,0
                -89.987499,41.197851,0
                -89.988368,41.196994,0
                -89.989025,41.196217,0
                -89.989952,41.195122,0
                -89.990997,41.193886,0
                -89.991655,41.19311,0
                -89.991722,41.193104,0
                -89.99179,41.193092,0
                -89.991889,41.193057,0
                -89.991911,41.193045,0
                -89.991972,41.193017,0
                -89.992032,41.193049,0
                -89.992115,41.193095,0
                -89.992211,41.193127,0
                -89.992221,41.193129,0
                -89.992289,41.193144,0
                -89.992302,41.193147,0
                -89.99242,41.193162,0
                -89.992564,41.193164,0
                -89.993643,41.193166,0
                -89.99373,41.193166,0
                -89.99806,41.193187,0
                -89.998096,41.193188,0
                -89.999504,41.193208,0
                -90.000104,41.193217,0
                -90.000309,41.193219,0
                -90.002726,41.193243,0
                -90.003532,41.193252,0
                -90.003531,41.193402,0
                -90.003528,41.19349,0
                -90.003505,41.194207,0
                -90.003503,41.194302,0
                -90.003502,41.194401,0
                -90.003507,41.194446,0
                -90.003502,41.194491,0
                -90.003488,41.195832,0
                -90.003471,41.197466,0
                -90.003432,41.199167,0
                -90.003438,41.199993,0
                -90.003443,41.200472,0
                -90.003438,41.201297,0
                -90.003435,41.20138,0
                -90.003388,41.202614,0
                -90.003386,41.202681,0
                -90.003373,41.203279,0
                -90.003366,41.206174,0
                -90.003361,41.206587,0
                -90.003349,41.20789,0
                -90.006159,41.207881,0
                -90.007198,41.207881,0
                -90.009036,41.207882,0
                -90.010814,41.207892,0
                -90.013113,41.207888,0
                -90.014618,41.207897,0
                -90.018747,41.207887,0
                -90.019098,41.207887,0
                -90.022452,41.207888,0
                -90.022597,41.207885,0
              </coordinates>
            </LinearRing>
          </outerBoundaryIs>
        </Polygon>
      </Placemark>
      <Placemark>
        <name>61559</name>
        <description><![CDATA[61559<br><br>description: <br>STATEFP10: 17<br>GEOID10: 1761559<br>CLASSFP10: B5<br>MTFCC10: G6350<br>FUNCSTAT10: S<br>ALAND10: 254261849<br>AWATER10: 331294<br>INTPTLAT10: +40.9190178<br>INTPTLON10: -089.7792028<br>PARTFLG10: N]]></description>
        <styleUrl>#poly-0097A7-1200-66</styleUrl>
        <ExtendedData>
          <Data name="description">
            <value/>
          </Data>
          <Data name="STATEFP10">
            <value>17</value>
          </Data>
          <Data name="GEOID10">
            <value>1761559</value>
          </Data>
          <Data name="CLASSFP10">
            <value>B5</value>
          </Data>
          <Data name="MTFCC10">
            <value>G6350</value>
          </Data>
          <Data name="FUNCSTAT10">
            <value>S</value>
          </Data>
          <Data name="ALAND10">
            <value>254261849</value>
          </Data>
          <Data name="AWATER10">
            <value>331294</value>
          </Data>
          <Data name="INTPTLAT10">
            <value>+40.9190178</value>
          </Data>
          <Data name="INTPTLON10">
            <value>-089.7792028</value>
          </Data>
          <Data name="PARTFLG10">
            <value>N</value>
          </Data>
        </ExtendedData>
        <Polygon>
          <outerBoundaryIs>
            <LinearRing>
              <tessellate>1</tessellate>
              <coordinates>
                -89.78272,41.018891,0
                -89.782723,41.018722,0
                -89.782745,41.018076,0
                -89.782764,41.016466,0
                -89.782812,41.011087,0
                -89.782777,41.008803,0
                -89.782776,41.008265,0
                -89.780181,41.008956,0
                -89.779216,41.009295,0
                -89.778159,41.00902,0
                -89.777254,41.008585,0
                -89.775745,41.00799,0
                -89.774175,41.007944,0
                -89.772757,41.008218,0
                -89.770223,41.005633,0
                -89.768805,41.004375,0
                -89.76842,41.004192,0
                -89.768322,41.004145,0
                -89.767326,41.00393,0
                -89.766964,41.003651,0
                -89.76561,40.999978,0
                -89.765737,40.99961,0
                -89.764621,40.997294,0
                -89.76441,40.996716,0
                -89.764259,40.996507,0
                -89.764093,40.996156,0
                -89.771624,40.996259,0
                -89.77334,40.996278,0
                -89.773356,40.994163,0
                -89.773385,40.992184,0
                -89.773408,40.990645,0
                -89.773496,40.986625,0
                -89.773512,40.98536,0
                -89.774173,40.985323,0
                -89.774614,40.98533,0
                -89.775581,40.986283,0
                -89.779406,40.989845,0
                -89.78187,40.992016,0
                -89.785457,40.995136,0
                -89.786725,40.996356,0
                -89.791096,40.996366,0
                -89.791471,40.996372,0
                -89.791756,40.996367,0
                -89.79181,40.996359,0
                -89.791896,40.996346,0
                -89.792029,40.996305,0
                -89.79215,40.996245,0
                -89.792255,40.99617,0
                -89.79234,40.996082,0
                -89.792398,40.995983,0
                -89.792438,40.995879,0
                -89.792458,40.995665,0
                -89.792463,40.994478,0
                -89.792537,40.9891,0
                -89.793512,40.989083,0
                -89.798469,40.989136,0
                -89.808246,40.989219,0
                -89.808955,40.98921,0
                -89.811086,40.989236,0
                -89.811213,40.989491,0
                -89.812299,40.990464,0
                -89.812646,40.991019,0
                -89.813142,40.991436,0
                -89.813943,40.99174,0
                -89.815694,40.991869,0
                -89.818951,40.991711,0
                -89.820272,40.991744,0
                -89.820423,40.991653,0
                -89.821026,40.990532,0
                -89.821509,40.989732,0
                -89.822022,40.988748,0
                -89.822233,40.988657,0
                -89.822252,40.98834,0
                -89.822652,40.987729,0
                -89.823708,40.986123,0
                -89.824139,40.985581,0
                -89.824401,40.98531,0
                -89.823502,40.984661,0
                -89.82293,40.984186,0
                -89.8225,40.983761,0
                -89.822088,40.983325,0
                -89.821621,40.982926,0
                -89.821009,40.982663,0
                -89.820318,40.982554,0
                -89.819609,40.982529,0
                -89.8189,40.982524,0
                -89.818191,40.98251,0
                -89.817489,40.982441,0
                -89.816145,40.982105,0
                -89.815451,40.982002,0
                -89.814744,40.981976,0
                -89.811725,40.981941,0
                -89.811779,40.975717,0
                -89.81178,40.974964,0
                -89.811796,40.974649,0
                -89.812404,40.974651,0
                -89.812931,40.974661,0
                -89.8131,40.974663,0
                -89.813538,40.97467,0
                -89.815665,40.974691,0
                -89.816363,40.974709,0
                -89.817083,40.974728,0
                -89.822041,40.974797,0
                -89.829131,40.974883,0
                -89.830975,40.974893,0
                -89.831257,40.974892,0
                -89.831394,40.974855,0
                -89.833464,40.974985,0
                -89.834046,40.974985,0
                -89.835795,40.974985,0
                -89.836378,40.974985,0
                -89.838141,40.97497,0
                -89.843429,40.974926,0
                -89.845193,40.974912,0
                -89.845248,40.974912,0
                -89.845414,40.974912,0
                -89.84547,40.974912,0
                -89.850253,40.974923,0
                -89.864605,40.974956,0
                -89.869389,40.974968,0
                -89.870084,40.974969,0
                -89.87217,40.974973,0
                -89.872866,40.974975,0
                -89.87421,40.974991,0
                -89.878243,40.97504,0
                -89.879588,40.975057,0
                -89.880998,40.975064,0
                -89.885231,40.975086,0
                -89.886642,40.975094,0
                -89.886632,40.974174,0
                -89.886554,40.973848,0
                -89.886421,40.973283,0
                -89.88642,40.972254,0
                -89.886571,40.971727,0
                -89.88669,40.971453,0
                -89.886902,40.970836,0
                -89.886962,40.970241,0
                -89.886953,40.970186,0
                -89.886872,40.96967,0
                -89.886751,40.969395,0
                -89.886419,40.969121,0
                -89.888049,40.968298,0
                -89.889437,40.967293,0
                -89.889819,40.967099,0
                -89.88998,40.967019,0
                -89.890464,40.966904,0
                -89.891369,40.966859,0
                -89.892062,40.967042,0
                -89.892696,40.967248,0
                -89.893269,40.967363,0
                -89.896406,40.967341,0
                -89.896949,40.96741,0
                -89.897492,40.967616,0
                -89.898215,40.967959,0
                -89.898819,40.968325,0
                -89.899784,40.968874,0
                -89.900296,40.96908,0
                -89.90099,40.96908,0
                -89.901199,40.968995,0
                -89.901443,40.968897,0
                -89.901986,40.968486,0
                -89.902257,40.967891,0
                -89.902258,40.967434,0
                -89.902228,40.967068,0
                -89.902047,40.966748,0
                -89.901655,40.966085,0
                -89.901353,40.96581,0
                -89.900733,40.965784,0
                -89.900266,40.965621,0
                -89.900184,40.96556,0
                -89.89989,40.965344,0
                -89.899636,40.965067,0
                -89.89924,40.964192,0
                -89.898785,40.962296,0
                -89.898704,40.961958,0
                -89.898543,40.961728,0
                -89.89807,40.961379,0
                -89.897965,40.961277,0
                -89.897749,40.961176,0
                -89.89766,40.961134,0
                -89.896977,40.960576,0
                -89.896873,40.96044,0
                -89.89664,40.960136,0
                -89.895148,40.960063,0
                -89.894973,40.960055,0
                -89.894587,40.96004,0
                -89.893998,40.960011,0
                -89.893079,40.959979,0
                -89.89147,40.959905,0
                -89.890957,40.959887,0
                -89.890597,40.95987,0
                -89.889973,40.959835,0
                -89.889738,40.959822,0
                -89.888306,40.95977,0
                -89.888312,40.959196,0
                -89.888312,40.959095,0
                -89.888321,40.957073,0
                -89.888324,40.956399,0
                -89.888325,40.956144,0
                -89.888331,40.955574,0
                -89.888328,40.954822,0
                -89.88833,40.95417,0
                -89.888333,40.953356,0
                -89.888327,40.952915,0
                -89.888345,40.952039,0
                -89.888355,40.951066,0
                -89.888356,40.950306,0
                -89.888357,40.949241,0
                -89.888353,40.948957,0
                -89.888354,40.948394,0
                -89.88835,40.948018,0
                -89.888347,40.947485,0
                -89.888343,40.946581,0
                -89.888351,40.94597,0
                -89.888367,40.94557,0
                -89.888363,40.945257,0
                -89.888389,40.942341,0
                -89.888397,40.94155,0
                -89.888399,40.940467,0
                -89.888411,40.939012,0
                -89.888417,40.936317,0
                -89.888426,40.935477,0
                -89.888427,40.933593,0
                -89.888428,40.933213,0
                -89.888442,40.932491,0
                -89.888455,40.930678,0
                -89.888465,40.930491,0
                -89.888473,40.92867,0
                -89.888477,40.927936,0
                -89.888473,40.926305,0
                -89.888498,40.92348,0
                -89.8885,40.922647,0
                -89.888507,40.92064,0
                -89.888508,40.920473,0
                -89.888513,40.919743,0
                -89.888529,40.917418,0
                -89.888529,40.917053,0
                -89.888532,40.916157,0
                -89.887998,40.916156,0
                -89.886398,40.916154,0
                -89.885865,40.916154,0
                -89.885856,40.914942,0
                -89.885829,40.911306,0
                -89.885821,40.910095,0
                -89.885827,40.908597,0
                -89.884783,40.908594,0
                -89.878043,40.908581,0
                -89.878039,40.909463,0
                -89.878029,40.912005,0
                -89.878023,40.912835,0
                -89.878009,40.915326,0
                -89.878005,40.916157,0
                -89.876326,40.916157,0
                -89.872105,40.916157,0
                -89.871292,40.916164,0
                -89.870625,40.91617,0
                -89.870437,40.916177,0
                -89.869615,40.916212,0
                -89.869609,40.915445,0
                -89.869609,40.914231,0
                -89.869617,40.912521,0
                -89.869607,40.910721,0
                -89.869614,40.910014,0
                -89.869615,40.909876,0
                -89.869617,40.909327,0
                -89.869627,40.908763,0
                -89.869614,40.908044,0
                -89.869624,40.906645,0
                -89.869623,40.905543,0
                -89.869633,40.904581,0
                -89.869641,40.902759,0
                -89.869637,40.902071,0
                -89.869642,40.901687,0
                -89.869643,40.901562,0
                -89.869643,40.901561,0
                -89.869635,40.901143,0
                -89.869644,40.900884,0
                -89.869644,40.900402,0
                -89.869664,40.898703,0
                -89.86968,40.895816,0
                -89.865118,40.895798,0
                -89.865209,40.894507,0
                -89.86522,40.894456,0
                -89.865255,40.894302,0
                -89.865267,40.894252,0
                -89.86532,40.894252,0
                -89.865481,40.894252,0
                -89.865535,40.894252,0
                -89.866363,40.894251,0
                -89.867104,40.894251,0
                -89.86885,40.894269,0
                -89.869232,40.894273,0
                -89.869679,40.894264,0
                -89.869693,40.893993,0
                -89.869687,40.893581,0
                -89.869679,40.893002,0
                -89.869687,40.891532,0
                -89.869689,40.891257,0
                -89.869685,40.890849,0
                -89.869681,40.890516,0
                -89.869681,40.890046,0
                -89.869681,40.887638,0
                -89.869682,40.887439,0
                -89.869692,40.886836,0
                -89.865917,40.886854,0
                -89.854592,40.886908,0
                -89.850818,40.886927,0
                -89.850079,40.886927,0
                -89.847865,40.886928,0
                -89.847127,40.886929,0
                -89.846035,40.886937,0
                -89.842762,40.886963,0
                -89.841672,40.886973,0
                -89.841641,40.886821,0
                -89.841581,40.886527,0
                -89.841536,40.886235,0
                -89.841501,40.885868,0
                -89.841498,40.885707,0
                -89.841491,40.885172,0
                -89.841485,40.883517,0
                -89.841497,40.882936,0
                -89.841503,40.881867,0
                -89.841511,40.880587,0
                -89.841486,40.88045,0
                -89.841437,40.880317,0
                -89.841426,40.880296,0
                -89.841393,40.880231,0
                -89.841317,40.880117,0
                -89.841244,40.880034,0
                -89.841139,40.879944,0
                -89.841031,40.879874,0
                -89.840907,40.879813,0
                -89.840758,40.879757,0
                -89.840734,40.87975,0
                -89.840601,40.879714,0
                -89.840438,40.879686,0
                -89.840866,40.879689,0
                -89.842151,40.879699,0
                -89.84258,40.879703,0
                -89.842856,40.879702,0
                -89.84336,40.879711,0
                -89.843502,40.879711,0
                -89.843829,40.879714,0
                -89.844242,40.879721,0
                -89.844881,40.879725,0
                -89.845629,40.879739,0
                -89.846269,40.879739,0
                -89.846616,40.879739,0
                -89.847192,40.879748,0
                -89.847805,40.879751,0
                -89.849645,40.879761,0
                -89.849933,40.879763,0
                -89.850259,40.879763,0
                -89.850377,40.879763,0
                -89.850627,40.879763,0
                -89.850731,40.879764,0
                -89.85085,40.879766,0
                -89.850848,40.879652,0
                -89.850843,40.87931,0
                -89.850842,40.879196,0
                -89.850852,40.875745,0
                -89.850863,40.872388,0
                -89.843867,40.872373,0
                -89.840416,40.872367,0
                -89.837818,40.872362,0
                -89.832046,40.872351,0
                -89.832033,40.87437,0
                -89.832024,40.87589,0
                -89.830948,40.875838,0
                -89.83021,40.875845,0
                -89.828,40.875867,0
                -89.827263,40.875875,0
                -89.824327,40.87587,0
                -89.818323,40.875862,0
                -89.818394,40.87306,0
                -89.818416,40.872207,0
                -89.816335,40.872157,0
                -89.814977,40.872127,0
                -89.813641,40.872099,0
                -89.813664,40.869363,0
                -89.813676,40.868006,0
                -89.813678,40.867777,0
                -89.813683,40.86709,0
                -89.813686,40.866862,0
                -89.81369,40.86639,0
                -89.813701,40.864976,0
                -89.813706,40.864505,0
                -89.813713,40.863613,0
                -89.813736,40.86094,0
                -89.813745,40.860049,0
                -89.81375,40.859456,0
                -89.813765,40.857679,0
                -89.813767,40.857534,0
                -89.81332,40.857528,0
                -89.813692,40.856617,0
                -89.813762,40.856502,0
                -89.814113,40.855931,0
                -89.814715,40.854765,0
                -89.814866,40.853942,0
                -89.814952,40.853413,0
                -89.815016,40.853027,0
                -89.815137,40.852707,0
                -89.815257,40.852341,0
                -89.815769,40.851794,0
                -89.816311,40.85143,0
                -89.816943,40.851158,0
                -89.817447,40.85102,0
                -89.818691,40.850682,0
                -89.819084,40.850518,0
                -89.819835,40.850205,0
                -89.820226,40.849863,0
                -89.820377,40.849613,0
                -89.820346,40.848655,0
                -89.820256,40.848039,0
                -89.820196,40.84731,0
                -89.820105,40.846603,0
                -89.819954,40.846125,0
                -89.819924,40.845737,0
                -89.819728,40.845186,0
                -89.819714,40.845145,0
                -89.819654,40.845076,0
                -89.819564,40.844713,0
                -89.819202,40.844212,0
                -89.81872,40.843824,0
                -89.81866,40.843688,0
                -89.81854,40.843573,0
                -89.818359,40.843231,0
                -89.818359,40.843066,0
                -89.818359,40.842406,0
                -89.818389,40.842222,0
                -89.818479,40.841785,0
                -89.818389,40.841601,0
                -89.818241,40.841456,0
                -89.818178,40.841394,0
                -89.817756,40.841232,0
                -89.815618,40.84079,0
                -89.814925,40.840491,0
                -89.814534,40.840122,0
                -89.814353,40.839617,0
                -89.814262,40.839065,0
                -89.814352,40.837364,0
                -89.814412,40.837135,0
                -89.814531,40.836143,0
                -89.814533,40.836129,0
                -89.814924,40.83526,0
                -89.815706,40.834208,0
                -89.815947,40.833751,0
                -89.815947,40.832839,0
                -89.815947,40.83279,0
                -89.815736,40.832196,0
                -89.815556,40.831899,0
                -89.815526,40.831693,0
                -89.815224,40.831396,0
                -89.815187,40.831331,0
                -89.815044,40.831076,0
                -89.814773,40.830778,0
                -89.81413,40.830305,0
                -89.81384,40.830092,0
                -89.81384,40.829955,0
                -89.813328,40.829864,0
                -89.813087,40.829681,0
                -89.812726,40.829086,0
                -89.812696,40.828995,0
                -89.812605,40.828926,0
                -89.812575,40.82872,0
                -89.812274,40.828378,0
                -89.811705,40.82801,0
                -89.811461,40.827852,0
                -89.811251,40.82744,0
                -89.81116,40.826914,0
                -89.810919,40.826663,0
                -89.810709,40.826503,0
                -89.810167,40.826411,0
                -89.809264,40.82664,0
                -89.807608,40.827326,0
                -89.807217,40.827623,0
                -89.806916,40.82824,0
                -89.806254,40.829635,0
                -89.805892,40.830207,0
                -89.805471,40.830618,0
                -89.805428,40.830637,0
                -89.804959,40.830847,0
                -89.803875,40.830824,0
                -89.803062,40.830641,0
                -89.80258,40.830458,0
                -89.80246,40.830481,0
                -89.801406,40.830207,0
                -89.800717,40.829995,0
                -89.800142,40.829818,0
                -89.799148,40.829635,0
                -89.798787,40.829681,0
                -89.798306,40.829932,0
                -89.797794,40.830344,0
                -89.797161,40.830709,0
                -89.796017,40.831167,0
                -89.795732,40.83121,0
                -89.795114,40.831304,0
                -89.794663,40.831601,0
                -89.794068,40.831847,0
                -89.794065,40.830012,0
                -89.794063,40.827855,0
                -89.790718,40.827866,0
                -89.788884,40.827873,0
                -89.788817,40.827863,0
                -89.788619,40.827836,0
                -89.788553,40.827827,0
                -89.787861,40.827831,0
                -89.785786,40.827846,0
                -89.785095,40.827851,0
                -89.785182,40.827666,0
                -89.786239,40.827001,0
                -89.786934,40.82629,0
                -89.787116,40.8259,0
                -89.787121,40.825778,0
                -89.787149,40.825212,0
                -89.787031,40.824823,0
                -89.786642,40.824021,0
                -89.786555,40.82299,0
                -89.786435,40.822692,0
                -89.786256,40.822417,0
                -89.785716,40.822026,0
                -89.785027,40.821751,0
                -89.783465,40.82145,0
                -89.781604,40.821288,0
                -89.781244,40.821172,0
                -89.781087,40.821039,0
                -89.780974,40.820943,0
                -89.780974,40.820874,0
                -89.780854,40.820714,0
                -89.78083,40.820604,0
                -89.777241,40.821847,0
                -89.777264,40.821905,0
                -89.777263,40.822241,0
                -89.777264,40.822385,0
                -89.777272,40.823025,0
                -89.777258,40.823612,0
                -89.777272,40.824458,0
                -89.777273,40.824463,0
                -89.777269,40.82451,0
                -89.777243,40.824574,0
                -89.777196,40.82463,0
                -89.777132,40.824675,0
                -89.776748,40.824843,0
                -89.776387,40.824823,0
                -89.776354,40.824822,0
                -89.775304,40.824797,0
                -89.774943,40.824789,0
                -89.774902,40.824641,0
                -89.774884,40.824586,0
                -89.7748,40.824385,0
                -89.774798,40.82438,0
                -89.77469,40.824181,0
                -89.774563,40.823991,0
                -89.774415,40.823809,0
                -89.774271,40.823659,0
                -89.773988,40.823402,0
                -89.773891,40.823313,0
                -89.773804,40.823224,0
                -89.77369,40.823096,0
                -89.773643,40.823038,0
                -89.773581,40.822954,0
                -89.773516,40.822864,0
                -89.773502,40.822843,0
                -89.773394,40.822664,0
                -89.77331,40.822493,0
                -89.773295,40.822461,0
                -89.773246,40.822327,0
                -89.773219,40.822252,0
                -89.77319,40.822146,0
                -89.77316,40.821998,0
                -89.773147,40.821932,0
                -89.773129,40.821741,0
                -89.773134,40.821081,0
                -89.773139,40.820978,0
                -89.773158,40.820639,0
                -89.772025,40.820642,0
                -89.770728,40.820636,0
                -89.766192,40.820618,0
                -89.764135,40.820604,0
                -89.76344,40.820606,0
                -89.763412,40.820607,0
                -89.76171,40.820593,0
                -89.761445,40.820587,0
                -89.76127,40.820574,0
                -89.761014,40.820542,0
                -89.760837,40.820511,0
                -89.760796,40.820501,0
                -89.760584,40.820452,0
                -89.760406,40.820398,0
                -89.760219,40.820328,0
                -89.760165,40.820305,0
                -89.759962,40.820219,0
                -89.759859,40.820169,0
                -89.759621,40.82004,0
                -89.759605,40.820032,0
                -89.759364,40.819881,0
                -89.759213,40.819772,0
                -89.758999,40.819599,0
                -89.758732,40.819316,0
                -89.758469,40.819037,0
                -89.758073,40.818619,0
                -89.758025,40.818568,0
                -89.757887,40.818447,0
                -89.757741,40.818332,0
                -89.757509,40.81817,0
                -89.757263,40.818021,0
                -89.757002,40.817886,0
                -89.75691,40.817846,0
                -89.756737,40.81778,0
                -89.756607,40.817738,0
                -89.75645,40.817688,0
                -89.756187,40.81762,0
                -89.756052,40.817592,0
                -89.755941,40.81757,0
                -89.755775,40.817541,0
                -89.755084,40.817431,0
                -89.753937,40.817252,0
                -89.753561,40.817194,0
                -89.753106,40.817117,0
                -89.752887,40.817073,0
                -89.752551,40.816993,0
                -89.752178,40.816885,0
                -89.751863,40.816779,0
                -89.75157,40.816668,0
                -89.751241,40.816527,0
                -89.750941,40.81638,0
                -89.750725,40.816264,0
                -89.750477,40.816119,0
                -89.750266,40.815987,0
                -89.750032,40.815831,0
                -89.748249,40.81461,0
                -89.748194,40.814574,0
                -89.747887,40.814372,0
                -89.747738,40.814283,0
                -89.747563,40.814185,0
                -89.747228,40.814018,0
                -89.747062,40.813944,0
                -89.746733,40.813811,0
                -89.746443,40.813706,0
                -89.746272,40.81365,0
                -89.74609,40.813591,0
                -89.745625,40.813468,0
                -89.745366,40.813415,0
                -89.745121,40.813366,0
                -89.744816,40.813318,0
                -89.744502,40.813281,0
                -89.744204,40.813259,0
                -89.743787,40.813244,0
                -89.742568,40.813229,0
                -89.741632,40.813219,0
                -89.741379,40.813216,0
                -89.740625,40.81321,0
                -89.737604,40.813189,0
                -89.736598,40.813183,0
                -89.736592,40.813913,0
                -89.736587,40.814712,0
                -89.736592,40.81519,0
                -89.736613,40.815753,0
                -89.736632,40.816041,0
                -89.736638,40.816101,0
                -89.736655,40.816261,0
                -89.736684,40.81645,0
                -89.736717,40.816617,0
                -89.736772,40.816818,0
                -89.737002,40.817479,0
                -89.737275,40.81826,0
                -89.737327,40.818483,0
                -89.737362,40.8187,0
                -89.73738,40.81886,0
                -89.737392,40.819052,0
                -89.737395,40.819181,0
                -89.737385,40.819525,0
                -89.737365,40.820226,0
                -89.737343,40.82085,0
                -89.737339,40.820993,0
                -89.737332,40.821127,0
                -89.737309,40.821286,0
                -89.737269,40.821424,0
                -89.73724,40.821505,0
                -89.737178,40.821637,0
                -89.737108,40.821758,0
                -89.736718,40.82234,0
                -89.736713,40.822348,0
                -89.736634,40.822484,0
                -89.73661,40.822533,0
                -89.736572,40.822616,0
                -89.73653,40.822736,0
                -89.736504,40.822837,0
                -89.736486,40.822947,0
                -89.736476,40.823073,0
                -89.736478,40.823138,0
                -89.7365,40.823678,0
                -89.736543,40.825024,0
                -89.736605,40.826953,0
                -89.736637,40.828438,0
                -89.736609,40.828699,0
                -89.736549,40.828911,0
                -89.736501,40.82906,0
                -89.736473,40.8292,0
                -89.736495,40.829386,0
                -89.736545,40.829603,0
                -89.736599,40.829983,0
                -89.73664,40.830654,0
                -89.736671,40.831149,0
                -89.736679,40.832541,0
                -89.736681,40.832992,0
                -89.736682,40.833208,0
                -89.736696,40.834347,0
                -89.736699,40.834523,0
                -89.736703,40.834799,0
                -89.736716,40.836321,0
                -89.736717,40.836323,0
                -89.736715,40.836705,0
                -89.736723,40.838011,0
                -89.736728,40.839293,0
                -89.73673,40.840832,0
                -89.73673,40.840888,0
                -89.736742,40.841597,0
                -89.736732,40.842128,0
                -89.736725,40.842287,0
                -89.736727,40.84241,0
                -89.736726,40.842542,0
                -89.736716,40.842696,0
                -89.736691,40.844033,0
                -89.736666,40.844817,0
                -89.73666,40.845017,0
                -89.736657,40.845324,0
                -89.736567,40.848531,0
                -89.736526,40.850317,0
                -89.736504,40.851264,0
                -89.736486,40.852041,0
                -89.736453,40.853519,0
                -89.736452,40.853723,0
                -89.736437,40.854365,0
                -89.736435,40.85445,0
                -89.736418,40.855042,0
                -89.736395,40.855599,0
                -89.73637,40.856565,0
                -89.736356,40.856799,0
                -89.736336,40.856969,0
                -89.736339,40.857044,0
                -89.736106,40.857038,0
                -89.735284,40.857027,0
                -89.732169,40.856997,0
                -89.730887,40.856992,0
                -89.727283,40.856952,0
                -89.72308,40.856905,0
                -89.718983,40.85688,0
                -89.717756,40.856876,0
                -89.717025,40.856865,0
                -89.717024,40.857182,0
                -89.717027,40.857753,0
                -89.717025,40.858267,0
                -89.717031,40.858585,0
                -89.717034,40.858932,0
                -89.717033,40.859178,0
                -89.717028,40.859583,0
                -89.717036,40.859883,0
                -89.717036,40.860389,0
                -89.717023,40.862031,0
                -89.716998,40.864122,0
                -89.717016,40.865865,0
                -89.717028,40.867689,0
                -89.717017,40.868542,0
                -89.717013,40.868897,0
                -89.717019,40.869913,0
                -89.717016,40.870252,0
                -89.717023,40.870788,0
                -89.717018,40.871568,0
                -89.717006,40.871704,0
                -89.717004,40.871723,0
                -89.716996,40.87182,0
                -89.717,40.87475,0
                -89.717002,40.875009,0
                -89.717009,40.875694,0
                -89.716995,40.87872,0
                -89.717002,40.879931,0
                -89.717023,40.8814,0
                -89.717011,40.882486,0
                -89.71702,40.883231,0
                -89.717023,40.883797,0
                -89.716989,40.885244,0
                -89.716998,40.886302,0
                -89.716983,40.886567,0
                -89.716957,40.886628,0
                -89.716939,40.886651,0
                -89.716892,40.886684,0
                -89.716809,40.886728,0
                -89.71672,40.886757,0
                -89.716588,40.886714,0
                -89.716457,40.886699,0
                -89.71548,40.886696,0
                -89.713941,40.886674,0
                -89.712996,40.886661,0
                -89.711989,40.886674,0
                -89.709621,40.886674,0
                -89.708447,40.886678,0
                -89.705943,40.886669,0
                -89.705582,40.886669,0
                -89.705159,40.88667,0
                -89.703422,40.886661,0
                -89.702796,40.886663,0
                -89.702678,40.886663,0
                -89.702194,40.886667,0
                -89.701732,40.886663,0
                -89.700775,40.886655,0
                -89.698541,40.886651,0
                -89.698354,40.886651,0
                -89.697661,40.886659,0
                -89.697478,40.886655,0
                -89.697123,40.886645,0
                -89.694724,40.886658,0
                -89.693886,40.886655,0
                -89.693627,40.886653,0
                -89.692188,40.886647,0
                -89.690285,40.886645,0
                -89.689162,40.886637,0
                -89.688178,40.886641,0
                -89.685557,40.886631,0
                -89.683817,40.88662,0
                -89.682614,40.886616,0
                -89.682077,40.886613,0
                -89.679747,40.8866,0
                -89.67851,40.886604,0
                -89.678227,40.886597,0
                -89.677839,40.88659,0
                -89.67759,40.886586,0
                -89.67682,40.886581,0
                -89.676677,40.886578,0
                -89.67629,40.886571,0
                -89.676087,40.886567,0
                -89.675745,40.886566,0
                -89.675675,40.886566,0
                -89.675508,40.886569,0
                -89.674671,40.886571,0
                -89.67383,40.886566,0
                -89.673216,40.886563,0
                -89.673279,40.886789,0
                -89.673698,40.88741,0
                -89.674075,40.887748,0
                -89.674239,40.887895,0
                -89.675169,40.888611,0
                -89.676159,40.889236,0
                -89.676579,40.889582,0
                -89.676698,40.889858,0
                -89.676666,40.89032,0
                -89.676544,40.890619,0
                -89.676362,40.890826,0
                -89.67612,40.891103,0
                -89.675697,40.891403,0
                -89.675122,40.891589,0
                -89.673445,40.891827,0
                -89.673192,40.891864,0
                -89.672318,40.892229,0
                -89.671655,40.892641,0
                -89.670932,40.893167,0
                -89.669787,40.894196,0
                -89.669311,40.894659,0
                -89.668099,40.895842,0
                -89.668057,40.89592,0
                -89.667978,40.89607,0
                -89.667962,40.896165,0
                -89.667948,40.896253,0
                -89.667678,40.896495,0
                -89.667131,40.897114,0
                -89.666028,40.898368,0
                -89.665429,40.89914,0
                -89.665099,40.899692,0
                -89.664985,40.899943,0
                -89.66477,40.900422,0
                -89.664652,40.901075,0
                -89.664758,40.901076,0
                -89.6654,40.901069,0
                -89.667041,40.901053,0
                -89.667647,40.901047,0
                -89.668057,40.901044,0
                -89.668396,40.901045,0
                -89.668408,40.901322,0
                -89.6684,40.901598,0
                -89.668363,40.902431,0
                -89.668327,40.903394,0
                -89.668311,40.903979,0
                -89.668285,40.904974,0
                -89.668211,40.906781,0
                -89.668183,40.907667,0
                -89.668176,40.908083,0
                -89.668189,40.908368,0
                -89.668215,40.908653,0
                -89.668217,40.909135,0
                -89.668185,40.91075,0
                -89.66813,40.912783,0
                -89.668107,40.913653,0
                -89.668041,40.915719,0
                -89.66904,40.915723,0
                -89.669947,40.91573,0
                -89.67319,40.915757,0
                -89.675636,40.915773,0
                -89.675668,40.915773,0
                -89.677575,40.915795,0
                -89.677566,40.916277,0
                -89.677517,40.917467,0
                -89.677494,40.917917,0
                -89.677484,40.918161,0
                -89.677438,40.919401,0
                -89.6774,40.920097,0
                -89.677342,40.921643,0
                -89.677313,40.922301,0
                -89.677292,40.922951,0
                -89.677262,40.923424,0
                -89.67725,40.92385,0
                -89.677218,40.924452,0
                -89.677203,40.925057,0
                -89.677191,40.92526,0
                -89.677176,40.925518,0
                -89.677126,40.926803,0
                -89.677129,40.926952,0
                -89.677143,40.927101,0
                -89.677168,40.927249,0
                -89.677226,40.927526,0
                -89.677242,40.927618,0
                -89.67727,40.927693,0
                -89.677311,40.927792,0
                -89.677443,40.928105,0
                -89.677531,40.928312,0
                -89.677605,40.928486,0
                -89.677668,40.928637,0
                -89.677703,40.928718,0
                -89.677761,40.928863,0
                -89.677862,40.92909,0
                -89.67793,40.92924,0
                -89.677993,40.929374,0
                -89.678036,40.929466,0
                -89.678134,40.929633,0
                -89.678209,40.929741,0
                -89.678222,40.929755,0
                -89.678327,40.929861,0
                -89.678177,40.929957,0
                -89.678138,40.929983,0
                -89.678071,40.930018,0
                -89.677793,40.930202,0
                -89.677732,40.930252,0
                -89.677674,40.930302,0
                -89.677603,40.930374,0
                -89.677552,40.930477,0
                -89.677519,40.930584,0
                -89.677506,40.930694,0
                -89.677478,40.933261,0
                -89.677473,40.933832,0
                -89.677472,40.934485,0
                -89.677439,40.936879,0
                -89.677423,40.938299,0
                -89.677402,40.939781,0
                -89.677395,40.941976,0
                -89.677394,40.942319,0
                -89.677371,40.943407,0
                -89.67736,40.944401,0
                -89.677362,40.944882,0
                -89.676151,40.944869,0
                -89.673464,40.944834,0
                -89.673095,40.94483,0
                -89.666889,40.944758,0
                -89.663278,40.944727,0
                -89.662093,40.944711,0
                -89.66177,40.944709,0
                -89.660962,40.944707,0
                -89.657872,40.944674,0
                -89.657879,40.945717,0
                -89.657873,40.947399,0
                -89.657871,40.947609,0
                -89.657848,40.951883,0
                -89.657843,40.952973,0
                -89.657827,40.954053,0
                -89.657804,40.956414,0
                -89.6578,40.956908,0
                -89.657789,40.95935,0
                -89.659353,40.959337,0
                -89.660993,40.959336,0
                -89.661684,40.959333,0
                -89.663882,40.959325,0
                -89.667711,40.959335,0
                -89.672025,40.959357,0
                -89.673369,40.95938,0
                -89.67398,40.959391,0
                -89.677264,40.959437,0
                -89.677218,40.962306,0
                -89.677188,40.964238,0
                -89.677165,40.966472,0
                -89.677148,40.970465,0
                -89.677146,40.970917,0
                -89.677141,40.972575,0
                -89.677146,40.973435,0
                -89.67717,40.973609,0
                -89.677212,40.973781,0
                -89.678943,40.973782,0
                -89.67919,40.973782,0
                -89.680834,40.973789,0
                -89.682688,40.973785,0
                -89.683629,40.973777,0
                -89.685011,40.973787,0
                -89.685124,40.973785,0
                -89.685426,40.973782,0
                -89.686317,40.97378,0
                -89.686929,40.973784,0
                -89.687102,40.973785,0
                -89.687282,40.973785,0
                -89.687825,40.973786,0
                -89.687869,40.973787,0
                -89.688007,40.973787,0
                -89.689718,40.973783,0
                -89.690655,40.973782,0
                -89.693672,40.973799,0
                -89.694852,40.973799,0
                -89.694894,40.9738,0
                -89.695884,40.973806,0
                -89.696564,40.973793,0
                -89.698063,40.97381,0
                -89.698642,40.973807,0
                -89.69918,40.973805,0
                -89.701308,40.973806,0
                -89.70161,40.973813,0
                -89.703957,40.973821,0
                -89.704877,40.97382,0
                -89.706789,40.973818,0
                -89.706822,40.973819,0
                -89.706956,40.97382,0
                -89.707098,40.97382,0
                -89.707527,40.973823,0
                -89.707558,40.973824,0
                -89.70767,40.973824,0
                -89.709322,40.973828,0
                -89.712368,40.973836,0
                -89.713684,40.973834,0
                -89.71428,40.973836,0
                -89.715933,40.973845,0
                -89.715924,40.97417,0
                -89.715949,40.979235,0
                -89.715984,40.979235,0
                -89.716626,40.979045,0
                -89.718032,40.978486,0
                -89.718552,40.978204,0
                -89.71996,40.977286,0
                -89.720542,40.977117,0
                -89.721395,40.977067,0
                -89.721977,40.97738,0
                -89.723294,40.978195,0
                -89.723966,40.978463,0
                -89.725493,40.978818,0
                -89.727415,40.978884,0
                -89.727844,40.979124,0
                -89.728455,40.979368,0
                -89.728482,40.979458,0
                -89.729772,40.980169,0
                -89.730474,40.980594,0
                -89.73109,40.980904,0
                -89.733351,40.981856,0
                -89.733787,40.982281,0
                -89.734075,40.982663,0
                -89.73447,40.984485,0
                -89.734528,40.984553,0
                -89.734524,40.984665,0
                -89.73464,40.984778,0
                -89.734986,40.986286,0
                -89.735267,40.986652,0
                -89.735216,40.986689,0
                -89.735159,40.986748,0
                -89.735121,40.986811,0
                -89.735101,40.986878,0
                -89.735095,40.986954,0
                -89.735107,40.987,0
                -89.73513,40.987166,0
                -89.735146,40.98789,0
                -89.735122,40.988355,0
                -89.735111,40.988661,0
                -89.735106,40.98967,0
                -89.735086,40.990519,0
                -89.735103,40.990814,0
                -89.735123,40.993231,0
                -89.735086,40.99378,0
                -89.735092,40.99507,0
                -89.735105,40.995637,0
                -89.735096,40.997219,0
                -89.735093,40.999727,0
                -89.735064,41.002836,0
                -89.734709,41.002844,0
                -89.729795,41.002838,0
                -89.725826,41.002868,0
                -89.725166,41.002858,0
                -89.724507,41.002867,0
                -89.716627,41.002875,0
                -89.716152,41.002869,0
                -89.715925,41.002873,0
                -89.715918,41.005855,0
                -89.715919,41.008724,0
                -89.715901,41.012675,0
                -89.71586,41.014376,0
                -89.716645,41.014464,0
                -89.722676,41.014207,0
                -89.724276,41.013955,0
                -89.725816,41.013932,0
                -89.728804,41.013153,0
                -89.730283,41.01313,0
                -89.730705,41.012924,0
                -89.730675,41.012375,0
                -89.730765,41.012283,0
                -89.731339,41.012169,0
                -89.731822,41.01194,0
                -89.731961,41.012712,0
                -89.731802,41.013281,0
                -89.73239,41.014235,0
                -89.733139,41.016621,0
                -89.733465,41.016893,0
                -89.734151,41.017118,0
                -89.734388,41.01739,0
                -89.734406,41.017429,0
                -89.734693,41.017429,0
                -89.735078,41.017437,0
                -89.736429,41.017423,0
                -89.738557,41.01742,0
                -89.753454,41.01735,0
                -89.754202,41.017364,0
                -89.7542,41.017575,0
                -89.754315,41.017575,0
                -89.760898,41.017767,0
                -89.762975,41.017827,0
                -89.765098,41.017905,0
                -89.76568,41.01794,0
                -89.767917,41.018073,0
                -89.768929,41.018138,0
                -89.769325,41.018165,0
                -89.769324,41.018202,0
                -89.7694,41.018552,0
                -89.769549,41.018955,0
                -89.770452,41.020002,0
                -89.771717,41.020842,0
                -89.774067,41.021895,0
                -89.776145,41.023177,0
                -89.781599,41.025948,0
                -89.78277,41.026416,0
                -89.782795,41.026228,0
                -89.782825,41.025797,0
                -89.78282,41.025262,0
                -89.782669,41.02387,0
                -89.78267,41.023441,0
                -89.78272,41.018891,0
              </coordinates>
            </LinearRing>
          </outerBoundaryIs>
          <innerBoundaryIs>
            <LinearRing>
              <tessellate>1</tessellate>
              <coordinates>
                -89.735148,40.973872,0
                -89.735069,40.977928,0
                -89.73506,40.979433,0
                -89.735071,40.98144,0
                -89.735062,40.983017,0
                -89.735115,40.984521,0
                -89.735138,40.984734,0
                -89.735175,40.984876,0
                -89.735281,40.98544,0
                -89.735336,40.985649,0
                -89.735482,40.98591,0
                -89.735547,40.98599,0
                -89.735651,40.985881,0
                -89.735753,40.98583,0
                -89.73584,40.985803,0
                -89.735932,40.985792,0
                -89.737247,40.985818,0
                -89.738563,40.985817,0
                -89.74121,40.985797,0
                -89.742532,40.985797,0
                -89.743585,40.985803,0
                -89.743873,40.9858,0
                -89.743974,40.985784,0
                -89.744058,40.98574,0
                -89.744106,40.985672,0
                -89.744123,40.985531,0
                -89.744095,40.984958,0
                -89.744097,40.984787,0
                -89.74433,40.984794,0
                -89.744522,40.984787,0
                -89.745646,40.984806,0
                -89.748286,40.984821,0
                -89.750932,40.984816,0
                -89.753591,40.984829,0
                -89.754352,40.984846,0
                -89.75452,40.98488,0
                -89.754581,40.978267,0
                -89.754593,40.976972,0
                -89.754598,40.976613,0
                -89.754616,40.97395,0
                -89.754616,40.973939,0
                -89.753681,40.973935,0
                -89.751985,40.973929,0
                -89.751119,40.97393,0
                -89.750878,40.973926,0
                -89.750427,40.973919,0
                -89.749944,40.973913,0
                -89.74983,40.973912,0
                -89.748906,40.973907,0
                -89.747891,40.973903,0
                -89.74656,40.97391,0
                -89.745792,40.97391,0
                -89.744754,40.97391,0
                -89.742896,40.973901,0
                -89.741097,40.973894,0
                -89.737325,40.973888,0
                -89.7373,40.973888,0
                -89.735469,40.973873,0
                -89.735404,40.973872,0
                -89.735212,40.973872,0
                -89.735148,40.973872,0
              </coordinates>
            </LinearRing>
          </innerBoundaryIs>
        </Polygon>
      </Placemark>
      <Placemark>
        <name>61449</name>
        <description><![CDATA[61449<br><br>description: <br>STATEFP10: 17<br>GEOID10: 1761449<br>CLASSFP10: B5<br>MTFCC10: G6350<br>FUNCSTAT10: S<br>ALAND10: 97500441<br>AWATER10: 120259<br>INTPTLAT10: +41.0915036<br>INTPTLON10: -089.9794631<br>PARTFLG10: N]]></description>
        <styleUrl>#poly-0097A7-1200-66</styleUrl>
        <ExtendedData>
          <Data name="description">
            <value/>
          </Data>
          <Data name="STATEFP10">
            <value>17</value>
          </Data>
          <Data name="GEOID10">
            <value>1761449</value>
          </Data>
          <Data name="CLASSFP10">
            <value>B5</value>
          </Data>
          <Data name="MTFCC10">
            <value>G6350</value>
          </Data>
          <Data name="FUNCSTAT10">
            <value>S</value>
          </Data>
          <Data name="ALAND10">
            <value>97500441</value>
          </Data>
          <Data name="AWATER10">
            <value>120259</value>
          </Data>
          <Data name="INTPTLAT10">
            <value>+41.0915036</value>
          </Data>
          <Data name="INTPTLON10">
            <value>-089.9794631</value>
          </Data>
          <Data name="PARTFLG10">
            <value>N</value>
          </Data>
        </ExtendedData>
        <Polygon>
          <outerBoundaryIs>
            <LinearRing>
              <tessellate>1</tessellate>
              <coordinates>
                -89.945368,41.084133,0
                -89.937896,41.084246,0
                -89.93392,41.084323,0
                -89.927283,41.084482,0
                -89.925949,41.084493,0
                -89.925845,41.091879,0
                -89.925844,41.097627,0
                -89.925856,41.098103,0
                -89.925885,41.099231,0
                -89.925895,41.099444,0
                -89.925891,41.099661,0
                -89.925903,41.10016,0
                -89.925887,41.100227,0
                -89.925886,41.100295,0
                -89.925918,41.100371,0
                -89.925888,41.100442,0
                -89.925887,41.100513,0
                -89.925904,41.10059,0
                -89.925903,41.100946,0
                -89.925868,41.101012,0
                -89.925841,41.101929,0
                -89.925846,41.102361,0
                -89.925851,41.104299,0
                -89.925868,41.105448,0
                -89.925894,41.105612,0
                -89.925863,41.106042,0
                -89.928996,41.106377,0
                -89.930311,41.106509,0
                -89.930971,41.106535,0
                -89.931445,41.106537,0
                -89.9341,41.106473,0
                -89.940548,41.106309,0
                -89.940724,41.106305,0
                -89.941105,41.106321,0
                -89.941483,41.10636,0
                -89.941854,41.106428,0
                -89.942036,41.106467,0
                -89.942424,41.106581,0
                -89.94467,41.107464,0
                -89.944931,41.107551,0
                -89.945187,41.107621,0
                -89.945162,41.10882,0
                -89.945161,41.108967,0
                -89.945141,41.111114,0
                -89.945134,41.113426,0
                -89.943975,41.113454,0
                -89.941844,41.113524,0
                -89.937009,41.113702,0
                -89.932596,41.113851,0
                -89.926333,41.114021,0
                -89.925865,41.114021,0
                -89.924495,41.113986,0
                -89.918379,41.113804,0
                -89.918096,41.113806,0
                -89.917957,41.113831,0
                -89.917836,41.113885,0
                -89.917638,41.114038,0
                -89.917377,41.114293,0
                -89.916679,41.114831,0
                -89.916468,41.114976,0
                -89.916348,41.115034,0
                -89.916221,41.115081,0
                -89.915951,41.115144,0
                -89.91347,41.115598,0
                -89.911953,41.115895,0
                -89.91155,41.116,0
                -89.911154,41.116126,0
                -89.910882,41.116189,0
                -89.909636,41.116408,0
                -89.907545,41.116742,0
                -89.90668,41.116889,0
                -89.906693,41.117275,0
                -89.906663,41.119382,0
                -89.906642,41.121622,0
                -89.906638,41.121968,0
                -89.906623,41.123082,0
                -89.90659,41.124991,0
                -89.906553,41.127923,0
                -89.906505,41.130059,0
                -89.906494,41.131124,0
                -89.906489,41.131469,0
                -89.906456,41.133631,0
                -89.906443,41.135169,0
                -89.906432,41.136491,0
                -89.906433,41.139002,0
                -89.906413,41.141866,0
                -89.906413,41.142063,0
                -89.906419,41.144657,0
                -89.906408,41.145871,0
                -89.906411,41.146389,0
                -89.906549,41.14637,0
                -89.907752,41.14615,0
                -89.908404,41.146056,0
                -89.908688,41.146042,0
                -89.909544,41.146053,0
                -89.913336,41.14615,0
                -89.91561,41.146194,0
                -89.917037,41.146232,0
                -89.922251,41.146338,0
                -89.925085,41.146414,0
                -89.925759,41.14642,0
                -89.925754,41.149371,0
                -89.925755,41.149371,0
                -89.926171,41.149375,0
                -89.929862,41.149358,0
                -89.931084,41.149314,0
                -89.934224,41.149298,0
                -89.939257,41.149295,0
                -89.941347,41.14928,0
                -89.942728,41.149298,0
                -89.942793,41.149298,0
                -89.942866,41.1493,0
                -89.944671,41.149338,0
                -89.945204,41.149343,0
                -89.94524,41.149343,0
                -89.946459,41.149356,0
                -89.950922,41.14937,0
                -89.958049,41.149372,0
                -89.959944,41.149365,0
                -89.963648,41.149375,0
                -89.964444,41.149347,0
                -89.964682,41.149342,0
                -89.965105,41.149334,0
                -89.968088,41.149341,0
                -89.97192,41.149327,0
                -89.97406,41.149335,0
                -89.975448,41.149346,0
                -89.975598,41.149348,0
                -89.977037,41.149358,0
                -89.979597,41.149355,0
                -89.984145,41.149361,0
                -89.984522,41.149366,0
                -89.984559,41.149366,0
                -89.984557,41.147884,0
                -89.984605,41.139063,0
                -89.984611,41.135729,0
                -89.984603,41.135409,0
                -89.984596,41.134808,0
                -89.98584,41.13481,0
                -89.986213,41.134811,0
                -89.986569,41.134811,0
                -89.990879,41.134819,0
                -89.992491,41.134821,0
                -89.994255,41.134825,0
                -89.994466,41.134825,0
                -89.996332,41.134829,0
                -89.999028,41.134836,0
                -90.001934,41.134842,0
                -90.003064,41.134845,0
                -90.003801,41.134847,0
                -90.0038,41.134694,0
                -90.003799,41.134237,0
                -90.003799,41.134085,0
                -90.003795,41.132735,0
                -90.003791,41.131215,0
                -90.003791,41.13118,0
                -90.003794,41.130792,0
                -90.00381,41.128686,0
                -90.003819,41.127584,0
                -90.00382,41.127337,0
                -90.003823,41.126515,0
                -90.003833,41.124049,0
                -90.003834,41.123905,0
                -90.003837,41.123228,0
                -90.003838,41.122699,0
                -90.003845,41.121114,0
                -90.003847,41.120586,0
                -90.003812,41.119943,0
                -90.00371,41.118015,0
                -90.003676,41.117373,0
                -90.003655,41.114806,0
                -90.003636,41.112453,0
                -90.00898,41.112432,0
                -90.011547,41.112423,0
                -90.014042,41.112413,0
                -90.021527,41.112385,0
                -90.024023,41.112376,0
                -90.026995,41.11235,0
                -90.032345,41.112306,0
                -90.032548,41.108742,0
                -90.032718,41.105774,0
                -90.032738,41.104739,0
                -90.032801,41.101635,0
                -90.032822,41.100601,0
                -90.032852,41.097245,0
                -90.032944,41.087178,0
                -90.032976,41.083823,0
                -90.032985,41.082844,0
                -90.033015,41.079906,0
                -90.033025,41.078928,0
                -90.033065,41.078882,0
                -90.033253,41.078665,0
                -90.033896,41.077907,0
                -90.034117,41.077636,0
                -90.034609,41.077037,0
                -90.034893,41.076691,0
                -90.035015,41.076541,0
                -90.035563,41.075873,0
                -90.037322,41.0737,0
                -90.038388,41.072386,0
                -90.038424,41.072364,0
                -90.038454,41.072351,0
                -90.038486,41.07234,0
                -90.03853,41.07233,0
                -90.038565,41.072325,0
                -90.038599,41.072324,0
                -90.038668,41.07233,0
                -90.038708,41.072341,0
                -90.038744,41.072352,0
                -90.039598,41.072808,0
                -90.039894,41.072966,0
                -90.039957,41.072903,0
                -90.039957,41.072461,0
                -90.039957,41.072451,0
                -90.039655,41.072067,0
                -90.039655,41.071773,0
                -90.039956,41.071299,0
                -90.039998,41.071064,0
                -90.040017,41.07096,0
                -90.039896,41.070553,0
                -90.039413,41.070302,0
                -90.038325,41.069959,0
                -90.037937,41.069788,0
                -90.037752,41.069707,0
                -90.03748,41.069272,0
                -90.03748,41.069181,0
                -90.036997,41.068746,0
                -90.036634,41.068335,0
                -90.036604,41.068129,0
                -90.036544,41.067992,0
                -90.036544,41.067329,0
                -90.036605,41.066917,0
                -90.036786,41.066551,0
                -90.036786,41.0663,0
                -90.035941,41.065705,0
                -90.035367,41.065111,0
                -90.035138,41.064828,0
                -90.035126,41.064813,0
                -90.034642,41.064608,0
                -90.033614,41.064744,0
                -90.033312,41.064904,0
                -90.033163,41.065013,0
                -90.033169,41.064405,0
                -90.033186,41.062582,0
                -90.033193,41.061975,0
                -90.029671,41.061982,0
                -90.019107,41.062002,0
                -90.015586,41.06201,0
                -90.015232,41.06201,0
                -90.014169,41.062013,0
                -90.013816,41.062014,0
                -90.013817,41.061887,0
                -90.013821,41.061507,0
                -90.013823,41.061381,0
                -90.012717,41.061102,0
                -90.012356,41.060782,0
                -90.012417,41.060439,0
                -90.012811,41.060029,0
                -90.012843,41.0598,0
                -90.012693,41.059618,0
                -90.012222,41.059289,0
                -90.01194,41.059092,0
                -90.010765,41.058727,0
                -90.010766,41.058339,0
                -90.011009,41.058109,0
                -90.011674,41.058019,0
                -90.011797,41.057768,0
                -90.011646,41.057631,0
                -90.011314,41.05754,0
                -90.010561,41.057539,0
                -90.010139,41.057677,0
                -90.010019,41.057974,0
                -90.009929,41.058042,0
                -90.009899,41.058226,0
                -90.009748,41.05834,0
                -90.009447,41.058409,0
                -90.009266,41.058409,0
                -90.008395,41.057518,0
                -90.008334,41.057289,0
                -90.008607,41.057016,0
                -90.008578,41.056741,0
                -90.008338,41.056604,0
                -90.007886,41.056741,0
                -90.007343,41.056833,0
                -90.007102,41.056833,0
                -90.007012,41.05665,0
                -90.006987,41.056087,0
                -90.006984,41.056011,0
                -90.006714,41.055873,0
                -90.005961,41.055965,0
                -90.00581,41.055827,0
                -90.00527,41.055006,0
                -90.004848,41.054662,0
                -90.004191,41.054389,0
                -90.00422,41.052373,0
                -90.004232,41.052309,0
                -90.004265,41.05225,0
                -90.004308,41.052206,0
                -90.004372,41.052165,0
                -90.004449,41.052138,0
                -90.004453,41.052137,0
                -90.004531,41.052126,0
                -90.004568,41.052126,0
                -90.006309,41.052197,0
                -90.006517,41.05221,0
                -90.006807,41.052241,0
                -90.007052,41.052281,0
                -90.007878,41.052434,0
                -90.007984,41.052454,0
                -90.008416,41.052518,0
                -90.008742,41.052554,0
                -90.01153,41.052811,0
                -90.013893,41.05303,0
                -90.013916,41.051875,0
                -90.013933,41.051037,0
                -90.013985,41.04841,0
                -90.014004,41.047504,0
                -90.014003,41.047429,0
                -90.013997,41.047354,0
                -90.013985,41.047257,0
                -90.013757,41.047263,0
                -90.013073,41.047284,0
                -90.012846,41.047292,0
                -90.012371,41.047283,0
                -90.010948,41.047258,0
                -90.010474,41.04725,0
                -90.008679,41.04722,0
                -90.008634,41.04722,0
                -90.008595,41.041883,0
                -90.008582,41.040089,0
                -90.009129,41.040092,0
                -90.009631,41.040094,0
                -90.012781,41.040113,0
                -90.013831,41.04012,0
                -90.013843,41.037206,0
                -90.013844,41.037031,0
                -90.013907,41.03641,0
                -90.013933,41.035836,0
                -90.013931,41.032784,0
                -90.013941,41.029104,0
                -90.013942,41.02847,0
                -90.013951,41.025667,0
                -90.013951,41.025557,0
                -90.010216,41.025536,0
                -90.010122,41.025535,0
                -90.00873,41.025527,0
                -90.004507,41.025502,0
                -89.998635,41.025481,0
                -89.996656,41.025474,0
                -89.995237,41.025469,0
                -89.994806,41.025468,0
                -89.992937,41.025459,0
                -89.98733,41.025435,0
                -89.985461,41.025427,0
                -89.985501,41.021456,0
                -89.985642,41.003842,0
                -89.985676,41.000037,0
                -89.985367,40.995873,0
                -89.985367,40.995847,0
                -89.985258,40.995909,0
                -89.984944,40.996042,0
                -89.984414,40.9962,0
                -89.983868,40.996324,0
                -89.983312,40.996424,0
                -89.982467,40.996554,0
                -89.981993,40.996605,0
                -89.981707,40.996618,0
                -89.981489,40.996622,0
                -89.978862,40.99663,0
                -89.978104,40.996626,0
                -89.977344,40.996633,0
                -89.97639,40.99663,0
                -89.976438,40.999232,0
                -89.976409,40.99952,0
                -89.976379,40.999662,0
                -89.976285,40.99994,0
                -89.975908,41.000903,0
                -89.975793,41.001326,0
                -89.97576,41.001613,0
                -89.975776,41.002832,0
                -89.975758,41.008006,0
                -89.975758,41.010089,0
                -89.975758,41.011223,0
                -89.97576,41.011253,0
                -89.975761,41.011741,0
                -89.97575,41.012522,0
                -89.975743,41.015233,0
                -89.975732,41.015749,0
                -89.975716,41.016448,0
                -89.975791,41.017741,0
                -89.975804,41.018175,0
                -89.975746,41.022676,0
                -89.975739,41.024411,0
                -89.975725,41.025183,0
                -89.975143,41.025023,0
                -89.974504,41.024791,0
                -89.973896,41.024512,0
                -89.973328,41.024189,0
                -89.97281,41.023822,0
                -89.969339,41.021134,0
                -89.967362,41.019589,0
                -89.966835,41.019232,0
                -89.966123,41.01887,0
                -89.965922,41.018804,0
                -89.965615,41.018703,0
                -89.964943,41.018535,0
                -89.964246,41.018442,0
                -89.963538,41.01842,0
                -89.962736,41.018445,0
                -89.962787,41.018642,0
                -89.963056,41.020024,0
                -89.963117,41.021281,0
                -89.96342,41.022447,0
                -89.96345,41.023774,0
                -89.963088,41.025077,0
                -89.962605,41.025671,0
                -89.959979,41.028118,0
                -89.959617,41.028324,0
                -89.959074,41.028279,0
                -89.956386,41.027479,0
                -89.955601,41.027113,0
                -89.955299,41.026816,0
                -89.955209,41.026473,0
                -89.954876,41.026245,0
                -89.954273,41.026268,0
                -89.953669,41.026428,0
                -89.952401,41.026268,0
                -89.951646,41.026291,0
                -89.950982,41.026588,0
                -89.950499,41.027,0
                -89.949956,41.027731,0
                -89.94896,41.02812,0
                -89.948658,41.028646,0
                -89.948567,41.029263,0
                -89.948688,41.029812,0
                -89.948658,41.030247,0
                -89.948296,41.030681,0
                -89.948296,41.031093,0
                -89.948749,41.03155,0
                -89.949594,41.031916,0
                -89.949745,41.032076,0
                -89.949625,41.032922,0
                -89.949957,41.033173,0
                -89.950591,41.033402,0
                -89.950591,41.033722,0
                -89.949897,41.03427,0
                -89.949293,41.034479,0
                -89.948569,41.034504,0
                -89.947392,41.034326,0
                -89.946607,41.034398,0
                -89.945249,41.035367,0
                -89.944465,41.035621,0
                -89.944314,41.035759,0
                -89.944344,41.035943,0
                -89.945371,41.036382,0
                -89.945674,41.036635,0
                -89.945855,41.037095,0
                -89.945706,41.038359,0
                -89.945796,41.039417,0
                -89.946254,41.04079,0
                -89.946432,41.041318,0
                -89.946733,41.041818,0
                -89.948242,41.04293,0
                -89.949994,41.043905,0
                -89.950808,41.044154,0
                -89.951956,41.044309,0
                -89.9528,41.044717,0
                -89.953767,41.045375,0
                -89.955306,41.046008,0
                -89.95591,41.046348,0
                -89.956393,41.047029,0
                -89.956544,41.047462,0
                -89.956693,41.047576,0
                -89.956662,41.04769,0
                -89.957016,41.048239,0
                -89.958207,41.049336,0
                -89.958366,41.051166,0
                -89.958604,41.051441,0
                -89.95926,41.051944,0
                -89.960215,41.052492,0
                -89.961112,41.052812,0
                -89.961471,41.052812,0
                -89.962936,41.052332,0
                -89.963472,41.051989,0
                -89.965837,41.051027,0
                -89.965802,41.052072,0
                -89.965793,41.053218,0
                -89.965753,41.054936,0
                -89.965712,41.057227,0
                -89.965674,41.060682,0
                -89.965698,41.061199,0
                -89.965706,41.061753,0
                -89.965745,41.062229,0
                -89.964804,41.062226,0
                -89.956097,41.062213,0
                -89.952834,41.062189,0
                -89.951132,41.062189,0
                -89.946545,41.062174,0
                -89.945574,41.062167,0
                -89.945568,41.063591,0
                -89.945488,41.071115,0
                -89.945466,41.074948,0
                -89.945415,41.080145,0
                -89.94541,41.081329,0
                -89.945393,41.082298,0
                -89.94538,41.083589,0
                -89.945368,41.084133,0
              </coordinates>
            </LinearRing>
          </outerBoundaryIs>
        </Polygon>
      </Placemark>
      <Placemark>
        <name>61443</name>
        <description><![CDATA[61443<br><br>description: <br>STATEFP10: 17<br>GEOID10: 1761443<br>CLASSFP10: B5<br>MTFCC10: G6350<br>FUNCSTAT10: S<br>ALAND10: 252605049.000000000000000<br>AWATER10: 46642.000000000000000<br>INTPTLAT10: 41.263670900000001<br>INTPTLON10: -89.944897200000000<br>PARTFLG10: N]]></description>
        <styleUrl>#poly-0097A7-1200-66</styleUrl>
        <ExtendedData>
          <Data name="description">
            <value/>
          </Data>
          <Data name="STATEFP10">
            <value>17</value>
          </Data>
          <Data name="GEOID10">
            <value>1761443</value>
          </Data>
          <Data name="CLASSFP10">
            <value>B5</value>
          </Data>
          <Data name="MTFCC10">
            <value>G6350</value>
          </Data>
          <Data name="FUNCSTAT10">
            <value>S</value>
          </Data>
          <Data name="ALAND10">
            <value>252605049.000000000000000</value>
          </Data>
          <Data name="AWATER10">
            <value>46642.000000000000000</value>
          </Data>
          <Data name="INTPTLAT10">
            <value>41.263670900000001</value>
          </Data>
          <Data name="INTPTLON10">
            <value>-89.944897200000000</value>
          </Data>
          <Data name="PARTFLG10">
            <value>N</value>
          </Data>
        </ExtendedData>
        <Polygon>
          <outerBoundaryIs>
            <LinearRing>
              <tessellate>1</tessellate>
              <coordinates>
                -89.964808,41.17568,0
                -89.961771,41.174077,0
                -89.958566,41.174077,0
                -89.957132,41.173318,0
                -89.946081,41.178463,0
                -89.945237,41.178463,0
                -89.945153,41.192973,0
                -89.925751,41.192804,0
                -89.925751,41.189851,0
                -89.934946,41.183693,0
                -89.935536,41.181838,0
                -89.934608,41.179813,0
                -89.9325,41.17627,0
                -89.93309,41.17568,0
                -89.931403,41.174752,0
                -89.931909,41.171293,0
                -89.933765,41.172137,0
                -89.936127,41.172221,0
                -89.939417,41.171883,0
                -89.941188,41.171293,0
                -89.945237,41.171377,0
                -89.945237,41.16387,0
                -89.941273,41.163954,0
                -89.937055,41.165304,0
                -89.928113,41.170787,0
                -89.926763,41.17239,0
                -89.925835,41.175089,0
                -89.925835,41.178295,0
                -89.906602,41.178716,0
                -89.868136,41.178463,0
                -89.867967,41.193057,0
                -89.866111,41.193057,0
                -89.864424,41.191623,0
                -89.862484,41.191032,0
                -89.861556,41.190104,0
                -89.858941,41.189514,0
                -89.858941,41.207313,0
                -89.845191,41.207144,0
                -89.845022,41.21364,0
                -89.848903,41.214652,0
                -89.858772,41.214821,0
                -89.858857,41.214989,0
                -89.858772,41.229077,0
                -89.849662,41.228993,0
                -89.830091,41.228655,0
                -89.830091,41.234223,0
                -89.849577,41.234391,0
                -89.855314,41.241224,0
                -89.857507,41.243586,0
                -89.857591,41.256999,0
                -89.857169,41.272858,0
                -89.843841,41.27775,0
                -89.838021,41.280028,0
                -89.837936,41.281293,0
                -89.837683,41.300611,0
                -89.856748,41.300189,0
                -89.856663,41.313855,0
                -89.856579,41.321953,0
                -89.856748,41.328533,0
                -89.856663,41.33545,0
                -89.875981,41.335619,0
                -89.875812,41.321278,0
                -89.876487,41.32111,0
                -89.890996,41.321363,0
                -89.904915,41.321278,0
                -89.904915,41.324484,0
                -89.901541,41.324315,0
                -89.901456,41.327352,0
                -89.90036,41.327352,0
                -89.900107,41.335788,0
                -89.904915,41.335788,0
                -89.904999,41.346754,0
                -89.922461,41.346754,0
                -89.924317,41.345573,0
                -89.924823,41.343717,0
                -89.926257,41.343211,0
                -89.948527,41.343295,0
                -89.948527,41.32963,0
                -89.948865,41.329545,0
                -89.950974,41.332835,0
                -89.955782,41.333341,0
                -89.958819,41.333341,0
                -89.960168,41.332498,0
                -89.962783,41.333004,0
                -89.965652,41.333088,0
                -89.969448,41.334438,0
                -89.972737,41.335113,0
                -89.972822,41.333004,0
                -89.982945,41.332919,0
                -89.983029,41.331823,0
                -89.985475,41.333004,0
                -89.989862,41.333257,0
                -89.995176,41.335366,0
                -89.997538,41.337053,0
                -90.001419,41.34068,0
                -90.001503,41.337559,0
                -90.011288,41.337559,0
                -90.011204,41.329461,0
                -90.010951,41.322797,0
                -90.030353,41.32305,0
                -90.030859,41.2791,0
                -90.045115,41.2791,0
                -90.045199,41.282727,0
                -90.050008,41.282643,0
                -90.050514,41.242743,0
                -90.05102,41.242237,0
                -90.055491,41.242321,0
                -90.055491,41.235066,0
                -90.031365,41.234898,0
                -90.031449,41.232198,0
                -90.033052,41.230342,0
                -90.029847,41.229836,0
                -90.022508,41.229752,0
                -90.022508,41.217689,0
                -90.022592,41.207904,0
                -90.003359,41.207904,0
                -90.003527,41.193226,0
                -89.991633,41.193141,0
                -89.988343,41.197022,0
                -89.984041,41.201239,0
                -89.98421,41.185634,0
                -89.975099,41.185634,0
                -89.975099,41.171377,0
                -89.964808,41.171209,0
                -89.964808,41.17568,0
              </coordinates>
            </LinearRing>
          </outerBoundaryIs>
        </Polygon>
      </Placemark>
      <Placemark>
        <name>61479</name>
        <description><![CDATA[61479<br><br>description: <br>STATEFP10: 17<br>GEOID10: 1761479<br>CLASSFP10: B5<br>MTFCC10: G6350<br>FUNCSTAT10: S<br>ALAND10: 31106764<br>AWATER10: 0<br>INTPTLAT10: +41.0047902<br>INTPTLON10: -089.6447678<br>PARTFLG10: N]]></description>
        <styleUrl>#poly-0097A7-1200-66</styleUrl>
        <ExtendedData>
          <Data name="description">
            <value/>
          </Data>
          <Data name="STATEFP10">
            <value>17</value>
          </Data>
          <Data name="GEOID10">
            <value>1761479</value>
          </Data>
          <Data name="CLASSFP10">
            <value>B5</value>
          </Data>
          <Data name="MTFCC10">
            <value>G6350</value>
          </Data>
          <Data name="FUNCSTAT10">
            <value>S</value>
          </Data>
          <Data name="ALAND10">
            <value>31106764</value>
          </Data>
          <Data name="AWATER10">
            <value>0</value>
          </Data>
          <Data name="INTPTLAT10">
            <value>+41.0047902</value>
          </Data>
          <Data name="INTPTLON10">
            <value>-089.6447678</value>
          </Data>
          <Data name="PARTFLG10">
            <value>N</value>
          </Data>
        </ExtendedData>
        <Polygon>
          <outerBoundaryIs>
            <LinearRing>
              <tessellate>1</tessellate>
              <coordinates>
                -89.638628,41.039609,0
                -89.638628,41.037652,0
                -89.638628,41.035788,0
                -89.638612,41.032107,0
                -89.639989,41.032119,0
                -89.648268,41.032182,0
                -89.656394,41.032269,0
                -89.657936,41.032275,0
                -89.657945,41.030207,0
                -89.657944,41.029865,0
                -89.657937,41.027332,0
                -89.657944,41.022915,0
                -89.657945,41.022311,0
                -89.657969,41.020516,0
                -89.65798,41.017746,0
                -89.657233,41.017756,0
                -89.645215,41.017611,0
                -89.646497,41.014063,0
                -89.647496,41.01101,0
                -89.649494,41.005771,0
                -89.650371,41.003403,0
                -89.65041,41.003041,0
                -89.656513,41.003115,0
                -89.657958,41.003138,0
                -89.661038,41.003081,0
                -89.663752,41.003031,0
                -89.667294,41.002953,0
                -89.669425,41.002898,0
                -89.672262,41.002842,0
                -89.677097,41.002765,0
                -89.677381,41.00273,0
                -89.677381,40.998641,0
                -89.677386,40.997985,0
                -89.67736,40.99054,0
                -89.677372,40.988792,0
                -89.677372,40.988747,0
                -89.67738,40.988462,0
                -89.677372,40.988328,0
                -89.677565,40.988312,0
                -89.67797,40.988312,0
                -89.69528,40.988301,0
                -89.696647,40.988308,0
                -89.696673,40.986231,0
                -89.696673,40.986109,0
                -89.696666,40.984078,0
                -89.696697,40.98013,0
                -89.696694,40.979549,0
                -89.696679,40.979054,0
                -89.696564,40.973793,0
                -89.695884,40.973806,0
                -89.694894,40.9738,0
                -89.694852,40.973799,0
                -89.693672,40.973799,0
                -89.690655,40.973782,0
                -89.689718,40.973783,0
                -89.688007,40.973787,0
                -89.687869,40.973787,0
                -89.687825,40.973786,0
                -89.687282,40.973785,0
                -89.687102,40.973785,0
                -89.686929,40.973784,0
                -89.686317,40.97378,0
                -89.685426,40.973782,0
                -89.685124,40.973785,0
                -89.685011,40.973787,0
                -89.683629,40.973777,0
                -89.682688,40.973785,0
                -89.680834,40.973789,0
                -89.67919,40.973782,0
                -89.678943,40.973782,0
                -89.677212,40.973781,0
                -89.677083,40.973782,0
                -89.675534,40.973784,0
                -89.674007,40.973779,0
                -89.673342,40.973783,0
                -89.67302,40.973786,0
                -89.671827,40.973789,0
                -89.666603,40.97378,0
                -89.664964,40.973789,0
                -89.661732,40.973797,0
                -89.661583,40.973798,0
                -89.659863,40.973786,0
                -89.658074,40.973777,0
                -89.657863,40.973772,0
                -89.656434,40.973771,0
                -89.654877,40.97377,0
                -89.652147,40.973759,0
                -89.650719,40.973754,0
                -89.650078,40.973753,0
                -89.649276,40.973753,0
                -89.648158,40.973745,0
                -89.647519,40.973741,0
                -89.647294,40.97374,0
                -89.645752,40.973737,0
                -89.644336,40.973735,0
                -89.642848,40.973727,0
                -89.641686,40.973727,0
                -89.640454,40.973718,0
                -89.638727,40.973707,0
                -89.638724,40.975167,0
                -89.638715,40.979253,0
                -89.63871,40.981716,0
                -89.638692,40.986908,0
                -89.63868,40.988311,0
                -89.635009,40.988292,0
                -89.633891,40.988285,0
                -89.633076,40.98828,0
                -89.63296,40.98828,0
                -89.632709,40.988276,0
                -89.63229,40.98827,0
                -89.630634,40.988263,0
                -89.62982,40.98826,0
                -89.62949,40.98824,0
                -89.62757,40.98824,0
                -89.625962,40.988217,0
                -89.62257,40.98817,0
                -89.62026,40.98816,0
                -89.61741,40.98812,0
                -89.61629,40.98812,0
                -89.614388,40.9881,0
                -89.61433,40.9881,0
                -89.61053,40.98807,0
                -89.61052,40.98828,0
                -89.61052,40.988505,0
                -89.61052,40.98981,0
                -89.61052,40.99019,0
                -89.610521,40.990246,0
                -89.61052,40.991,0
                -89.61053,40.991607,0
                -89.61057,40.99396,0
                -89.610577,40.995691,0
                -89.610583,40.997053,0
                -89.610588,40.998178,0
                -89.6106,41.00086,0
                -89.610615,41.001554,0
                -89.61064,41.00268,0
                -89.61062,41.00281,0
                -89.610626,41.003743,0
                -89.61064,41.00582,0
                -89.610654,41.006938,0
                -89.610668,41.008003,0
                -89.610691,41.009856,0
                -89.61073,41.01292,0
                -89.61073,41.01432,0
                -89.61076,41.01529,0
                -89.61076,41.015416,0
                -89.61077,41.01691,0
                -89.61078,41.01727,0
                -89.610799,41.018336,0
                -89.61083,41.02002,0
                -89.610839,41.021536,0
                -89.610847,41.022603,0
                -89.610858,41.02446,0
                -89.61086,41.02464,0
                -89.610956,41.030032,0
                -89.61099,41.03189,0
                -89.611972,41.031896,0
                -89.614918,41.031916,0
                -89.61542,41.03192,0
                -89.6159,41.03193,0
                -89.61631,41.03193,0
                -89.61714,41.03194,0
                -89.618722,41.031947,0
                -89.61923,41.03195,0
                -89.62106,41.03195,0
                -89.62312,41.03196,0
                -89.62602,41.03199,0
                -89.62712,41.03199,0
                -89.627188,41.03199,0
                -89.62867,41.03201,0
                -89.63001,41.03202,0
                -89.63002,41.03306,0
                -89.630023,41.03327,0
                -89.630039,41.034376,0
                -89.63004,41.03441,0
                -89.63003,41.03577,0
                -89.63004,41.03637,0
                -89.63005,41.03713,0
                -89.630069,41.037694,0
                -89.63008,41.038,0
                -89.63007,41.0388,0
                -89.63007,41.038962,0
                -89.63007,41.03945,0
                -89.63007,41.03955,0
                -89.630071,41.039613,0
                -89.630084,41.041016,0
                -89.63009,41.04162,0
                -89.63012,41.04517,0
                -89.63012,41.045226,0
                -89.63014,41.04663,0
                -89.630148,41.047037,0
                -89.630173,41.04826,0
                -89.630182,41.048668,0
                -89.6302,41.04952,0
                -89.630212,41.049838,0
                -89.63023,41.05029,0
                -89.63024,41.05153,0
                -89.63027,41.05289,0
                -89.630274,41.053351,0
                -89.63028,41.05402,0
                -89.630293,41.054523,0
                -89.63031,41.05517,0
                -89.63032,41.05553,0
                -89.63032,41.05578,0
                -89.63032,41.055878,0
                -89.63032,41.05657,0
                -89.63037,41.05789,0
                -89.630388,41.059944,0
                -89.63039,41.06009,0
                -89.63042,41.0613,0
                -89.630423,41.061396,0
                -89.630432,41.061687,0
                -89.630435,41.061784,0
                -89.63046,41.06261,0
                -89.63047,41.06362,0
                -89.630477,41.063953,0
                -89.63048,41.06409,0
                -89.63048,41.064688,0
                -89.63048,41.06521,0
                -89.63051,41.06709,0
                -89.6305,41.06791,0
                -89.63045,41.06834,0
                -89.63038,41.06877,0
                -89.63021,41.06928,0
                -89.629847,41.070229,0
                -89.62945,41.07127,0
                -89.62899,41.07238,0
                -89.62874,41.07302,0
                -89.628713,41.073084,0
                -89.62848,41.07366,0
                -89.62833,41.07409,0
                -89.62828,41.07436,0
                -89.62832,41.07467,0
                -89.62845,41.075,0
                -89.62867,41.07527,0
                -89.62887,41.07543,0
                -89.62911,41.07558,0
                -89.629419,41.075666,0
                -89.62968,41.07574,0
                -89.63017,41.0758,0
                -89.630368,41.0758,0
                -89.63069,41.0758,0
                -89.630865,41.0758,0
                -89.631392,41.0758,0
                -89.631568,41.0758,0
                -89.631832,41.073046,0
                -89.632168,41.069559,0
                -89.632376,41.06739,0
                -89.63255,41.064778,0
                -89.632607,41.063918,0
                -89.632734,41.062018,0
                -89.632744,41.061878,0
                -89.632775,41.061459,0
                -89.632777,41.06144,0
                -89.632789,41.06132,0
                -89.63455,41.06133,0
                -89.636,41.06135,0
                -89.6372,41.06136,0
                -89.637757,41.06136,0
                -89.63784,41.061359,0
                -89.638565,41.06135,0
                -89.638565,41.060543,0
                -89.63858,41.053988,0
                -89.6386,41.047804,0
                -89.6386,41.046707,0
                -89.638624,41.040414,0
                -89.638628,41.039609,0
              </coordinates>
            </LinearRing>
          </outerBoundaryIs>
        </Polygon>
      </Placemark>
    </Folder>
    <Folder>
      <name>Community College Districts</name>
      <Placemark>
        <name>Illinois Central College</name>
        <description><![CDATA[Illinois Central College<br><br>description: <br>pkuid: 2]]></description>
        <styleUrl>#poly-C2185B-1200-51</styleUrl>
        <ExtendedData>
          <Data name="description">
            <value/>
          </Data>
          <Data name="pkuid">
            <value>2</value>
          </Data>
        </ExtendedData>
        <Polygon>
          <outerBoundaryIs>
            <LinearRing>
              <tessellate>1</tessellate>
              <coordinates>
                -89.762857,41.234095,0
                -89.763089,41.198775,0
                -89.772742,41.198735,0
                -89.772782,41.184325,0
                -89.774572,41.18445,0
                -89.774572,41.177665,0
                -89.782634,41.177607,0
                -89.78282,41.13452,0
                -89.754419,41.13469,0
                -89.754367,41.141224,0
                -89.73503,41.14129,0
                -89.73556,41.13399,0
                -89.7405,41.134023,0
                -89.740471,41.130862,0
                -89.725914,41.13092,0
                -89.725885,41.126918,0
                -89.70592,41.12695,0
                -89.70599,41.12004,0
                -89.70624,41.11903,0
                -89.70629,41.11238,0
                -89.668179,41.112361,0
                -89.668179,41.103024,0
                -89.677168,41.103198,0
                -89.677168,41.101458,0
                -89.668179,41.101458,0
                -89.668208,41.090497,0
                -89.663568,41.090584,0
                -89.663626,41.08374,0
                -89.669194,41.08374,0
                -89.669194,41.076085,0
                -89.639656,41.075829,0
                -89.638538,41.233753,0
                -89.762857,41.234095,0
              </coordinates>
            </LinearRing>
          </outerBoundaryIs>
        </Polygon>
      </Placemark>
      <Placemark>
        <name>Black Hawk College</name>
        <description><![CDATA[Black Hawk College<br><br>description: <br>pkuid: 3]]></description>
        <styleUrl>#poly-C2185B-1200-51</styleUrl>
        <ExtendedData>
          <Data name="description">
            <value/>
          </Data>
          <Data name="pkuid">
            <value>3</value>
          </Data>
        </ExtendedData>
        <Polygon>
          <outerBoundaryIs>
            <LinearRing>
              <tessellate>1</tessellate>
              <coordinates>
                -89.985915,40.98945,0
                -89.965843,40.989381,0
                -89.965785,40.978652,0
                -89.971179,40.978652,0
                -89.971179,40.974592,0
                -89.638372,40.973722,0
                -89.638402,40.988348,0
                -89.63972,41.002973,0
                -89.639656,41.075829,0
                -89.669194,41.076085,0
                -89.669194,41.08374,0
                -89.663626,41.08374,0
                -89.663568,41.090584,0
                -89.668208,41.090497,0
                -89.668179,41.101458,0
                -89.677168,41.101458,0
                -89.677168,41.103198,0
                -89.668179,41.103024,0
                -89.668179,41.112361,0
                -89.70629,41.11238,0
                -89.70624,41.11903,0
                -89.70599,41.12021,0
                -89.70592,41.12695,0
                -89.725885,41.126918,0
                -89.725914,41.13092,0
                -89.740471,41.130862,0
                -89.7405,41.134023,0
                -89.73502,41.13395,0
                -89.73503,41.14129,0
                -89.754367,41.141224,0
                -89.754419,41.13469,0
                -89.78282,41.13452,0
                -89.782634,41.177607,0
                -89.774572,41.177665,0
                -89.774572,41.18445,0
                -89.772782,41.184325,0
                -89.772742,41.198735,0
                -89.763089,41.198775,0
                -89.762857,41.234095,0
                -89.81073,41.23433,0
                -89.8136331,41.2343398,0
                -89.8166004,41.2343071,0
                -89.8194055,41.2343675,0
                -89.8219928,41.2343561,0
                -89.8272046,41.2343703,0
                -89.8321301,41.2343578,0
                -89.8423727,41.234387,0
                -89.848635,41.234352,0
                -89.867718,41.234455,0
                -89.867793,41.2291085,0
                -89.8678268,41.22696,0
                -89.8678035,41.2249509,0
                -89.8679195,41.2221906,0
                -89.8679961,41.214953,0
                -89.8684531,41.2015721,0
                -89.8684,41.193108,0
                -89.868649,41.149571,0
                -89.985287,41.149434,0
                -89.985915,40.98945,0
              </coordinates>
            </LinearRing>
          </outerBoundaryIs>
        </Polygon>
      </Placemark>
      <Placemark>
        <name>Carl Sandburg</name>
        <description><![CDATA[Carl Sandburg<br><br>description: <br>pkuid: 4]]></description>
        <styleUrl>#poly-C2185B-1200-51</styleUrl>
        <ExtendedData>
          <Data name="description">
            <value/>
          </Data>
          <Data name="pkuid">
            <value>4</value>
          </Data>
        </ExtendedData>
        <Polygon>
          <outerBoundaryIs>
            <LinearRing>
              <tessellate>1</tessellate>
              <coordinates>
                -89.985915,40.98945,0
                -89.985924,40.974638,0
                -89.971179,40.974592,0
                -89.971179,40.978652,0
                -89.965785,40.978652,0
                -89.965843,40.989381,0
                -89.985915,40.98945,0
              </coordinates>
            </LinearRing>
          </outerBoundaryIs>
        </Polygon>
      </Placemark>
    </Folder>
    <Folder>
      <name>Park Districts</name>
      <Placemark>
        <name>LaFayette Park District</name>
        <description><![CDATA[LaFayette Park District<br><br>pkuid: 6<br>Fire Department: LaFayette Fire<br>Ambulance: ]]></description>
        <styleUrl>#poly-0288D1-1200-76</styleUrl>
        <ExtendedData>
          <Data name="pkuid">
            <value>6</value>
          </Data>
          <Data name="Fire Department">
            <value>LaFayette Fire</value>
          </Data>
          <Data name="Ambulance">
            <value/>
          </Data>
        </ExtendedData>
        <Polygon>
          <outerBoundaryIs>
            <LinearRing>
              <tessellate>1</tessellate>
              <coordinates>
                -89.985641,41.026179,0
                -89.936229,41.026295,0
                -89.935533,41.09879,0
                -89.925906,41.099022,0
                -89.925906,41.106794,0
                -89.915118,41.106678,0
                -89.915118,41.120945,0
                -89.906419,41.120829,0
                -89.906071,41.149363,0
                -89.970562,41.149247,0
                -89.970562,41.142171,0
                -89.975666,41.142171,0
                -89.97555,41.149247,0
                -89.984945,41.149247,0
                -89.985641,41.026179,0
              </coordinates>
            </LinearRing>
          </outerBoundaryIs>
        </Polygon>
      </Placemark>
      <Placemark>
        <name>Bradford Park District</name>
        <description><![CDATA[Bradford Park District<br><br>pkuid: <br>Fire Department: <br>Ambulance: ]]></description>
        <styleUrl>#poly-0288D1-1200-76</styleUrl>
        <ExtendedData>
          <Data name="pkuid">
            <value/>
          </Data>
          <Data name="Fire Department">
            <value/>
          </Data>
          <Data name="Ambulance">
            <value/>
          </Data>
        </ExtendedData>
        <Polygon>
          <outerBoundaryIs>
            <LinearRing>
              <tessellate>1</tessellate>
              <coordinates>
                -89.665391,41.173816,0
                -89.667555,41.171795,0
                -89.667384,41.171411,0
                -89.667734,41.171096,0
                -89.664889,41.171985,0
                -89.6649385,41.1737764,0
                -89.663559,41.173763,0
                -89.663172,41.173879,0
                -89.6631789,41.1731949,0
                -89.663201,41.172895,0
                -89.6625137,41.172888,0
                -89.660265,41.172915,0
                -89.660237,41.171663,0
                -89.659821,41.171658,0
                -89.659867,41.173047,0
                -89.659338,41.1730334,0
                -89.6590805,41.1730496,0
                -89.658553,41.173014,0
                -89.6585655,41.1719189,0
                -89.6585655,41.1701745,0
                -89.6577287,41.1701099,0
                -89.657755,41.172868,0
                -89.65726,41.172973,0
                -89.657144,41.174327,0
                -89.6569133,41.1742933,0
                -89.653154,41.174404,0
                -89.653134,41.175456,0
                -89.6518922,41.175553,0
                -89.6519351,41.1759245,0
                -89.6516132,41.1759084,0
                -89.6516562,41.1754561,0
                -89.650251,41.17547,0
                -89.65028,41.175164,0
                -89.6482444,41.1753753,0
                -89.648164,41.178903,0
                -89.652255,41.178794,0
                -89.652248,41.178203,0
                -89.654226,41.178162,0
                -89.654246,41.178672,0
                -89.656284,41.178702,0
                -89.6564198,41.1847747,0
                -89.659726,41.1847093,0
                -89.659784,41.182995,0
                -89.6600676,41.1819324,0
                -89.6606898,41.1812541,0
                -89.6612692,41.1796876,0
                -89.662506,41.179573,0
                -89.662501,41.178105,0
                -89.663843,41.178081,0
                -89.66384,41.177421,0
                -89.6673203,41.1774427,0
                -89.667268,41.175501,0
                -89.665668,41.1755369,0
                -89.6646595,41.1754884,0
                -89.663987,41.175512,0
                -89.663988,41.175217,0
                -89.66593,41.173816,0
                -89.665391,41.173816,0
              </coordinates>
            </LinearRing>
          </outerBoundaryIs>
        </Polygon>
      </Placemark>
    </Folder>
    <Folder>
      <name><![CDATA[City & Villages]]></name>
      <Placemark>
        <name>Wyoming</name>
        <description><![CDATA[description: <br>STATEFP10: 17<br>PLACEFP10: 83687<br>PLACENS10: 02397387<br>GEOID10: 1783687<br>NAME10: Wyoming<br>NAMELSAD10: Wyoming city<br>LSAD10: 25<br>CLASSFP10: C1<br>PCICBSA10: N<br>PCINECTA10: N<br>MTFCC10: G4110<br>FUNCSTAT10: A<br>ALAND10: 2179925<br>AWATER10: 0<br>INTPTLAT10: +41.0636820<br>INTPTLON10: -089.7729308]]></description>
        <styleUrl>#poly-880E4F-1201-76</styleUrl>
        <ExtendedData>
          <Data name="description">
            <value/>
          </Data>
          <Data name="STATEFP10">
            <value>17</value>
          </Data>
          <Data name="PLACEFP10">
            <value>83687</value>
          </Data>
          <Data name="PLACENS10">
            <value>02397387</value>
          </Data>
          <Data name="GEOID10">
            <value>1783687</value>
          </Data>
          <Data name="NAME10">
            <value>Wyoming</value>
          </Data>
          <Data name="NAMELSAD10">
            <value>Wyoming city</value>
          </Data>
          <Data name="LSAD10">
            <value>25</value>
          </Data>
          <Data name="CLASSFP10">
            <value>C1</value>
          </Data>
          <Data name="PCICBSA10">
            <value>N</value>
          </Data>
          <Data name="PCINECTA10">
            <value>N</value>
          </Data>
          <Data name="MTFCC10">
            <value>G4110</value>
          </Data>
          <Data name="FUNCSTAT10">
            <value>A</value>
          </Data>
          <Data name="ALAND10">
            <value>2179925</value>
          </Data>
          <Data name="AWATER10">
            <value>0</value>
          </Data>
          <Data name="INTPTLAT10">
            <value>+41.0636820</value>
          </Data>
          <Data name="INTPTLON10">
            <value>-089.7729308</value>
          </Data>
        </ExtendedData>
        <Polygon>
          <outerBoundaryIs>
            <LinearRing>
              <tessellate>1</tessellate>
              <coordinates>
                -89.775201,41.055865,0
                -89.776196,41.055946,0
                -89.776237,41.054898,0
                -89.774923,41.0548,0
                -89.774263,41.054796,0
                -89.773899,41.054727,0
                -89.773857,41.054725,0
                -89.773866,41.053112,0
                -89.773577,41.053067,0
                -89.773085,41.053044,0
                -89.773085,41.053367,0
                -89.773085,41.054714,0
                -89.768317,41.05466,0
                -89.766665,41.054647,0
                -89.764223,41.054655,0
                -89.765529,41.056536,0
                -89.76632,41.057461,0
                -89.766571,41.057892,0
                -89.766763,41.058208,0
                -89.766905,41.059498,0
                -89.767586,41.059494,0
                -89.76803,41.061358,0
                -89.76807,41.06143,0
                -89.767776,41.061454,0
                -89.765879,41.06144,0
                -89.764358,41.061424,0
                -89.764359,41.061563,0
                -89.764385,41.063141,0
                -89.765889,41.063147,0
                -89.76612,41.06327,0
                -89.766066,41.06594,0
                -89.766074,41.066228,0
                -89.76721,41.066236,0
                -89.767202,41.066661,0
                -89.7678,41.066653,0
                -89.767801,41.06681,0
                -89.767803,41.067113,0
                -89.766516,41.067101,0
                -89.766539,41.06803,0
                -89.766552,41.070407,0
                -89.766748,41.07025,0
                -89.767202,41.069895,0
                -89.767278,41.069935,0
                -89.767352,41.069956,0
                -89.767855,41.069947,0
                -89.768397,41.069937,0
                -89.768477,41.072511,0
                -89.768692,41.072528,0
                -89.768665,41.075818,0
                -89.768472,41.07608,0
                -89.768806,41.076081,0
                -89.769474,41.076085,0
                -89.770147,41.07608,0
                -89.770313,41.076081,0
                -89.77031,41.076318,0
                -89.770319,41.076818,0
                -89.77032,41.076914,0
                -89.770756,41.076904,0
                -89.771154,41.076904,0
                -89.771174,41.076637,0
                -89.771791,41.076661,0
                -89.772459,41.076666,0
                -89.772999,41.076661,0
                -89.772961,41.076139,0
                -89.773192,41.076158,0
                -89.773213,41.075964,0
                -89.77321,41.074244,0
                -89.773232,41.074118,0
                -89.773216,41.073744,0
                -89.773227,41.072584,0
                -89.773237,41.071299,0
                -89.77324,41.070449,0
                -89.77384,41.07047,0
                -89.773682,41.06992,0
                -89.773886,41.069794,0
                -89.77397,41.069734,0
                -89.77397,41.069516,0
                -89.774513,41.069521,0
                -89.774489,41.06884,0
                -89.77466,41.068835,0
                -89.774681,41.06895,0
                -89.777892,41.068927,0
                -89.781505,41.068947,0
                -89.781344,41.068289,0
                -89.78112,41.06781,0
                -89.780364,41.067147,0
                -89.780123,41.066758,0
                -89.780128,41.066508,0
                -89.779943,41.066496,0
                -89.778015,41.06551,0
                -89.777775,41.065398,0
                -89.775862,41.064412,0
                -89.775655,41.064461,0
                -89.775604,41.064092,0
                -89.775574,41.064026,0
                -89.77553,41.063965,0
                -89.775617,41.063742,0
                -89.776367,41.063753,0
                -89.777362,41.063761,0
                -89.777385,41.064062,0
                -89.776768,41.064105,0
                -89.776792,41.064515,0
                -89.77793,41.065064,0
                -89.778936,41.065552,0
                -89.779325,41.065719,0
                -89.779367,41.064973,0
                -89.779443,41.064634,0
                -89.779399,41.064263,0
                -89.77952,41.061809,0
                -89.780392,41.061798,0
                -89.781242,41.061786,0
                -89.782358,41.061771,0
                -89.783657,41.061749,0
                -89.784186,41.061741,0
                -89.784197,41.061223,0
                -89.784207,41.061009,0
                -89.784402,41.060941,0
                -89.78438,41.058766,0
                -89.782666,41.058746,0
                -89.782712,41.058299,0
                -89.782661,41.058294,0
                -89.782662,41.058248,0
                -89.782659,41.057454,0
                -89.780821,41.057398,0
                -89.78079,41.058364,0
                -89.779335,41.058356,0
                -89.777088,41.058344,0
                -89.777053,41.057819,0
                -89.776587,41.057787,0
                -89.776505,41.057301,0
                -89.774765,41.057346,0
                -89.774618,41.05734,0
                -89.774512,41.057335,0
                -89.774573,41.056778,0
                -89.773484,41.056672,0
                -89.773515,41.056266,0
                -89.774731,41.056385,0
                -89.774807,41.055834,0
                -89.775201,41.055865,0
              </coordinates>
            </LinearRing>
          </outerBoundaryIs>
        </Polygon>
      </Placemark>
      <Placemark>
        <name>LaFayette</name>
        <description><![CDATA[description: <br>STATEFP10: 17<br>PLACEFP10: 40676<br>PLACENS10: 02398364<br>GEOID10: 1740676<br>NAME10: LaFayette<br>NAMELSAD10: La Fayette village<br>LSAD10: 47<br>CLASSFP10: C1<br>PCICBSA10: N<br>PCINECTA10: N<br>MTFCC10: G4110<br>FUNCSTAT10: A<br>ALAND10: 489066<br>AWATER10: 0<br>INTPTLAT10: +41.1096063<br>INTPTLON10: -089.9735218]]></description>
        <styleUrl>#poly-880E4F-1201-76</styleUrl>
        <ExtendedData>
          <Data name="description">
            <value/>
          </Data>
          <Data name="STATEFP10">
            <value>17</value>
          </Data>
          <Data name="PLACEFP10">
            <value>40676</value>
          </Data>
          <Data name="PLACENS10">
            <value>02398364</value>
          </Data>
          <Data name="GEOID10">
            <value>1740676</value>
          </Data>
          <Data name="NAME10">
            <value>LaFayette</value>
          </Data>
          <Data name="NAMELSAD10">
            <value>La Fayette village</value>
          </Data>
          <Data name="LSAD10">
            <value>47</value>
          </Data>
          <Data name="CLASSFP10">
            <value>C1</value>
          </Data>
          <Data name="PCICBSA10">
            <value>N</value>
          </Data>
          <Data name="PCINECTA10">
            <value>N</value>
          </Data>
          <Data name="MTFCC10">
            <value>G4110</value>
          </Data>
          <Data name="FUNCSTAT10">
            <value>A</value>
          </Data>
          <Data name="ALAND10">
            <value>489066</value>
          </Data>
          <Data name="AWATER10">
            <value>0</value>
          </Data>
          <Data name="INTPTLAT10">
            <value>+41.1096063</value>
          </Data>
          <Data name="INTPTLON10">
            <value>-089.9735218</value>
          </Data>
        </ExtendedData>
        <Polygon>
          <outerBoundaryIs>
            <LinearRing>
              <tessellate>1</tessellate>
              <coordinates>
                -89.977242,41.112373,0
                -89.977076,41.111596,0
                -89.977093,41.111582,0
                -89.977127,41.111514,0
                -89.977137,41.111406,0
                -89.97714,41.111371,0
                -89.977128,41.110881,0
                -89.977122,41.110703,0
                -89.977115,41.109875,0
                -89.977107,41.109159,0
                -89.977114,41.108869,0
                -89.977121,41.108585,0
                -89.977118,41.108077,0
                -89.977127,41.107841,0
                -89.977153,41.107409,0
                -89.97715,41.107266,0
                -89.977112,41.1072,0
                -89.977161,41.106105,0
                -89.974159,41.106092,0
                -89.96981,41.10599,0
                -89.969817,41.106532,0
                -89.969815,41.107091,0
                -89.969816,41.107349,0
                -89.968983,41.107339,0
                -89.969014,41.108006,0
                -89.96984,41.108022,0
                -89.969848,41.108926,0
                -89.969851,41.109823,0
                -89.969853,41.110606,0
                -89.969849,41.110753,0
                -89.969852,41.111643,0
                -89.969845,41.112323,0
                -89.969849,41.112537,0
                -89.969845,41.112645,0
                -89.969819,41.112747,0
                -89.969782,41.112835,0
                -89.970073,41.112904,0
                -89.974191,41.112868,0
                -89.974101,41.113404,0
                -89.974093,41.113583,0
                -89.977298,41.11351,0
                -89.977245,41.112438,0
                -89.977242,41.112373,0
              </coordinates>
            </LinearRing>
          </outerBoundaryIs>
        </Polygon>
      </Placemark>
      <Placemark>
        <name>Bradford</name>
        <description><![CDATA[description: <br>STATEFP10: 17<br>PLACEFP10: 07692<br>PLACENS10: 02398162<br>GEOID10: 1707692<br>NAME10: Bradford<br>NAMELSAD10: Bradford village<br>LSAD10: 47<br>CLASSFP10: C1<br>PCICBSA10: N<br>PCINECTA10: N<br>MTFCC10: G4110<br>FUNCSTAT10: A<br>ALAND10: 1031730<br>AWATER10: 0<br>INTPTLAT10: +41.1771814<br>INTPTLON10: -089.6582128]]></description>
        <styleUrl>#poly-880E4F-1201-76</styleUrl>
        <ExtendedData>
          <Data name="description">
            <value/>
          </Data>
          <Data name="STATEFP10">
            <value>17</value>
          </Data>
          <Data name="PLACEFP10">
            <value>07692</value>
          </Data>
          <Data name="PLACENS10">
            <value>02398162</value>
          </Data>
          <Data name="GEOID10">
            <value>1707692</value>
          </Data>
          <Data name="NAME10">
            <value>Bradford</value>
          </Data>
          <Data name="NAMELSAD10">
            <value>Bradford village</value>
          </Data>
          <Data name="LSAD10">
            <value>47</value>
          </Data>
          <Data name="CLASSFP10">
            <value>C1</value>
          </Data>
          <Data name="PCICBSA10">
            <value>N</value>
          </Data>
          <Data name="PCINECTA10">
            <value>N</value>
          </Data>
          <Data name="MTFCC10">
            <value>G4110</value>
          </Data>
          <Data name="FUNCSTAT10">
            <value>A</value>
          </Data>
          <Data name="ALAND10">
            <value>1031730</value>
          </Data>
          <Data name="AWATER10">
            <value>0</value>
          </Data>
          <Data name="INTPTLAT10">
            <value>+41.1771814</value>
          </Data>
          <Data name="INTPTLON10">
            <value>-089.6582128</value>
          </Data>
        </ExtendedData>
        <Polygon>
          <outerBoundaryIs>
            <LinearRing>
              <tessellate>1</tessellate>
              <coordinates>
                -89.667336,41.171136,0
                -89.667206,41.17115,0
                -89.664889,41.171985,0
                -89.66505,41.173515,0
                -89.664766,41.17377,0
                -89.663559,41.173763,0
                -89.6636,41.173852,0
                -89.663172,41.173879,0
                -89.663203,41.173404,0
                -89.663201,41.172895,0
                -89.662541,41.172895,0
                -89.660265,41.172915,0
                -89.660251,41.171898,0
                -89.660237,41.171663,0
                -89.659821,41.171658,0
                -89.659832,41.171988,0
                -89.659867,41.173047,0
                -89.658553,41.173014,0
                -89.65859,41.172788,0
                -89.658401,41.172649,0
                -89.658401,41.172564,0
                -89.65841,41.170117,0
                -89.657717,41.170054,0
                -89.657754,41.172746,0
                -89.657755,41.172868,0
                -89.657508,41.172924,0
                -89.65726,41.172973,0
                -89.657271,41.173422,0
                -89.657144,41.174327,0
                -89.654534,41.174377,0
                -89.653315,41.174401,0
                -89.653154,41.174404,0
                -89.653134,41.175456,0
                -89.650251,41.17547,0
                -89.65028,41.175164,0
                -89.648237,41.175271,0
                -89.648153,41.177504,0
                -89.648108,41.177916,0
                -89.648124,41.178425,0
                -89.648164,41.178903,0
                -89.650195,41.178854,0
                -89.652255,41.178794,0
                -89.652247,41.178508,0
                -89.652248,41.178203,0
                -89.654226,41.178162,0
                -89.654246,41.178672,0
                -89.656284,41.178702,0
                -89.656316,41.182886,0
                -89.656328,41.184687,0
                -89.657826,41.184686,0
                -89.658014,41.184683,0
                -89.658207,41.184672,0
                -89.658775,41.184651,0
                -89.659006,41.184653,0
                -89.659323,41.184649,0
                -89.659525,41.184642,0
                -89.659726,41.184564,0
                -89.659784,41.182995,0
                -89.659252,41.182951,0
                -89.659244,41.182836,0
                -89.659835,41.18283,0
                -89.660622,41.181108,0
                -89.661306,41.179624,0
                -89.66139,41.179621,0
                -89.661672,41.17962,0
                -89.661812,41.179611,0
                -89.661961,41.17959,0
                -89.662023,41.179589,0
                -89.662506,41.179573,0
                -89.662501,41.178105,0
                -89.663843,41.178081,0
                -89.66384,41.177421,0
                -89.666565,41.17741,0
                -89.667267,41.177408,0
                -89.667268,41.175501,0
                -89.666532,41.175493,0
                -89.663987,41.175512,0
                -89.663988,41.175217,0
                -89.663835,41.175219,0
                -89.664024,41.175122,0
                -89.664143,41.175069,0
                -89.664254,41.174994,0
                -89.664395,41.174845,0
                -89.664812,41.174693,0
                -89.66593,41.173816,0
                -89.665391,41.173816,0
                -89.667555,41.171795,0
                -89.667384,41.171411,0
                -89.667734,41.171096,0
                -89.667336,41.171136,0
              </coordinates>
            </LinearRing>
          </outerBoundaryIs>
        </Polygon>
      </Placemark>
      <Placemark>
        <name>Toulon Ward 2</name>
        <description><![CDATA[description: <br>STATEFP10: <br>PLACEFP10: <br>PLACENS10: <br>GEOID10: <br>NAME10: <br>NAMELSAD10: <br>LSAD10: <br>CLASSFP10: <br>PCICBSA10: <br>PCINECTA10: <br>MTFCC10: <br>FUNCSTAT10: <br>ALAND10: <br>AWATER10: <br>INTPTLAT10: <br>INTPTLON10: ]]></description>
        <styleUrl>#poly-880E4F-1201-76</styleUrl>
        <ExtendedData>
          <Data name="description">
            <value/>
          </Data>
          <Data name="STATEFP10">
            <value/>
          </Data>
          <Data name="PLACEFP10">
            <value/>
          </Data>
          <Data name="PLACENS10">
            <value/>
          </Data>
          <Data name="GEOID10">
            <value/>
          </Data>
          <Data name="NAME10">
            <value/>
          </Data>
          <Data name="NAMELSAD10">
            <value/>
          </Data>
          <Data name="LSAD10">
            <value/>
          </Data>
          <Data name="CLASSFP10">
            <value/>
          </Data>
          <Data name="PCICBSA10">
            <value/>
          </Data>
          <Data name="PCINECTA10">
            <value/>
          </Data>
          <Data name="MTFCC10">
            <value/>
          </Data>
          <Data name="FUNCSTAT10">
            <value/>
          </Data>
          <Data name="ALAND10">
            <value/>
          </Data>
          <Data name="AWATER10">
            <value/>
          </Data>
          <Data name="INTPTLAT10">
            <value/>
          </Data>
          <Data name="INTPTLON10">
            <value/>
          </Data>
        </ExtendedData>
        <Polygon>
          <outerBoundaryIs>
            <LinearRing>
              <tessellate>1</tessellate>
              <coordinates>
                -89.8658681,41.0992755,0
                -89.8658681,41.0939554,0
                -89.8671985,41.0939554,0
                -89.8670268,41.0864838,0
                -89.864183,41.086476,0
                -89.8637009,41.0838152,0
                -89.863688,41.082762,0
                -89.8628855,41.0827963,0
                -89.8631001,41.0901874,0
                -89.863143,41.0967368,0
                -89.8612976,41.0967206,0
                -89.8612761,41.099227,0
                -89.8658681,41.0992755,0
              </coordinates>
            </LinearRing>
          </outerBoundaryIs>
        </Polygon>
      </Placemark>
      <Placemark>
        <name>Toulon Ward 1</name>
        <description><![CDATA[description: <br>STATEFP10: <br>PLACEFP10: <br>PLACENS10: <br>GEOID10: <br>NAME10: <br>NAMELSAD10: <br>LSAD10: <br>CLASSFP10: <br>PCICBSA10: <br>PCINECTA10: <br>MTFCC10: <br>FUNCSTAT10: <br>ALAND10: <br>AWATER10: <br>INTPTLAT10: <br>INTPTLON10: ]]></description>
        <styleUrl>#poly-880E4F-1201-76</styleUrl>
        <ExtendedData>
          <Data name="description">
            <value/>
          </Data>
          <Data name="STATEFP10">
            <value/>
          </Data>
          <Data name="PLACEFP10">
            <value/>
          </Data>
          <Data name="PLACENS10">
            <value/>
          </Data>
          <Data name="GEOID10">
            <value/>
          </Data>
          <Data name="NAME10">
            <value/>
          </Data>
          <Data name="NAMELSAD10">
            <value/>
          </Data>
          <Data name="LSAD10">
            <value/>
          </Data>
          <Data name="CLASSFP10">
            <value/>
          </Data>
          <Data name="PCICBSA10">
            <value/>
          </Data>
          <Data name="PCINECTA10">
            <value/>
          </Data>
          <Data name="MTFCC10">
            <value/>
          </Data>
          <Data name="FUNCSTAT10">
            <value/>
          </Data>
          <Data name="ALAND10">
            <value/>
          </Data>
          <Data name="AWATER10">
            <value/>
          </Data>
          <Data name="INTPTLAT10">
            <value/>
          </Data>
          <Data name="INTPTLON10">
            <value/>
          </Data>
        </ExtendedData>
        <Polygon>
          <outerBoundaryIs>
            <LinearRing>
              <tessellate>1</tessellate>
              <coordinates>
                -89.8628855,41.0827963,0
                -89.859184,41.082787,0
                -89.859167,41.089102,0
                -89.861326,41.089107,0
                -89.861382,41.090029,0
                -89.861053,41.09003,0
                -89.861036,41.091426,0
                -89.853447,41.091446,0
                -89.853255,41.091346,0
                -89.846599,41.091277,0
                -89.840694,41.089394,0
                -89.840603,41.08963,0
                -89.840112,41.089467,0
                -89.840112,41.08963,0
                -89.838601,41.089192,0
                -89.8386,41.091324,0
                -89.8462987,41.0913518,0
                -89.847047,41.091634,0
                -89.84713,41.09308,0
                -89.847394,41.093191,0
                -89.849815,41.09317,0
                -89.849774,41.096725,0
                -89.854492,41.096799,0
                -89.854472,41.098591,0
                -89.857043,41.098592,0
                -89.857002,41.100136,0
                -89.859386,41.100118,0
                -89.859385,41.099188,0
                -89.8612761,41.099227,0
                -89.8612976,41.0967206,0
                -89.863143,41.0967368,0
                -89.8630571,41.0900256,0
                -89.8628855,41.0827963,0
              </coordinates>
            </LinearRing>
          </outerBoundaryIs>
        </Polygon>
      </Placemark>
      <Placemark>
        <name>Toulon Ward 3</name>
        <description><![CDATA[description: <br>STATEFP10: 17<br>PLACEFP10: 75783<br>PLACENS10: 02397040<br>GEOID10: 1775783<br>NAME10: Toulon<br>NAMELSAD10: Toulon city<br>LSAD10: 25<br>CLASSFP10: C1<br>PCICBSA10: N<br>PCINECTA10: N<br>MTFCC10: G4110<br>FUNCSTAT10: A<br>ALAND10: 2636198<br>AWATER10: 0<br>INTPTLAT10: +41.0933691<br>INTPTLON10: -089.8631567]]></description>
        <styleUrl>#poly-880E4F-1201-76</styleUrl>
        <ExtendedData>
          <Data name="description">
            <value/>
          </Data>
          <Data name="STATEFP10">
            <value>17</value>
          </Data>
          <Data name="PLACEFP10">
            <value>75783</value>
          </Data>
          <Data name="PLACENS10">
            <value>02397040</value>
          </Data>
          <Data name="GEOID10">
            <value>1775783</value>
          </Data>
          <Data name="NAME10">
            <value>Toulon</value>
          </Data>
          <Data name="NAMELSAD10">
            <value>Toulon city</value>
          </Data>
          <Data name="LSAD10">
            <value>25</value>
          </Data>
          <Data name="CLASSFP10">
            <value>C1</value>
          </Data>
          <Data name="PCICBSA10">
            <value>N</value>
          </Data>
          <Data name="PCINECTA10">
            <value>N</value>
          </Data>
          <Data name="MTFCC10">
            <value>G4110</value>
          </Data>
          <Data name="FUNCSTAT10">
            <value>A</value>
          </Data>
          <Data name="ALAND10">
            <value>2636198</value>
          </Data>
          <Data name="AWATER10">
            <value>0</value>
          </Data>
          <Data name="INTPTLAT10">
            <value>+41.0933691</value>
          </Data>
          <Data name="INTPTLON10">
            <value>-089.8631567</value>
          </Data>
        </ExtendedData>
        <Polygon>
          <outerBoundaryIs>
            <LinearRing>
              <tessellate>1</tessellate>
              <coordinates>
                -89.8671985,41.0939554,0
                -89.8658681,41.0939554,0
                -89.8658681,41.0992755,0
                -89.868688,41.099299,0
                -89.868687,41.099043,0
                -89.868687,41.098237,0
                -89.868745,41.098294,0
                -89.86882,41.098338,0
                -89.869175,41.098465,0
                -89.870416,41.099029,0
                -89.870443,41.098756,0
                -89.871755,41.099219,0
                -89.871752,41.099506,0
                -89.871822,41.099525,0
                -89.875071,41.100395,0
                -89.875524,41.100581,0
                -89.875565,41.099549,0
                -89.8768,41.099568,0
                -89.878504,41.099593,0
                -89.878496,41.098878,0
                -89.882632,41.098831,0
                -89.882604,41.099209,0
                -89.882613,41.099364,0
                -89.882632,41.099704,0
                -89.882654,41.099935,0
                -89.882596,41.100129,0
                -89.882571,41.100323,0
                -89.882604,41.100543,0
                -89.882652,41.100548,0
                -89.884183,41.100623,0
                -89.884172,41.100453,0
                -89.884203,41.100363,0
                -89.884472,41.099564,0
                -89.884777,41.09947,0
                -89.885382,41.09947,0
                -89.885775,41.099333,0
                -89.885775,41.098921,0
                -89.885584,41.098677,0
                -89.884168,41.098583,0
                -89.884049,41.098525,0
                -89.88378,41.098487,0
                -89.883521,41.098426,0
                -89.883336,41.098379,0
                -89.883292,41.098444,0
                -89.883061,41.098392,0
                -89.882924,41.098339,0
                -89.882858,41.098279,0
                -89.881873,41.097906,0
                -89.880382,41.097088,0
                -89.879707,41.09664,0
                -89.879653,41.09654,0
                -89.879641,41.096432,0
                -89.875902,41.095444,0
                -89.873087,41.094659,0
                -89.873071,41.094095,0
                -89.872943,41.091326,0
                -89.870685,41.091336,0
                -89.870719,41.088573,0
                -89.869911,41.088563,0
                -89.86987,41.086846,0
                -89.869863,41.085122,0
                -89.869875,41.084907,0
                -89.869741,41.0849,0
                -89.868692,41.084919,0
                -89.868715,41.086445,0
                -89.8670268,41.0864838,0
                -89.8671877,41.0899517,0
                -89.8671985,41.0939554,0
              </coordinates>
            </LinearRing>
          </outerBoundaryIs>
          <innerBoundaryIs>
            <LinearRing>
              <tessellate>1</tessellate>
              <coordinates>
                -89.873601,41.096136,0
                -89.873503,41.096262,0
                -89.873011,41.096279,0
                -89.873015,41.096371,0
                -89.872998,41.0971,0
                -89.873278,41.097109,0
                -89.873267,41.096678,0
                -89.874357,41.09667,0
                -89.874325,41.097369,0
                -89.87446,41.097365,0
                -89.874469,41.09766,0
                -89.874334,41.097664,0
                -89.873153,41.097658,0
                -89.873136,41.0978,0
                -89.873153,41.09797,0
                -89.874344,41.097977,0
                -89.874479,41.097977,0
                -89.874487,41.098298,0
                -89.874352,41.098298,0
                -89.873143,41.098284,0
                -89.873143,41.09857,0
                -89.874217,41.098575,0
                -89.874353,41.098564,0
                -89.874504,41.098567,0
                -89.874791,41.098573,0
                -89.875554,41.098567,0
                -89.877444,41.09855,0
                -89.878207,41.098543,0
                -89.878194,41.098353,0
                -89.878211,41.098249,0
                -89.878388,41.098099,0
                -89.878372,41.097398,0
                -89.877013,41.096443,0
                -89.877002,41.096592,0
                -89.876393,41.096586,0
                -89.875467,41.096576,0
                -89.87547,41.09611,0
                -89.875456,41.096123,0
                -89.874315,41.09613,0
                -89.873601,41.096136,0
              </coordinates>
            </LinearRing>
          </innerBoundaryIs>
        </Polygon>
      </Placemark>
    </Folder>
  </Document>
</kml>
